g ___01
v -0.667981 0 -0.0929681 0.333333 0.239216 0.184314
v 0.532019 0 -0.0929681 0.333333 0.239216 0.184314
v 0.532019 -0.1 -0.0929681 0.333333 0.239216 0.184314
v -0.667981 -0.1 -0.0929681 0.333333 0.239216 0.184314
v -0.667981 0 -0.0729681 0.333333 0.239216 0.184314
v -0.667981 -0.1 -0.0729681 0.333333 0.239216 0.184314
v 0.532019 -0.1 -0.0729681 0.333333 0.239216 0.184314
v 0.532019 0 -0.0729681 0.333333 0.239216 0.184314
vn -0 -0 -1
vn -1 0 0
vn 0 0 1
vn 0 1 0
vn 1 -0 -0
vn 2.42861e-16 -1 -0
vt -0.6 0
vt 0.6 0
vt 0.6 -0.1
vt -0.6 -0.1
vt 0 0.05
vt -0.02 0.05
vt -0.02 -0.05
vt 0 -0.05
vt -0.6 0
vt -0.6 -0.1
vt 0.6 -0.1
vt 0.6 0
vt 0 0.6
vt -0.02 0.6
vt -0.02 -0.6
vt 0 -0.6
vt 0 -0.05
vt -0.02 -0.05
vt -0.02 0.05
vt 0 0.05
vt 0.6 0
vt 0.6 -0.02
vt -0.6 -0.02
vt -0.6 0
f 1/1/1 2/2/1 3/3/1
f 3/3/1 4/4/1 1/1/1
f 5/5/2 1/6/2 4/7/2
f 4/7/2 6/8/2 5/5/2
f 5/9/3 6/10/3 7/11/3
f 7/11/3 8/12/3 5/9/3
f 8/13/4 2/14/4 1/15/4
f 1/15/4 5/16/4 8/13/4
f 7/17/5 3/18/5 2/19/5
f 2/19/5 8/20/5 7/17/5
f 6/21/6 4/22/6 3/23/6
f 3/23/6 7/24/6 6/21/6
g ___09_(1)
v 0.539586 -0.01 -0.400414 0.898039 0.898039 0.898039
v 0.529586 -0.01 -0.400414 0.898039 0.898039 0.898039
v 0.529586 -0.01 -0.100414 0.898039 0.898039 0.898039
v 0.539586 -0.01 -0.100414 0.898039 0.898039 0.898039
v 0.539586 -0.025 -0.400414 0.898039 0.898039 0.898039
v 0.529586 -0.025 -0.400414 0.898039 0.898039 0.898039
v 0.539586 -0.025 -0.100414 0.898039 0.898039 0.898039
v 0.529586 -0.025 -0.100414 0.898039 0.898039 0.898039
v 0.529586 -0.0254679 -0.0993923 0.898039 0.898039 0.898039
v 0.529586 -0.0260053 -0.0984052 0.898039 0.898039 0.898039
v 0.539586 -0.0254679 -0.0993923 0.898039 0.898039 0.898039
v 0.529586 -0.0266096 -0.0974576 0.898039 0.898039 0.898039
v 0.539586 -0.0260053 -0.0984052 0.898039 0.898039 0.898039
v 0.529586 -0.027278 -0.0965541 0.898039 0.898039 0.898039
v 0.539586 -0.0266096 -0.0974576 0.898039 0.898039 0.898039
v 0.529586 -0.0280073 -0.0956989 0.898039 0.898039 0.898039
v 0.539586 -0.027278 -0.0965541 0.898039 0.898039 0.898039
v 0.529586 -0.0287939 -0.0948962 0.898039 0.898039 0.898039
v 0.539586 -0.0280073 -0.0956989 0.898039 0.898039 0.898039
v 0.529586 -0.0296341 -0.0941497 0.898039 0.898039 0.898039
v 0.539586 -0.0287939 -0.0948962 0.898039 0.898039 0.898039
v 0.529586 -0.0305239 -0.0934631 0.898039 0.898039 0.898039
v 0.539586 -0.0296341 -0.0941497 0.898039 0.898039 0.898039
v 0.529586 -0.0314591 -0.0928397 0.898039 0.898039 0.898039
v 0.539586 -0.0305239 -0.0934631 0.898039 0.898039 0.898039
v 0.529586 -0.0324351 -0.0922824 0.898039 0.898039 0.898039
v 0.539586 -0.0314591 -0.0928397 0.898039 0.898039 0.898039
v 0.529586 -0.0334473 -0.0917939 0.898039 0.898039 0.898039
v 0.539586 -0.0324351 -0.0922824 0.898039 0.898039 0.898039
v 0.529586 -0.0344908 -0.0913765 0.898039 0.898039 0.898039
v 0.539586 -0.0334473 -0.0917939 0.898039 0.898039 0.898039
v 0.529586 -0.0355607 -0.0910323 0.898039 0.898039 0.898039
v 0.539586 -0.0344908 -0.0913765 0.898039 0.898039 0.898039
v 0.529586 -0.0366518 -0.0907628 0.898039 0.898039 0.898039
v 0.539586 -0.0355607 -0.0910323 0.898039 0.898039 0.898039
v 0.529586 -0.0377589 -0.0905694 0.898039 0.898039 0.898039
v 0.539586 -0.0366518 -0.0907628 0.898039 0.898039 0.898039
v 0.529586 -0.0388768 -0.090453 0.898039 0.898039 0.898039
v 0.539586 -0.0377589 -0.0905694 0.898039 0.898039 0.898039
v 0.529586 -0.04 -0.0904142 0.898039 0.898039 0.898039
v 0.539586 -0.0388768 -0.090453 0.898039 0.898039 0.898039
v 0.539586 -0.04 -0.0904142 0.898039 0.898039 0.898039
v 0.529586 0.000756141 -0.0864462 0.898039 0.898039 0.898039
v 0.529586 -0.0042777 -0.0878779 0.898039 0.898039 0.898039
v 0.529586 -0.0168035 -0.0903119 0.898039 0.898039 0.898039
v 0.529586 -0.00127546 -0.0867757 0.898039 0.898039 0.898039
v 0.529586 -0.02 -0.0904142 0.898039 0.898039 0.898039
v 0.529586 -0.01362 -0.0900054 0.898039 0.898039 0.898039
v 0.529586 -0.00734427 -0.088786 0.898039 0.898039 0.898039
v 0.529586 -0.0104626 -0.0894961 0.898039 0.898039 0.898039
v 0.529586 -0.00686578 -0.0945152 0.898039 0.898039 0.898039
v 0.529586 -0.00804183 -0.0964099 0.898039 0.898039 0.898039
v 0.529586 -0.00261492 -0.0893625 0.898039 0.898039 0.898039
v 0.529586 -0.0041462 -0.0909836 0.898039 0.898039 0.898039
v 0.529586 -0.000978351 -0.0878478 0.898039 0.898039 0.898039
v 0.529586 0.00258074 -0.0851642 0.898039 0.898039 0.898039
v 0.529586 0.00165018 -0.0854838 0.898039 0.898039 0.898039
v 0.529586 -0.00556528 -0.0927038 0.898039 0.898039 0.898039
v 0.529586 0.00448723 -0.0840075 0.898039 0.898039 0.898039
v 0.529586 -0.00908814 -0.0983791 0.898039 0.898039 0.898039
v 0.539586 -0.0042777 -0.0878779 0.898039 0.898039 0.898039
v 0.539586 -0.00734427 -0.088786 0.898039 0.898039 0.898039
v 0.539586 0.000756141 -0.0864462 0.898039 0.898039 0.898039
v 0.539586 -0.00127546 -0.0867757 0.898039 0.898039 0.898039
v 0.539586 0.00258074 -0.0851642 0.898039 0.898039 0.898039
v 0.539586 0.00165018 -0.0854838 0.898039 0.898039 0.898039
v 0.539586 -0.00261492 -0.0893625 0.898039 0.898039 0.898039
v 0.539586 -0.000978351 -0.0878478 0.898039 0.898039 0.898039
v 0.539586 -0.00556528 -0.0927038 0.898039 0.898039 0.898039
v 0.539586 -0.0041462 -0.0909836 0.898039 0.898039 0.898039
v 0.539586 -0.00804183 -0.0964099 0.898039 0.898039 0.898039
v 0.539586 -0.00686578 -0.0945152 0.898039 0.898039 0.898039
v 0.539586 -0.0104626 -0.0894961 0.898039 0.898039 0.898039
v 0.539586 0.00448723 -0.0840075 0.898039 0.898039 0.898039
v 0.539586 -0.01362 -0.0900054 0.898039 0.898039 0.898039
v 0.539586 -0.0168035 -0.0903119 0.898039 0.898039 0.898039
v 0.539586 -0.02 -0.0904142 0.898039 0.898039 0.898039
v 0.539586 -0.00908814 -0.0983791 0.898039 0.898039 0.898039
vn -9.7099e-33 1 6.36065e-17
vn 1.52656e-16 0 -1
vn -3.53087e-33 -1 2.31296e-17
vn 6.83134e-17 -0.894284 -0.4475
vn 5.87137e-17 -0.923077 -0.384615
vn 7.75863e-17 -0.861213 -0.508244
vn 6.83134e-17 -0.894284 -0.4475
vn 8.64881e-17 -0.824023 -0.566557
vn 7.75863e-17 -0.861213 -0.508244
vn 9.49762e-17 -0.78289 -0.62216
vn 8.64881e-17 -0.824023 -0.566557
vn 1.0301e-16 -0.738013 -0.674786
vn 9.49762e-17 -0.78289 -0.62216
vn 1.10551e-16 -0.689606 -0.724185
vn 1.0301e-16 -0.738013 -0.674786
vn 1.17563e-16 -0.6379 -0.77012
vn 1.10551e-16 -0.689606 -0.724185
vn 1.24013e-16 -0.583142 -0.81237
vn 1.17563e-16 -0.6379 -0.77012
vn 1.2987e-16 -0.525595 -0.850735
vn 1.24013e-16 -0.583142 -0.81237
vn 1.35105e-16 -0.465534 -0.88503
vn 1.2987e-16 -0.525595 -0.850735
vn 1.39694e-16 -0.403245 -0.915092
vn 1.35105e-16 -0.465534 -0.88503
vn 1.43615e-16 -0.339028 -0.940776
vn 1.39694e-16 -0.403245 -0.915092
vn 1.46849e-16 -0.27319 -0.96196
vn 1.43615e-16 -0.339028 -0.940776
vn 1.4938e-16 -0.206044 -0.978543
vn 1.46849e-16 -0.27319 -0.96196
vn 1.51197e-16 -0.137913 -0.990444
vn 1.4938e-16 -0.206044 -0.978543
vn 1.52291e-16 -0.0691216 -0.997608
vn 1.51197e-16 -0.137913 -0.990444
vn 1.52656e-16 0 -1
vn 1.52291e-16 -0.0691216 -0.997608
vn -1 -0 -1.52656e-16
vn 1 0 1.52656e-16
vn -1.52656e-16 0 1
vn -1.52343e-16 -0.063931 0.997954
vn -1.51408e-16 -0.1276 0.991826
vn -1.49853e-16 -0.190748 0.981639
vn -1.47685e-16 -0.253115 0.967436
vn -1.44912e-16 -0.314446 0.949275
vn -1.41547e-16 -0.374491 0.927231
vn -1.37603e-16 -0.433004 0.901392
vn -1.33095e-16 -0.489745 0.871866
vn 1.2778e-16 0.547126 -0.83705
vn 1.33095e-16 0.489745 -0.871866
vn 1.2189e-16 0.602043 -0.798463
vn 1.2778e-16 0.547126 -0.83705
vn 1.1545e-16 0.654248 -0.75628
vn 1.2189e-16 0.602043 -0.798463
vn 1.08491e-16 0.703506 -0.710689
vn 1.1545e-16 0.654248 -0.75628
vn 1.01042e-16 0.749595 -0.661897
vn 1.08491e-16 0.703506 -0.710689
vn 9.31388e-17 0.792306 -0.610123
vn 1.01042e-16 0.749595 -0.661897
vn 8.48157e-17 0.831449 -0.555601
vn 9.31388e-17 0.792306 -0.610123
vn 7.61105e-17 0.866846 -0.498576
vn 8.48157e-17 0.831449 -0.555601
vn 6.70624e-17 0.898338 -0.439305
vn 7.61105e-17 0.866846 -0.498576
vn 5.77122e-17 0.925783 -0.378055
vn 6.70624e-17 0.898338 -0.439305
vt -0.15 0
vt -0.15 -0.01
vt 0.15 -0.01
vt 0.15 0
vt 0 -0.0075
vt -0.01 -0.0075
vt -0.01 0.0075
vt 0 0.0075
vt 0.15 0
vt 0.15 -0.01
vt -0.15 -0.01
vt -0.15 0
vt 1.10683 0.01
vt 1.17601 0.01
vt 1.17601 0
vt 1.03765 0.01
vt 1.10683 0
vt 0.968475 0.01
vt 1.03765 0
vt 0.899298 0.01
vt 0.968475 0
vt 0.830121 0.01
vt 0.899298 0
vt 0.760945 0.01
vt 0.830121 0
vt 0.691768 0.01
vt 0.760945 0
vt 0.622591 0.01
vt 0.691768 0
vt 0.553414 0.01
vt 0.622591 0
vt 0.484237 0.01
vt 0.553414 0
vt 0.415061 0.01
vt 0.484237 0
vt 0.345884 0.01
vt 0.415061 0
vt 0.276707 0.01
vt 0.345884 0
vt 0.20753 0.01
vt 0.276707 0
vt 0.138354 0.01
vt 0.20753 0
vt 0.0691768 0.01
vt 0.138354 0
vt 0 0.01
vt 0.0691768 0
vt 0 0
vt 0.186032 0.000756141
vt 0.198978 -0.0254679
vt 0.187464 -0.0042777
vt 0.197991 -0.0260053
vt 0.197043 -0.0266096
vt 0.189898 -0.0168035
vt 0.186362 -0.00127546
vt 0.19614 -0.027278
vt 0.19 -0.02
vt 0.189591 -0.01362
vt 0.188372 -0.00734427
vt 0.189082 -0.0104626
vt 0.194101 -0.00686578
vt 0.195996 -0.00804183
vt 0.188948 -0.00261492
vt 0.190569 -0.0041462
vt 0.187434 -0.000978351
vt 0.195285 -0.0280073
vt 0.18475 0.00258074
vt 0.18507 0.00165018
vt 0.19229 -0.00556528
vt 0.183593 0.00448723
vt 0.194482 -0.0287939
vt 0.2 -0.025
vt 0.190155 -0.0377589
vt 0.190039 -0.0388768
vt 0.191868 -0.0324351
vt 0.19138 -0.0334473
vt 0.193736 -0.0296341
vt 0.193049 -0.0305239
vt 0.190349 -0.0366518
vt 0.190962 -0.0344908
vt 0.190618 -0.0355607
vt 0.192426 -0.0314591
vt 0.5 -0.025
vt 0.2 -0.01
vt 0.197965 -0.00908814
vt 0.5 -0.01
vt 0.19 -0.04
vt 0.198978 -0.0254679
vt 0.187464 -0.0042777
vt 0.188372 -0.00734427
vt 0.186032 0.000756141
vt 0.186362 -0.00127546
vt 0.18475 0.00258074
vt 0.18507 0.00165018
vt 0.19614 -0.027278
vt 0.197043 -0.0266096
vt 0.194482 -0.0287939
vt 0.195285 -0.0280073
vt 0.188948 -0.00261492
vt 0.187434 -0.000978351
vt 0.19229 -0.00556528
vt 0.190569 -0.0041462
vt 0.2 -0.025
vt 0.195996 -0.00804183
vt 0.194101 -0.00686578
vt 0.197991 -0.0260053
vt 0.193736 -0.0296341
vt 0.189082 -0.0104626
vt 0.193049 -0.0305239
vt 0.183593 0.00448723
vt 0.189591 -0.01362
vt 0.192426 -0.0314591
vt 0.189898 -0.0168035
vt 0.190962 -0.0344908
vt 0.19138 -0.0334473
vt 0.19 -0.02
vt 0.19 -0.04
vt 0.190039 -0.0388768
vt 0.191868 -0.0324351
vt 0.190349 -0.0366518
vt 0.190618 -0.0355607
vt 0.190155 -0.0377589
vt 0.2 -0.01
vt 0.197965 -0.00908814
vt 0.5 -0.01
vt 0.5 -0.025
vt 0 0.135
vt 0.01 0.135
vt 0.01 0.115
vt 0 0.115
vt 3.07762 0.01
vt 3.14159 0.01
vt 3.14159 -0
vt 3.01364 0.01
vt 3.07762 -0
vt 2.94967 0.01
vt 3.01364 -0
vt 2.88569 0.01
vt 2.94967 -0
vt 2.82172 0.01
vt 2.88569 -0
vt 2.75775 0.01
vt 2.82172 -0
vt 2.69377 0.01
vt 2.75775 -0
vt 2.6298 0.01
vt 2.69377 -0
vt 2.6298 -0
vt 5.70426 0.01
vt 5.77139 0.01
vt 5.77139 0
vt 5.63713 0.01
vt 5.70426 0
vt 5.57 0.01
vt 5.63713 0
vt 5.50287 0.01
vt 5.57 0
vt 5.43574 0.01
vt 5.50287 0
vt 5.36861 0.01
vt 5.43574 0
vt 5.30147 0.01
vt 5.36861 0
vt 5.23434 0.01
vt 5.30147 0
vt 5.16721 0.01
vt 5.23434 0
vt 5.10008 0.01
vt 5.16721 0
vt 5.10008 0
f 9/25/7 10/26/7 11/27/7
f 11/27/7 12/28/7 9/25/7
f 13/29/8 14/30/8 10/31/8
f 10/31/8 9/32/8 13/29/8
f 15/33/9 16/34/9 14/35/9
f 14/35/9 13/36/9 15/33/9
f 17/37/10 16/38/11 15/39/11
f 18/40/12 17/37/10 19/41/13
f 20/42/14 18/40/12 21/43/15
f 22/44/16 20/42/14 23/45/17
f 24/46/18 22/44/16 25/47/19
f 26/48/20 24/46/18 27/49/21
f 28/50/22 26/48/20 29/51/23
f 30/52/24 28/50/22 31/53/25
f 32/54/26 30/52/24 33/55/27
f 34/56/28 32/54/26 35/57/29
f 36/58/30 34/56/28 37/59/31
f 38/60/32 36/58/30 39/61/33
f 40/62/34 38/60/32 41/63/35
f 42/64/36 40/62/34 43/65/37
f 44/66/38 42/64/36 45/67/39
f 46/68/40 44/66/38 47/69/41
f 48/70/42 46/68/40 49/71/43
f 49/71/43 50/72/42 48/70/42
f 47/69/41 49/71/43 46/68/40
f 45/67/39 47/69/41 44/66/38
f 43/65/37 45/67/39 42/64/36
f 41/63/35 43/65/37 40/62/34
f 39/61/33 41/63/35 38/60/32
f 37/59/31 39/61/33 36/58/30
f 35/57/29 37/59/31 34/56/28
f 33/55/27 35/57/29 32/54/26
f 31/53/25 33/55/27 30/52/24
f 29/51/23 31/53/25 28/50/22
f 27/49/21 29/51/23 26/48/20
f 25/47/19 27/49/21 24/46/18
f 23/45/17 25/47/19 22/44/16
f 21/43/15 23/45/17 20/42/14
f 19/41/13 21/43/15 18/40/12
f 15/39/11 19/41/13 17/37/10
f 51/73/44 17/74/44 52/75/44
f 18/76/44 20/77/44 53/78/44
f 52/75/44 54/79/44 51/73/44
f 20/77/44 22/80/44 55/81/44
f 53/78/44 56/82/44 18/76/44
f 17/74/44 57/83/44 52/75/44
f 17/74/44 18/76/44 58/84/44
f 17/74/44 59/85/44 60/86/44
f 17/74/44 61/87/44 62/88/44
f 17/74/44 51/73/44 63/89/44
f 55/81/44 22/80/44 24/90/44
f 56/82/44 58/84/44 18/76/44
f 58/84/44 57/83/44 17/74/44
f 64/91/44 54/79/44 65/92/44
f 17/74/44 66/93/44 59/85/44
f 63/89/44 61/87/44 17/74/44
f 55/81/44 53/78/44 20/77/44
f 65/92/44 67/94/44 64/91/44
f 62/88/44 66/93/44 17/74/44
f 24/90/44 26/95/44 55/81/44
f 60/86/44 16/96/44 17/74/44
f 55/81/44 44/97/44 46/98/44
f 55/81/44 34/99/44 36/100/44
f 55/81/44 28/101/44 30/102/44
f 54/79/44 64/91/44 51/73/44
f 55/81/44 42/103/44 44/97/44
f 55/81/44 38/104/44 40/105/44
f 55/81/44 32/106/44 34/99/44
f 26/95/44 28/101/44 55/81/44
f 40/105/44 42/103/44 55/81/44
f 30/102/44 32/106/44 55/81/44
f 14/107/44 16/96/44 11/108/44
f 16/96/44 60/86/44 68/109/44
f 36/100/44 38/104/44 55/81/44
f 68/109/44 11/108/44 16/96/44
f 11/108/44 10/110/44 14/107/44
f 46/98/44 48/111/44 55/81/44
f 19/112/45 69/113/45 70/114/45
f 71/115/45 72/116/45 69/113/45
f 69/113/45 19/112/45 71/115/45
f 71/115/45 73/117/45 74/118/45
f 70/114/45 25/119/45 23/120/45
f 70/114/45 29/121/45 27/122/45
f 19/112/45 75/123/45 76/124/45
f 19/112/45 77/125/45 78/126/45
f 19/112/45 15/127/45 79/128/45
f 74/118/45 72/116/45 71/115/45
f 27/122/45 25/119/45 70/114/45
f 78/126/45 75/123/45 19/112/45
f 79/128/45 80/129/45 19/112/45
f 70/114/45 21/130/45 19/112/45
f 70/114/45 31/131/45 29/121/45
f 31/131/45 70/114/45 81/132/45
f 80/129/45 77/125/45 19/112/45
f 23/120/45 21/130/45 70/114/45
f 81/132/45 33/133/45 31/131/45
f 73/117/45 82/134/45 74/118/45
f 83/135/45 35/136/45 33/133/45
f 35/136/45 83/135/45 84/137/45
f 84/137/45 41/138/45 39/139/45
f 41/138/45 84/137/45 85/140/45
f 85/140/45 50/141/45 49/142/45
f 81/132/45 83/135/45 33/133/45
f 39/139/45 37/143/45 84/137/45
f 85/140/45 45/144/45 43/145/45
f 49/142/45 47/146/45 85/140/45
f 15/127/45 12/147/45 86/148/45
f 9/149/45 12/147/45 15/127/45
f 84/137/45 37/143/45 35/136/45
f 47/146/45 45/144/45 85/140/45
f 15/127/45 13/150/45 9/149/45
f 85/140/45 43/145/45 41/138/45
f 76/124/45 71/115/45 19/112/45
f 86/148/45 79/128/45 15/127/45
f 85/151/46 55/152/46 48/153/46
f 48/153/46 50/154/46 85/151/46
f 53/155/47 55/156/46 85/157/46
f 56/158/48 53/155/47 84/159/47
f 58/160/49 56/158/48 83/161/48
f 57/162/50 58/160/49 81/163/49
f 52/164/51 57/162/50 70/165/50
f 54/166/52 52/164/51 69/167/51
f 65/168/53 54/166/52 72/169/52
f 67/170/54 65/168/53 74/171/53
f 74/171/53 82/172/54 67/170/54
f 72/169/52 74/171/53 65/168/53
f 69/167/51 72/169/52 54/166/52
f 70/165/50 69/167/51 52/164/51
f 81/163/49 70/165/50 57/162/50
f 83/161/48 81/163/49 58/160/49
f 84/159/47 83/161/48 56/158/48
f 85/157/46 84/159/47 53/155/47
f 64/173/55 67/174/56 82/175/56
f 51/176/57 64/173/55 73/177/58
f 63/178/59 51/176/57 71/179/60
f 61/180/61 63/178/59 76/181/62
f 62/182/63 61/180/61 75/183/64
f 66/184/65 62/182/63 78/185/66
f 59/186/67 66/184/65 77/187/68
f 60/188/69 59/186/67 80/189/70
f 68/190/71 60/188/69 79/191/72
f 11/192/73 68/190/71 86/193/74
f 86/193/74 12/194/73 11/192/73
f 79/191/72 86/193/74 68/190/71
f 80/189/70 79/191/72 60/188/69
f 77/187/68 80/189/70 59/186/67
f 78/185/66 77/187/68 66/184/65
f 75/183/64 78/185/66 62/182/63
f 76/181/62 75/183/64 61/180/61
f 71/179/60 76/181/62 63/178/59
f 73/177/58 71/179/60 51/176/57
f 82/175/56 73/177/58 64/173/55
g ___01_(1)
v 0.103087 0.0383967 -0.082909 0.627451 0.627451 0.643137
v 0.107073 0.0365379 -0.0791717 0.627451 0.627451 0.643137
v 0.107187 0.0364848 -0.0791717 0.627451 0.627451 0.643137
v 0.106959 0.036591 -0.0791717 0.627451 0.627451 0.643137
v 0.106845 0.0366441 -0.0791717 0.627451 0.627451 0.643137
v 0.106731 0.0366973 -0.0791717 0.627451 0.627451 0.643137
v 0.106618 0.0367504 -0.0791717 0.627451 0.627451 0.643137
v 0.106504 0.0368035 -0.0791717 0.627451 0.627451 0.643137
v 0.10639 0.0368566 -0.0791717 0.627451 0.627451 0.643137
v 0.106276 0.0369097 -0.0791717 0.627451 0.627451 0.643137
v 0.106162 0.0369628 -0.0791717 0.627451 0.627451 0.643137
v 0.106048 0.0370159 -0.0791717 0.627451 0.627451 0.643137
v 0.105934 0.037069 -0.0791717 0.627451 0.627451 0.643137
v 0.10582 0.0371221 -0.0791717 0.627451 0.627451 0.643137
v 0.105706 0.0371752 -0.0791717 0.627451 0.627451 0.643137
v 0.105592 0.0372283 -0.0791717 0.627451 0.627451 0.643137
v 0.105479 0.0372815 -0.0791717 0.627451 0.627451 0.643137
v 0.10172 0.0390341 -0.0810403 0.627451 0.627451 0.643137
v 0.103315 0.0382905 -0.0791717 0.627451 0.627451 0.643137
v 0.103542 0.0381843 -0.0791717 0.627451 0.627451 0.643137
v 0.105365 0.0373346 -0.0791717 0.627451 0.627451 0.643137
v 0.103087 0.0383967 -0.0791717 0.627451 0.627451 0.643137
v 0.105251 0.0373877 -0.0791717 0.627451 0.627451 0.643137
v 0.102859 0.038503 -0.0791717 0.627451 0.627451 0.643137
v 0.105137 0.0374408 -0.0791717 0.627451 0.627451 0.643137
v 0.102631 0.0386092 -0.0791717 0.627451 0.627451 0.643137
v 0.105023 0.0374939 -0.0791717 0.627451 0.627451 0.643137
v 0.102403 0.0387154 -0.0791717 0.627451 0.627451 0.643137
v 0.104909 0.037547 -0.0791717 0.627451 0.627451 0.643137
v 0.102176 0.0388216 -0.0791717 0.627451 0.627451 0.643137
v 0.104795 0.0376001 -0.0791717 0.627451 0.627451 0.643137
v 0.101948 0.0389278 -0.0791717 0.627451 0.627451 0.643137
v 0.104681 0.0376532 -0.0791717 0.627451 0.627451 0.643137
v 0.10172 0.0390341 -0.0791717 0.627451 0.627451 0.643137
v 0.101265 0.0392465 -0.0804174 0.627451 0.627451 0.643137
v 0.104454 0.0377594 -0.0791717 0.627451 0.627451 0.643137
v 0.102176 0.0388216 -0.0816632 0.627451 0.627451 0.643137
v 0.10377 0.0380781 -0.0791717 0.627451 0.627451 0.643137
v 0.103542 0.0381843 -0.0835319 0.627451 0.627451 0.643137
v 0.107301 0.0364317 -0.0791717 0.627451 0.627451 0.643137
v 0.101265 0.0392465 -0.0791717 0.627451 0.627451 0.643137
v 0.100809 0.0394589 -0.0797946 0.627451 0.627451 0.643137
v 0.104226 0.0378657 -0.0791717 0.627451 0.627451 0.643137
v 0.103998 0.0379719 -0.0791717 0.627451 0.627451 0.643137
v 0.102631 0.0386092 -0.0822861 0.627451 0.627451 0.643137
v 0.103998 0.0379719 -0.0841548 0.627451 0.627451 0.643137
v 0.107415 0.0363786 -0.0791717 0.627451 0.627451 0.643137
v 0.107529 0.0363255 -0.0791717 0.627451 0.627451 0.643137
v 0.107643 0.0362724 -0.0791717 0.627451 0.627451 0.643137
v 0.106276 0.0369097 -0.0872692 0.627451 0.627451 0.643137
v 0.10582 0.0371221 -0.0866463 0.627451 0.627451 0.643137
v 0.107643 0.0362724 -0.0891378 0.627451 0.627451 0.643137
v 0.107187 0.0364848 -0.0885149 0.627451 0.627451 0.643137
v 0.100809 0.0394589 -0.0791717 0.627451 0.627451 0.643137
v 0.104909 0.037547 -0.0854005 0.627451 0.627451 0.643137
v 0.104454 0.0377594 -0.0847776 0.627451 0.627451 0.643137
v 0.105365 0.0373346 -0.0860234 0.627451 0.627451 0.643137
v 0.106731 0.0366973 -0.0878921 0.627451 0.627451 0.643137
v 0.100353 0.0396714 -0.0791717 0.627451 0.627451 0.643137
v 0.107444 0.0358475 -0.0791717 0.627451 0.627451 0.643137
v 0.106553 0.0339356 -0.0822861 0.627451 0.627451 0.643137
v 0.106602 0.0340418 -0.0825975 0.627451 0.627451 0.643137
v 0.107147 0.0352102 -0.0860234 0.627451 0.627451 0.643137
v 0.107246 0.0354226 -0.0866463 0.627451 0.627451 0.643137
v 0.106701 0.0342542 -0.0832204 0.627451 0.627451 0.643137
v 0.106751 0.0343605 -0.0835319 0.627451 0.627451 0.643137
v 0.106652 0.034148 -0.082909 0.627451 0.627451 0.643137
v 0.106454 0.0337231 -0.0816632 0.627451 0.627451 0.643137
v 0.106503 0.0338294 -0.0819747 0.627451 0.627451 0.643137
v 0.106231 0.0332452 -0.0802617 0.627451 0.627451 0.643137
v 0.107271 0.0354757 -0.0791717 0.627451 0.627451 0.643137
v 0.107246 0.0354226 -0.0791717 0.627451 0.627451 0.643137
v 0.106181 0.0331389 -0.0799503 0.627451 0.627451 0.643137
v 0.106875 0.034626 -0.0791717 0.627451 0.627451 0.643137
v 0.10685 0.0345729 -0.0791717 0.627451 0.627451 0.643137
v 0.107048 0.0349978 -0.0854005 0.627451 0.627451 0.643137
v 0.10685 0.0345729 -0.0841548 0.627451 0.627451 0.643137
v 0.1069 0.0346791 -0.0844662 0.627451 0.627451 0.643137
v 0.106404 0.0336169 -0.0813518 0.627451 0.627451 0.643137
v 0.106206 0.033192 -0.080106 0.627451 0.627451 0.643137
v 0.106157 0.0330858 -0.0797946 0.627451 0.627451 0.643137
v 0.106677 0.0342011 -0.0791717 0.627451 0.627451 0.643137
v 0.106652 0.034148 -0.0791717 0.627451 0.627451 0.643137
v 0.107345 0.0356351 -0.0872692 0.627451 0.627451 0.643137
v 0.106801 0.0344667 -0.0838433 0.627451 0.627451 0.643137
v 0.106256 0.0332983 -0.0804174 0.627451 0.627451 0.643137
v 0.107296 0.0355289 -0.0791717 0.627451 0.627451 0.643137
v 0.10628 0.0333514 -0.0805732 0.627451 0.627451 0.643137
v 0.10737 0.0356882 -0.0791717 0.627451 0.627451 0.643137
v 0.107345 0.0356351 -0.0791717 0.627451 0.627451 0.643137
v 0.1069 0.0346791 -0.0791717 0.627451 0.627451 0.643137
v 0.107073 0.0350509 -0.0791717 0.627451 0.627451 0.643137
v 0.107048 0.0349978 -0.0791717 0.627451 0.627451 0.643137
v 0.107147 0.0352102 -0.0791717 0.627451 0.627451 0.643137
v 0.107122 0.0351571 -0.0791717 0.627451 0.627451 0.643137
v 0.107222 0.0353695 -0.0791717 0.627451 0.627451 0.643137
v 0.107197 0.0353164 -0.0791717 0.627451 0.627451 0.643137
v 0.106132 0.0330327 -0.0796388 0.627451 0.627451 0.643137
v 0.106479 0.0337762 -0.0791717 0.627451 0.627451 0.643137
v 0.106454 0.0337231 -0.0791717 0.627451 0.627451 0.643137
v 0.106553 0.0339356 -0.0791717 0.627451 0.627451 0.643137
v 0.106528 0.0338825 -0.0791717 0.627451 0.627451 0.643137
v 0.106701 0.0342542 -0.0791717 0.627451 0.627451 0.643137
v 0.106751 0.0343605 -0.0791717 0.627451 0.627451 0.643137
v 0.106726 0.0343073 -0.0791717 0.627451 0.627451 0.643137
v 0.106949 0.0347853 -0.0847776 0.627451 0.627451 0.643137
v 0.106305 0.0334045 -0.0807289 0.627451 0.627451 0.643137
v 0.106355 0.0335107 -0.0810403 0.627451 0.627451 0.643137
v 0.107321 0.035582 -0.0791717 0.627451 0.627451 0.643137
v 0.107395 0.0357413 -0.0791717 0.627451 0.627451 0.643137
v 0.10742 0.0357944 -0.0791717 0.627451 0.627451 0.643137
v 0.106924 0.0347322 -0.0791717 0.627451 0.627451 0.643137
v 0.107023 0.0349447 -0.0791717 0.627451 0.627451 0.643137
v 0.107172 0.0352633 -0.0791717 0.627451 0.627451 0.643137
v 0.106107 0.0329796 -0.0794831 0.627451 0.627451 0.643137
v 0.106503 0.0338294 -0.0791717 0.627451 0.627451 0.643137
v 0.106602 0.0340418 -0.0791717 0.627451 0.627451 0.643137
v 0.106578 0.0339887 -0.0791717 0.627451 0.627451 0.643137
v 0.106825 0.0345198 -0.0791717 0.627451 0.627451 0.643137
v 0.106801 0.0344667 -0.0791717 0.627451 0.627451 0.643137
v 0.107494 0.0359537 -0.0791717 0.627451 0.627451 0.643137
v 0.107444 0.0358475 -0.0878921 0.627451 0.627451 0.643137
v 0.107593 0.0361662 -0.0791717 0.627451 0.627451 0.643137
v 0.107543 0.0360599 -0.0791717 0.627451 0.627451 0.643137
v 0.107543 0.0360599 -0.0885149 0.627451 0.627451 0.643137
v 0.106949 0.0347853 -0.0791717 0.627451 0.627451 0.643137
v 0.106999 0.0348915 -0.0791717 0.627451 0.627451 0.643137
v 0.106974 0.0348384 -0.0791717 0.627451 0.627451 0.643137
v 0.107098 0.035104 -0.0791717 0.627451 0.627451 0.643137
v 0.106627 0.0340949 -0.0791717 0.627451 0.627451 0.643137
v 0.106776 0.0344136 -0.0791717 0.627451 0.627451 0.643137
v 0.106107 0.0329796 -0.0791717 0.627451 0.627451 0.643137
v 0.106058 0.0328734 -0.0791717 0.627451 0.627451 0.643137
v 0.106082 0.0329265 -0.0793274 0.627451 0.627451 0.643137
v 0.106157 0.0330858 -0.0791717 0.627451 0.627451 0.643137
v 0.106206 0.033192 -0.0791717 0.627451 0.627451 0.643137
v 0.106305 0.0334045 -0.0791717 0.627451 0.627451 0.643137
v 0.106256 0.0332983 -0.0791717 0.627451 0.627451 0.643137
v 0.106404 0.0336169 -0.0791717 0.627451 0.627451 0.643137
v 0.106355 0.0335107 -0.0791717 0.627451 0.627451 0.643137
v 0.105237 0.0364848 -0.0816535 0.627451 0.627451 0.643137
v 0.105335 0.0363786 -0.0818189 0.627451 0.627451 0.643137
v 0.105424 0.0362724 -0.0816632 0.627451 0.627451 0.643137
v 0.106761 0.0346791 -0.083999 0.627451 0.627451 0.643137
v 0.106802 0.0347853 -0.0843007 0.627451 0.627451 0.643137
v 0.106851 0.0346526 -0.0792094 0.627451 0.627451 0.643137
v 0.106828 0.0345994 -0.0792106 0.627451 0.627451 0.643137
v 0.104181 0.037547 -0.0827143 0.627451 0.627451 0.643137
v 0.104533 0.0373346 -0.0832204 0.627451 0.627451 0.643137
v 0.104711 0.0371221 -0.082909 0.627451 0.627451 0.643137
v 0.104553 0.0372283 -0.0804953 0.627451 0.627451 0.643137
v 0.104711 0.0371221 -0.0804174 0.627451 0.627451 0.643137
v 0.104622 0.0372283 -0.0802617 0.627451 0.627451 0.643137
v 0.104607 0.0371221 -0.0821693 0.627451 0.627451 0.643137
v 0.104889 0.0369097 -0.0825975 0.627451 0.627451 0.643137
v 0.105067 0.0366973 -0.0822861 0.627451 0.627451 0.643137
v 0.104944 0.0368035 -0.0811571 0.627451 0.627451 0.643137
v 0.105067 0.0366973 -0.0810403 0.627451 0.627451 0.643137
v 0.104978 0.0368035 -0.0808846 0.627451 0.627451 0.643137
v 0.104926 0.0368035 -0.0817605 0.627451 0.627451 0.643137
v 0.105157 0.036591 -0.0821304 0.627451 0.627451 0.643137
v 0.105246 0.0364848 -0.0819747 0.627451 0.627451 0.643137
v 0.105139 0.036591 -0.081488 0.627451 0.627451 0.643137
v 0.105246 0.0364848 -0.0813518 0.627451 0.627451 0.643137
v 0.105157 0.036591 -0.0811961 0.627451 0.627451 0.643137
v 0.105033 0.0366973 -0.0816243 0.627451 0.627451 0.643137
v 0.105335 0.0363786 -0.0815075 0.627451 0.627451 0.643137
v 0.10482 0.0369097 -0.0812739 0.627451 0.627451 0.643137
v 0.105042 0.0366973 -0.0813226 0.627451 0.627451 0.643137
v 0.10482 0.0369097 -0.0818968 0.627451 0.627451 0.643137
v 0.104696 0.0370159 -0.0813907 0.627451 0.627451 0.643137
v 0.104466 0.0372283 -0.0810209 0.627451 0.627451 0.643137
v 0.104713 0.0370159 -0.0810987 0.627451 0.627451 0.643137
v 0.104748 0.0370159 -0.0808262 0.627451 0.627451 0.643137
v 0.104889 0.0369097 -0.0807289 0.627451 0.627451 0.643137
v 0.1048 0.0370159 -0.0805732 0.627451 0.627451 0.643137
v 0.104846 0.0369097 -0.0809917 0.627451 0.627451 0.643137
v 0.10465 0.0371221 -0.0806608 0.627451 0.627451 0.643137
v 0.104607 0.0371221 -0.0809235 0.627451 0.627451 0.643137
v 0.104501 0.0372283 -0.0807484 0.627451 0.627451 0.643137
v 0.104572 0.0371221 -0.0815075 0.627451 0.627451 0.643137
v 0.104077 0.037547 -0.0807289 0.627451 0.627451 0.643137
v 0.104325 0.0373346 -0.0811182 0.627451 0.627451 0.643137
v 0.104351 0.0373346 -0.0808359 0.627451 0.627451 0.643137
v 0.104394 0.0373346 -0.0805732 0.627451 0.627451 0.643137
v 0.104449 0.0372283 -0.0816243 0.627451 0.627451 0.643137
v 0.104394 0.0373346 -0.0824418 0.627451 0.627451 0.643137
v 0.104325 0.0373346 -0.0817411 0.627451 0.627451 0.643137
v 0.104077 0.037547 -0.0819747 0.627451 0.627451 0.643137
v 0.104042 0.037547 -0.0813128 0.627451 0.627451 0.643137
v 0.104184 0.0374408 -0.0812155 0.627451 0.627451 0.643137
v 0.103919 0.0376532 -0.0808068 0.627451 0.627451 0.643137
v 0.10376 0.0377594 -0.0815075 0.627451 0.627451 0.643137
v 0.10376 0.0377594 -0.0808846 0.627451 0.627451 0.643137
v 0.103602 0.0378657 -0.0809625 0.627451 0.627451 0.643137
v 0.103654 0.0378657 -0.080398 0.627451 0.627451 0.643137
v 0.103953 0.0376532 -0.0805342 0.627451 0.627451 0.643137
v 0.104161 0.0376532 -0.0798335 0.627451 0.627451 0.643137
v 0.104354 0.037547 -0.0797946 0.627451 0.627451 0.643137
v 0.104265 0.0376532 -0.0796388 0.627451 0.627451 0.643137
v 0.104236 0.0374408 -0.080651 0.627451 0.627451 0.643137
v 0.104288 0.0374408 -0.080398 0.627451 0.627451 0.643137
v 0.104357 0.0374408 -0.0801644 0.627451 0.627451 0.643137
v 0.104533 0.0373346 -0.080106 0.627451 0.627451 0.643137
v 0.104444 0.0374408 -0.0799503 0.627451 0.627451 0.643137
v 0.104455 0.0373346 -0.0803299 0.627451 0.627451 0.643137
v 0.104259 0.037547 -0.0799989 0.627451 0.627451 0.643137
v 0.104181 0.037547 -0.0802228 0.627451 0.627451 0.643137
v 0.104075 0.0376532 -0.0800476 0.627451 0.627451 0.643137
v 0.104005 0.0376532 -0.0802812 0.627451 0.627451 0.643137
v 0.10412 0.037547 -0.0804661 0.627451 0.627451 0.643137
v 0.10383 0.0377594 -0.0803396 0.627451 0.627451 0.643137
v 0.10389 0.0377594 -0.0800963 0.627451 0.627451 0.643137
v 0.103968 0.0377594 -0.0798724 0.627451 0.627451 0.643137
v 0.103706 0.0378657 -0.0801449 0.627451 0.627451 0.643137
v 0.103775 0.0378657 -0.0799114 0.627451 0.627451 0.643137
v 0.103862 0.0378657 -0.0796972 0.627451 0.627451 0.643137
v 0.103966 0.0378657 -0.0795026 0.627451 0.627451 0.643137
v 0.104176 0.0377594 -0.0794831 0.627451 0.627451 0.643137
v 0.104087 0.0378657 -0.0793274 0.627451 0.627451 0.643137
v 0.104064 0.0377594 -0.079668 0.627451 0.627451 0.643137
v 0.103755 0.0379719 -0.0795221 0.627451 0.627451 0.643137
v 0.103868 0.0379719 -0.0793371 0.627451 0.627451 0.643137
v 0.103649 0.0380781 -0.0793469 0.627451 0.627451 0.643137
v 0.103545 0.0380781 -0.0795415 0.627451 0.627451 0.643137
v 0.103582 0.0379719 -0.0799503 0.627451 0.627451 0.643137
v 0.10366 0.0379719 -0.0797264 0.627451 0.627451 0.643137
v 0.103458 0.0380781 -0.0797556 0.627451 0.627451 0.643137
v 0.103334 0.0381843 -0.079561 0.627451 0.627451 0.643137
v 0.10343 0.0381843 -0.0793566 0.627451 0.627451 0.643137
v 0.103211 0.0382905 -0.0793663 0.627451 0.627451 0.643137
v 0.103389 0.0380781 -0.0799892 0.627451 0.627451 0.643137
v 0.103478 0.0379719 -0.0804564 0.627451 0.627451 0.643137
v 0.103196 0.0381843 -0.0800281 0.627451 0.627451 0.643137
v 0.103521 0.0379719 -0.0801936 0.627451 0.627451 0.643137
v 0.103302 0.0380781 -0.0805148 0.627451 0.627451 0.643137
v 0.103443 0.0379719 -0.0810403 0.627451 0.627451 0.643137
v 0.103126 0.0381843 -0.0805732 0.627451 0.627451 0.643137
v 0.103003 0.0382905 -0.0800671 0.627451 0.627451 0.643137
v 0.102703 0.038503 -0.0796194 0.627451 0.627451 0.643137
v 0.103055 0.0382905 -0.079814 0.627451 0.627451 0.643137
v 0.103124 0.0382905 -0.0795804 0.627451 0.627451 0.643137
v 0.103256 0.0381843 -0.0797848 0.627451 0.627451 0.643137
v 0.102914 0.0383967 -0.0795999 0.627451 0.627451 0.643137
v 0.102991 0.0383967 -0.0793761 0.627451 0.627451 0.643137
v 0.102772 0.038503 -0.0793858 0.627451 0.627451 0.643137
v 0.10281 0.0383967 -0.080106 0.627451 0.627451 0.643137
v 0.102493 0.0386092 -0.0796388 0.627451 0.627451 0.643137
v 0.103126 0.0381843 -0.0811961 0.627451 0.627451 0.643137
v 0.104354 0.037547 -0.0835319 0.627451 0.627451 0.643137
v 0.10383 0.0377594 -0.0822082 0.627451 0.627451 0.643137
v 0.103582 0.0379719 -0.0824418 0.627451 0.627451 0.643137
v 0.103968 0.0377594 -0.0829868 0.627451 0.627451 0.643137
v 0.103478 0.0379719 -0.0817021 0.627451 0.627451 0.643137
v 0.103196 0.0381843 -0.0818968 0.627451 0.627451 0.643137
v 0.10281 0.0383967 -0.0813518 0.627451 0.627451 0.643137
v 0.102423 0.0386092 -0.0808068 0.627451 0.627451 0.643137
v 0.102072 0.0388216 -0.0809235 0.627451 0.627451 0.643137
v 0.102616 0.038503 -0.0801449 0.627451 0.627451 0.643137
v 0.102775 0.0383967 -0.08069 0.627451 0.627451 0.643137
v 0.102423 0.0386092 -0.0801839 0.627451 0.627451 0.643137
v 0.102037 0.0388216 -0.0802617 0.627451 0.627451 0.643137
v 0.102072 0.0388216 -0.0796778 0.627451 0.627451 0.643137
v 0.102282 0.0387154 -0.0796583 0.627451 0.627451 0.643137
v 0.101651 0.0390341 -0.0797167 0.627451 0.627451 0.643137
v 0.101651 0.0390341 -0.0803396 0.627451 0.627451 0.643137
v 0.10123 0.0392465 -0.0797556 0.627451 0.627451 0.643137
v 0.106019 0.0356351 -0.0829771 0.627451 0.627451 0.643137
v 0.106117 0.0355289 -0.0831426 0.627451 0.627451 0.643137
v 0.106137 0.0354226 -0.082909 0.627451 0.627451 0.643137
v 0.106994 0.0358475 -0.0867631 0.627451 0.627451 0.643137
v 0.106411 0.0352102 -0.0836389 0.627451 0.627451 0.643137
v 0.106508 0.035104 -0.0838044 0.627451 0.627451 0.643137
v 0.106494 0.0349978 -0.0835319 0.627451 0.627451 0.643137
v 0.106924 0.035104 -0.0852059 0.627451 0.627451 0.643137
v 0.107006 0.0353164 -0.0858093 0.627451 0.627451 0.643137
v 0.106606 0.0349978 -0.0839698 0.627451 0.627451 0.643137
v 0.106704 0.0348915 -0.0841353 0.627451 0.627451 0.643137
v 0.106672 0.0347853 -0.0838433 0.627451 0.627451 0.643137
v 0.106843 0.0348915 -0.0846025 0.627451 0.627451 0.643137
v 0.106736 0.0349978 -0.0844273 0.627451 0.627451 0.643137
v 0.106801 0.0352102 -0.0850112 0.627451 0.627451 0.643137
v 0.10663 0.035104 -0.0842521 0.627451 0.627451 0.643137
v 0.106677 0.0353164 -0.0848166 0.627451 0.627451 0.643137
v 0.106583 0.0348915 -0.0836876 0.627451 0.627451 0.643137
v 0.106523 0.0352102 -0.0840769 0.627451 0.627451 0.643137
v 0.106553 0.0354226 -0.0846219 0.627451 0.627451 0.643137
v 0.106724 0.0355289 -0.0853811 0.627451 0.627451 0.643137
v 0.106929 0.0356351 -0.0861791 0.627451 0.627451 0.643137
v 0.106865 0.0354226 -0.0855952 0.627451 0.627451 0.643137
v 0.106612 0.0358475 -0.085712 0.627451 0.627451 0.643137
v 0.106583 0.0356351 -0.0851669 0.627451 0.627451 0.643137
v 0.106442 0.0357413 -0.0849528 0.627451 0.627451 0.643137
v 0.106215 0.0354226 -0.083308 0.627451 0.627451 0.643137
v 0.106313 0.0353164 -0.0834735 0.627451 0.627451 0.643137
v 0.106315 0.0352102 -0.0832204 0.627451 0.627451 0.643137
v 0.106417 0.0353164 -0.0839017 0.627451 0.627451 0.643137
v 0.106429 0.0355289 -0.0844273 0.627451 0.627451 0.643137
v 0.106404 0.035104 -0.0833761 0.627451 0.627451 0.643137
v 0.10631 0.0354226 -0.0837265 0.627451 0.627451 0.643137
v 0.106305 0.0356351 -0.0842326 0.627451 0.627451 0.643137
v 0.106182 0.0357413 -0.084038 0.627451 0.627451 0.643137
v 0.106226 0.0353164 -0.0830647 0.627451 0.627451 0.643137
v 0.106204 0.0355289 -0.0835513 0.627451 0.627451 0.643137
v 0.106097 0.0356351 -0.0833761 0.627451 0.627451 0.643137
v 0.106058 0.0358475 -0.0838433 0.627451 0.627451 0.643137
v 0.106159 0.0359537 -0.0845246 0.627451 0.627451 0.643137
v 0.1063 0.0358475 -0.0847387 0.627451 0.627451 0.643137
v 0.106296 0.0360599 -0.0852448 0.627451 0.627451 0.643137
v 0.105979 0.0362724 -0.0847776 0.627451 0.627451 0.643137
v 0.106018 0.0360599 -0.0843105 0.627451 0.627451 0.643137
v 0.106291 0.0362724 -0.0857509 0.627451 0.627451 0.643137
v 0.106642 0.0360599 -0.086257 0.627451 0.627451 0.643137
v 0.107123 0.0362724 -0.087931 0.627451 0.627451 0.643137
v 0.107058 0.0360599 -0.087347 0.627451 0.627451 0.643137
v 0.106672 0.0362724 -0.086802 0.627451 0.627451 0.643137
v 0.106702 0.0364848 -0.087347 0.627451 0.627451 0.643137
v 0.106281 0.0366973 -0.0867631 0.627451 0.627451 0.643137
v 0.105939 0.0364848 -0.0852448 0.627451 0.627451 0.643137
v 0.106286 0.0364848 -0.086257 0.627451 0.627451 0.643137
v 0.105899 0.0366973 -0.085712 0.627451 0.627451 0.643137
v 0.105587 0.0366973 -0.0847387 0.627451 0.627451 0.643137
v 0.105628 0.0360599 -0.0823153 0.627451 0.627451 0.643137
v 0.105726 0.0359537 -0.0824808 0.627451 0.627451 0.643137
v 0.105781 0.0358475 -0.0822861 0.627451 0.627451 0.643137
v 0.105877 0.0361662 -0.0840964 0.627451 0.627451 0.643137
v 0.105824 0.0358475 -0.0826462 0.627451 0.627451 0.643137
v 0.105922 0.0357413 -0.0828117 0.627451 0.627451 0.643137
v 0.105959 0.0356351 -0.0825975 0.627451 0.627451 0.643137
v 0.105934 0.0359537 -0.0836487 0.627451 0.627451 0.643137
v 0.106048 0.0355289 -0.0827533 0.627451 0.627451 0.643137
v 0.105991 0.0357413 -0.083201 0.627451 0.627451 0.643137
v 0.105885 0.0358475 -0.0830258 0.627451 0.627451 0.643137
v 0.10581 0.0360599 -0.083454 0.627451 0.627451 0.643137
v 0.105686 0.0361662 -0.0832594 0.627451 0.627451 0.643137
v 0.10587 0.0357413 -0.0824418 0.627451 0.627451 0.643137
v 0.105778 0.0359537 -0.0828506 0.627451 0.627451 0.643137
v 0.105672 0.0360599 -0.0826754 0.627451 0.627451 0.643137
v 0.105563 0.0362724 -0.0830647 0.627451 0.627451 0.643137
v 0.105595 0.0363786 -0.0836681 0.627451 0.627451 0.643137
v 0.105736 0.0362724 -0.0838822 0.627451 0.627451 0.643137
v 0.105662 0.0364848 -0.0843105 0.627451 0.627451 0.643137
v 0.105345 0.0366973 -0.0838433 0.627451 0.627451 0.643137
v 0.105454 0.0364848 -0.083454 0.627451 0.627451 0.643137
v 0.105313 0.036591 -0.0832399 0.627451 0.627451 0.643137
v 0.105513 0.0361662 -0.0818189 0.627451 0.627451 0.643137
v 0.105352 0.0363786 -0.0821498 0.627451 0.627451 0.643137
v 0.10553 0.0361662 -0.0821498 0.627451 0.627451 0.643137
v 0.105459 0.0362724 -0.082325 0.627451 0.627451 0.643137
v 0.105439 0.0363786 -0.0828701 0.627451 0.627451 0.643137
v 0.105691 0.0359537 -0.0821304 0.627451 0.627451 0.643137
v 0.105565 0.0361662 -0.0825002 0.627451 0.627451 0.643137
v 0.105315 0.0364848 -0.0826754 0.627451 0.627451 0.643137
v 0.105191 0.036591 -0.0824808 0.627451 0.627451 0.643137
v 0.10503 0.0368035 -0.0828117 0.627451 0.627451 0.643137
v 0.105171 0.0366973 -0.0830258 0.627451 0.627451 0.643137
v 0.105028 0.0369097 -0.0833761 0.627451 0.627451 0.643137
v 0.104884 0.0371221 -0.0837265 0.627451 0.627451 0.643137
v 0.105236 0.0369097 -0.0842326 0.627451 0.627451 0.643137
v 0.105513 0.0369097 -0.0851669 0.627451 0.627451 0.643137
v 0.105127 0.0371221 -0.0846219 0.627451 0.627451 0.643137
v 0.104741 0.0373346 -0.0840769 0.627451 0.627451 0.643137
v 0.106434 0.0338294 -0.0815854 0.627451 0.627451 0.643137
v 0.106475 0.0339356 -0.0818871 0.627451 0.627451 0.643137
v 0.106444 0.0337762 -0.0792885 0.627451 0.627451 0.643137
v 0.106271 0.0334045 -0.0803785 0.627451 0.627451 0.643137
v 0.106291 0.0334576 -0.0805294 0.627451 0.627451 0.643137
v 0.106263 0.0333514 -0.0793079 0.627451 0.627451 0.643137
v 0.106221 0.0332983 -0.0797556 0.627451 0.627451 0.643137
v 0.106173 0.0331389 -0.0793177 0.627451 0.627451 0.643137
v 0.106148 0.0330858 -0.0794734 0.627451 0.627451 0.643137
v 0.106128 0.0330327 -0.0793225 0.627451 0.627451 0.643137
v 0.106168 0.0331389 -0.0796242 0.627451 0.627451 0.643137
v 0.106189 0.033192 -0.0794637 0.627451 0.627451 0.643137
v 0.106205 0.0332452 -0.0796096 0.627451 0.627451 0.643137
v 0.10623 0.0332983 -0.0794539 0.627451 0.627451 0.643137
v 0.106218 0.0332452 -0.0793128 0.627451 0.627451 0.643137
v 0.106241 0.0333514 -0.079595 0.627451 0.627451 0.643137
v 0.106271 0.0334045 -0.0794442 0.627451 0.627451 0.643137
v 0.106253 0.0334045 -0.0797362 0.627451 0.627451 0.643137
v 0.106278 0.0334576 -0.0795804 0.627451 0.627451 0.643137
v 0.106237 0.0333514 -0.0799016 0.627451 0.627451 0.643137
v 0.106253 0.0334045 -0.0800476 0.627451 0.627451 0.643137
v 0.106269 0.0334576 -0.0801936 0.627451 0.627451 0.643137
v 0.106285 0.0335107 -0.0803396 0.627451 0.627451 0.643137
v 0.106308 0.03367 -0.0801255 0.627451 0.627451 0.643137
v 0.106277 0.0335107 -0.0800184 0.627451 0.627451 0.643137
v 0.106265 0.0334576 -0.0798773 0.627451 0.627451 0.643137
v 0.106285 0.0335107 -0.0797167 0.627451 0.627451 0.643137
v 0.106293 0.0335638 -0.079853 0.627451 0.627451 0.643137
v 0.106318 0.0336169 -0.0796972 0.627451 0.627451 0.643137
v 0.106354 0.0335638 -0.0792982 0.627451 0.627451 0.643137
v 0.106311 0.0335107 -0.0794345 0.627451 0.627451 0.643137
v 0.106308 0.0334576 -0.0793031 0.627451 0.627451 0.643137
v 0.106315 0.0335638 -0.0795658 0.627451 0.627451 0.643137
v 0.106352 0.0336169 -0.0794247 0.627451 0.627451 0.643137
v 0.106351 0.03367 -0.0795513 0.627451 0.627451 0.643137
v 0.106393 0.0337231 -0.079415 0.627451 0.627451 0.643137
v 0.106399 0.03367 -0.0792933 0.627451 0.627451 0.643137
v 0.106388 0.0337762 -0.0795367 0.627451 0.627451 0.643137
v 0.106434 0.0338294 -0.0794053 0.627451 0.627451 0.643137
v 0.10635 0.0337231 -0.0796778 0.627451 0.627451 0.643137
v 0.106382 0.0338294 -0.0796583 0.627451 0.627451 0.643137
v 0.106424 0.0338825 -0.0795221 0.627451 0.627451 0.643137
v 0.106349 0.0337762 -0.0798043 0.627451 0.627451 0.643137
v 0.1063 0.0336169 -0.0799892 0.627451 0.627451 0.643137
v 0.106324 0.0337231 -0.07996 0.627451 0.627451 0.643137
v 0.106321 0.03367 -0.0798286 0.627451 0.627451 0.643137
v 0.106315 0.0337231 -0.0802617 0.627451 0.627451 0.643137
v 0.106327 0.0337762 -0.0800914 0.627451 0.627451 0.643137
v 0.106347 0.0338294 -0.0799308 0.627451 0.627451 0.643137
v 0.10633 0.0338294 -0.0802228 0.627451 0.627451 0.643137
v 0.106346 0.0338825 -0.0800573 0.627451 0.627451 0.643137
v 0.106371 0.0339356 -0.0799016 0.627451 0.627451 0.643137
v 0.106376 0.0338825 -0.07978 0.627451 0.627451 0.643137
v 0.106414 0.0339356 -0.0796388 0.627451 0.627451 0.643137
v 0.106404 0.0339887 -0.0797556 0.627451 0.627451 0.643137
v 0.106365 0.0339887 -0.0800233 0.627451 0.627451 0.643137
v 0.106394 0.0340418 -0.0798724 0.627451 0.627451 0.643137
v 0.106345 0.0339356 -0.0801839 0.627451 0.627451 0.643137
v 0.10636 0.0340418 -0.0801449 0.627451 0.627451 0.643137
v 0.106385 0.0340949 -0.0799892 0.627451 0.627451 0.643137
v 0.106323 0.0337762 -0.080398 0.627451 0.627451 0.643137
v 0.106352 0.0336169 -0.0809819 0.627451 0.627451 0.643137
v 0.106393 0.0337231 -0.0812836 0.627451 0.627451 0.643137
v 0.106302 0.0335638 -0.0804856 0.627451 0.627451 0.643137
v 0.106332 0.0335638 -0.0808311 0.627451 0.627451 0.643137
v 0.106311 0.0335107 -0.0806802 0.627451 0.627451 0.643137
v 0.106318 0.0336169 -0.0806316 0.627451 0.627451 0.643137
v 0.106334 0.03367 -0.0807776 0.627451 0.627451 0.643137
v 0.10635 0.0337231 -0.0809235 0.627451 0.627451 0.643137
v 0.106324 0.0337231 -0.0805829 0.627451 0.627451 0.643137
v 0.106336 0.0337762 -0.080724 0.627451 0.627451 0.643137
v 0.10633 0.0338294 -0.0805342 0.627451 0.627451 0.643137
v 0.106337 0.0338825 -0.0806705 0.627451 0.627451 0.643137
v 0.106347 0.0338294 -0.0808651 0.627451 0.627451 0.643137
v 0.106345 0.0339356 -0.0808068 0.627451 0.627451 0.643137
v 0.106359 0.0338825 -0.0810063 0.627451 0.627451 0.643137
v 0.106366 0.0337762 -0.0810695 0.627451 0.627451 0.643137
v 0.106382 0.0338294 -0.0812155 0.627451 0.627451 0.643137
v 0.106414 0.0339356 -0.0815075 0.627451 0.627451 0.643137
v 0.106383 0.0339887 -0.0812885 0.627451 0.627451 0.643137
v 0.106371 0.0339356 -0.0811474 0.627451 0.627451 0.643137
v 0.106352 0.0339887 -0.080943 0.627451 0.627451 0.643137
v 0.10636 0.0340418 -0.0810793 0.627451 0.627451 0.643137
v 0.106367 0.0340949 -0.0812155 0.627451 0.627451 0.643137
v 0.106375 0.034148 -0.0813518 0.627451 0.627451 0.643137
v 0.106342 0.0340418 -0.0807484 0.627451 0.627451 0.643137
v 0.106346 0.0340949 -0.0808797 0.627451 0.627451 0.643137
v 0.106344 0.0339887 -0.0803104 0.627451 0.627451 0.643137
v 0.106336 0.0339356 -0.0804856 0.627451 0.627451 0.643137
v 0.106339 0.0339887 -0.080617 0.627451 0.627451 0.643137
v 0.106333 0.0338825 -0.0803542 0.627451 0.627451 0.643137
v 0.106342 0.0340418 -0.0804369 0.627451 0.627451 0.643137
v 0.106341 0.0340949 -0.0805634 0.627451 0.627451 0.643137
v 0.10634 0.034148 -0.08069 0.627451 0.627451 0.643137
v 0.106349 0.034148 -0.0803883 0.627451 0.627451 0.643137
v 0.106343 0.0342011 -0.0805099 0.627451 0.627451 0.643137
v 0.106354 0.0340949 -0.0802666 0.627451 0.627451 0.643137
v 0.106375 0.034148 -0.080106 0.627451 0.627451 0.643137
v 0.106365 0.0342011 -0.0802228 0.627451 0.627451 0.643137
v 0.106337 0.0342542 -0.0806316 0.627451 0.627451 0.643137
v 0.106355 0.0342542 -0.0803396 0.627451 0.627451 0.643137
v 0.106345 0.0343073 -0.0804564 0.627451 0.627451 0.643137
v 0.106335 0.0343605 -0.0805732 0.627451 0.627451 0.643137
v 0.106332 0.0343073 -0.0807532 0.627451 0.627451 0.643137
v 0.106349 0.034148 -0.0810111 0.627451 0.627451 0.643137
v 0.106352 0.0342011 -0.0811425 0.627451 0.627451 0.643137
v 0.106339 0.0342011 -0.0808165 0.627451 0.627451 0.643137
v 0.106337 0.0342542 -0.080943 0.627451 0.627451 0.643137
v 0.106336 0.0343073 -0.0810695 0.627451 0.627451 0.643137
v 0.106355 0.0342542 -0.0812739 0.627451 0.627451 0.643137
v 0.106335 0.0343605 -0.0811961 0.627451 0.627451 0.643137
v 0.106326 0.0343605 -0.0808749 0.627451 0.627451 0.643137
v 0.106321 0.0344136 -0.0809965 0.627451 0.627451 0.643137
v 0.106325 0.0344136 -0.08069 0.627451 0.627451 0.643137
v 0.106315 0.0344667 -0.0808068 0.627451 0.627451 0.643137
v 0.106305 0.0345198 -0.0809235 0.627451 0.627451 0.643137
v 0.106315 0.0344667 -0.0811182 0.627451 0.627451 0.643137
v 0.106295 0.0345729 -0.0810403 0.627451 0.627451 0.643137
v 0.106389 0.0342542 -0.0800671 0.627451 0.627451 0.643137
v 0.106625 0.0342011 -0.079269 0.627451 0.627451 0.643137
v 0.106446 0.0340418 -0.0796194 0.627451 0.627451 0.643137
v 0.106534 0.0339887 -0.0792787 0.627451 0.627451 0.643137
v 0.106454 0.0338825 -0.0794004 0.627451 0.627451 0.643137
v 0.106489 0.0338825 -0.0792836 0.627451 0.627451 0.643137
v 0.106467 0.0338294 -0.079286 0.627451 0.627451 0.643137
v 0.106475 0.0339356 -0.0793955 0.627451 0.627451 0.643137
v 0.106512 0.0339356 -0.0792812 0.627451 0.627451 0.643137
v 0.106495 0.0339887 -0.0793907 0.627451 0.627451 0.643137
v 0.106461 0.0339887 -0.0795075 0.627451 0.627451 0.643137
v 0.106442 0.0339356 -0.0795148 0.627451 0.627451 0.643137
v 0.106479 0.0340418 -0.0795002 0.627451 0.627451 0.643137
v 0.106516 0.0340418 -0.0793858 0.627451 0.627451 0.643137
v 0.106463 0.0340949 -0.0796096 0.627451 0.627451 0.643137
v 0.106497 0.0340949 -0.0794929 0.627451 0.627451 0.643137
v 0.106536 0.0340949 -0.0793809 0.627451 0.627451 0.643137
v 0.10658 0.0340949 -0.0792739 0.627451 0.627451 0.643137
v 0.106557 0.0340418 -0.0792763 0.627451 0.627451 0.643137
v 0.106557 0.034148 -0.0793761 0.627451 0.627451 0.643137
v 0.106602 0.034148 -0.0792714 0.627451 0.627451 0.643137
v 0.106577 0.0342011 -0.0793712 0.627451 0.627451 0.643137
v 0.106534 0.0342011 -0.0794783 0.627451 0.627451 0.643137
v 0.106479 0.034148 -0.0795999 0.627451 0.627451 0.643137
v 0.106515 0.034148 -0.0794856 0.627451 0.627451 0.643137
v 0.106495 0.0342011 -0.0795902 0.627451 0.627451 0.643137
v 0.106511 0.0342542 -0.0795804 0.627451 0.627451 0.643137
v 0.106552 0.0342542 -0.079471 0.627451 0.627451 0.643137
v 0.106597 0.0342542 -0.0793663 0.627451 0.627451 0.643137
v 0.106527 0.0343073 -0.0795707 0.627451 0.627451 0.643137
v 0.10657 0.0343073 -0.0794637 0.627451 0.627451 0.643137
v 0.10646 0.0342011 -0.079707 0.627451 0.627451 0.643137
v 0.106418 0.034148 -0.0798432 0.627451 0.627451 0.643137
v 0.106432 0.0340949 -0.0797313 0.627451 0.627451 0.643137
v 0.106441 0.0342542 -0.079814 0.627451 0.627451 0.643137
v 0.106446 0.034148 -0.0797191 0.627451 0.627451 0.643137
v 0.106404 0.0342011 -0.0799552 0.627451 0.627451 0.643137
v 0.106423 0.0343073 -0.0799211 0.627451 0.627451 0.643137
v 0.106453 0.0343073 -0.0797994 0.627451 0.627451 0.643137
v 0.106488 0.0343073 -0.0796826 0.627451 0.627451 0.643137
v 0.106474 0.0342542 -0.0796948 0.627451 0.627451 0.643137
v 0.106465 0.0343605 -0.0797848 0.627451 0.627451 0.643137
v 0.106502 0.0343605 -0.0796705 0.627451 0.627451 0.643137
v 0.106543 0.0343605 -0.079561 0.627451 0.627451 0.643137
v 0.106477 0.0344136 -0.0797702 0.627451 0.627451 0.643137
v 0.106516 0.0344136 -0.0796583 0.627451 0.627451 0.643137
v 0.106442 0.0344136 -0.079887 0.627451 0.627451 0.643137
v 0.106419 0.0344667 -0.0799892 0.627451 0.627451 0.643137
v 0.106404 0.0343605 -0.0800281 0.627451 0.627451 0.643137
v 0.106433 0.0343605 -0.0799041 0.627451 0.627451 0.643137
v 0.106452 0.0344667 -0.07987 0.627451 0.627451 0.643137
v 0.106489 0.0344667 -0.0797556 0.627451 0.627451 0.643137
v 0.106427 0.0345198 -0.0799698 0.627451 0.627451 0.643137
v 0.106461 0.0345198 -0.079853 0.627451 0.627451 0.643137
v 0.106559 0.0344136 -0.0795513 0.627451 0.627451 0.643137
v 0.106715 0.0344136 -0.0792593 0.627451 0.627451 0.643137
v 0.106618 0.0343073 -0.0793615 0.627451 0.627451 0.643137
v 0.10667 0.0343073 -0.0792641 0.627451 0.627451 0.643137
v 0.106647 0.0342542 -0.0792666 0.627451 0.627451 0.643137
v 0.106638 0.0343605 -0.0793566 0.627451 0.627451 0.643137
v 0.106692 0.0343605 -0.0792617 0.627451 0.627451 0.643137
v 0.106659 0.0344136 -0.0793517 0.627451 0.627451 0.643137
v 0.106607 0.0344136 -0.0794491 0.627451 0.627451 0.643137
v 0.106589 0.0343605 -0.0794564 0.627451 0.627451 0.643137
v 0.106575 0.0344667 -0.0795415 0.627451 0.627451 0.643137
v 0.106625 0.0344667 -0.0794418 0.627451 0.627451 0.643137
v 0.106679 0.0344667 -0.0793469 0.627451 0.627451 0.643137
v 0.106591 0.0345198 -0.0795318 0.627451 0.627451 0.643137
v 0.106643 0.0345198 -0.0794345 0.627451 0.627451 0.643137
v 0.1067 0.0345198 -0.079342 0.627451 0.627451 0.643137
v 0.10676 0.0345198 -0.0792544 0.627451 0.627451 0.643137
v 0.106738 0.0344667 -0.0792568 0.627451 0.627451 0.643137
v 0.106783 0.0345729 -0.079252 0.627451 0.627451 0.643137
v 0.106762 0.0345994 -0.0792921 0.627451 0.627451 0.643137
v 0.10672 0.0345729 -0.0793371 0.627451 0.627451 0.643137
v 0.106805 0.034626 -0.0792495 0.627451 0.627451 0.643137
v 0.10674 0.034626 -0.0793323 0.627451 0.627451 0.643137
v 0.106783 0.0346526 -0.0792885 0.627451 0.627451 0.643137
v 0.106719 0.0346526 -0.0793724 0.627451 0.627451 0.643137
v 0.10668 0.034626 -0.0794199 0.627451 0.627451 0.643137
v 0.106607 0.0345729 -0.0795221 0.627451 0.627451 0.643137
v 0.106662 0.0345729 -0.0794272 0.627451 0.627451 0.643137
v 0.106623 0.034626 -0.0795123 0.627451 0.627451 0.643137
v 0.106698 0.0346791 -0.0794126 0.627451 0.627451 0.643137
v 0.106677 0.0347057 -0.0794527 0.627451 0.627451 0.643137
v 0.10664 0.0346791 -0.0795026 0.627451 0.627451 0.643137
v 0.106761 0.0346791 -0.0793274 0.627451 0.627451 0.643137
v 0.106739 0.0347057 -0.0793663 0.627451 0.627451 0.643137
v 0.106716 0.0347322 -0.0794053 0.627451 0.627451 0.643137
v 0.106656 0.0347322 -0.0794929 0.627451 0.627451 0.643137
v 0.106694 0.0347588 -0.0794442 0.627451 0.627451 0.643137
v 0.106572 0.034626 -0.0796096 0.627451 0.627451 0.643137
v 0.1065 0.0345198 -0.079741 0.627451 0.627451 0.643137
v 0.106544 0.0345198 -0.079634 0.627451 0.627451 0.643137
v 0.10653 0.0344667 -0.0796461 0.627451 0.627451 0.643137
v 0.106512 0.0345729 -0.0797264 0.627451 0.627451 0.643137
v 0.106558 0.0345729 -0.0796218 0.627451 0.627451 0.643137
v 0.106524 0.034626 -0.0797118 0.627451 0.627451 0.643137
v 0.106481 0.034626 -0.0798189 0.627451 0.627451 0.643137
v 0.106434 0.0345729 -0.0799503 0.627451 0.627451 0.643137
v 0.106471 0.0345729 -0.0798359 0.627451 0.627451 0.643137
v 0.106442 0.034626 -0.0799308 0.627451 0.627451 0.643137
v 0.106449 0.0346791 -0.0799114 0.627451 0.627451 0.643137
v 0.10649 0.0346791 -0.0798019 0.627451 0.627451 0.643137
v 0.106536 0.0346791 -0.0796972 0.627451 0.627451 0.643137
v 0.106456 0.0347322 -0.0798919 0.627451 0.627451 0.643137
v 0.1065 0.0347322 -0.0797848 0.627451 0.627451 0.643137
v 0.106547 0.0347322 -0.0796826 0.627451 0.627451 0.643137
v 0.106634 0.0347588 -0.079533 0.627451 0.627451 0.643137
v 0.106599 0.0347322 -0.0795853 0.627451 0.627451 0.643137
v 0.106585 0.0346791 -0.0795975 0.627451 0.627451 0.643137
v 0.106559 0.0347853 -0.079668 0.627451 0.627451 0.643137
v 0.106613 0.0347853 -0.0795731 0.627451 0.627451 0.643137
v 0.106672 0.0347853 -0.0794831 0.627451 0.627451 0.643137
v 0.10665 0.0348119 -0.0795221 0.627451 0.627451 0.643137
v 0.106627 0.0348384 -0.079561 0.627451 0.627451 0.643137
v 0.106605 0.034865 -0.0795999 0.627451 0.627451 0.643137
v 0.106571 0.0348384 -0.0796534 0.627451 0.627451 0.643137
v 0.106519 0.0348384 -0.0797508 0.627451 0.627451 0.643137
v 0.106464 0.0347853 -0.0798724 0.627451 0.627451 0.643137
v 0.106509 0.0347853 -0.0797678 0.627451 0.627451 0.643137
v 0.106471 0.0348384 -0.079853 0.627451 0.627451 0.643137
v 0.106479 0.0348915 -0.0798335 0.627451 0.627451 0.643137
v 0.106529 0.0348915 -0.0797337 0.627451 0.627451 0.643137
v 0.106583 0.0348915 -0.0796388 0.627451 0.627451 0.643137
v 0.106486 0.0349447 -0.079814 0.627451 0.627451 0.643137
v 0.106538 0.0349447 -0.0797167 0.627451 0.627451 0.643137
v 0.106407 0.034626 -0.0800476 0.627451 0.627451 0.643137
v 0.106333 0.0344667 -0.0805148 0.627451 0.627451 0.643137
v 0.106318 0.0345198 -0.0806267 0.627451 0.627451 0.643137
v 0.106386 0.0344136 -0.0801352 0.627451 0.627451 0.643137
v 0.106361 0.0343605 -0.0802909 0.627451 0.627451 0.643137
v 0.106347 0.0344136 -0.0804028 0.627451 0.627451 0.643137
v 0.106375 0.0343073 -0.080179 0.627451 0.627451 0.643137
v 0.106367 0.0344667 -0.0802423 0.627451 0.627451 0.643137
v 0.106349 0.0345198 -0.0803493 0.627451 0.627451 0.643137
v 0.10633 0.0345729 -0.0804564 0.627451 0.627451 0.643137
v 0.106373 0.0345729 -0.0801936 0.627451 0.627451 0.643137
v 0.106396 0.0345198 -0.0800914 0.627451 0.627451 0.643137
v 0.106351 0.034626 -0.0802958 0.627451 0.627451 0.643137
v 0.10638 0.0346791 -0.0801449 0.627451 0.627451 0.643137
v 0.106328 0.0346791 -0.080398 0.627451 0.627451 0.643137
v 0.106352 0.0347322 -0.0802423 0.627451 0.627451 0.643137
v 0.106305 0.0347322 -0.0805002 0.627451 0.627451 0.643137
v 0.106304 0.0345729 -0.0807386 0.627451 0.627451 0.643137
v 0.10629 0.034626 -0.0808505 0.627451 0.627451 0.643137
v 0.106312 0.034626 -0.0805634 0.627451 0.627451 0.643137
v 0.106293 0.0346791 -0.0806705 0.627451 0.627451 0.643137
v 0.106274 0.0347322 -0.0807776 0.627451 0.627451 0.643137
v 0.106276 0.0346791 -0.0809625 0.627451 0.627451 0.643137
v 0.106256 0.0347853 -0.0808846 0.627451 0.627451 0.643137
v 0.106282 0.0347853 -0.0806024 0.627451 0.627451 0.643137
v 0.106259 0.0348384 -0.0807046 0.627451 0.627451 0.643137
v 0.106325 0.0347853 -0.0803396 0.627451 0.627451 0.643137
v 0.106298 0.0348384 -0.0804369 0.627451 0.627451 0.643137
v 0.106271 0.0348915 -0.0805342 0.627451 0.627451 0.643137
v 0.106243 0.0349447 -0.0806316 0.627451 0.627451 0.643137
v 0.106236 0.0348915 -0.0808068 0.627451 0.627451 0.643137
v 0.106216 0.0349978 -0.0807289 0.627451 0.627451 0.643137
v 0.106323 0.0348915 -0.0802812 0.627451 0.627451 0.643137
v 0.106428 0.0348384 -0.07996 0.627451 0.627451 0.643137
v 0.106354 0.0348384 -0.0801887 0.627451 0.627451 0.643137
v 0.106383 0.0347322 -0.0801206 0.627451 0.627451 0.643137
v 0.106417 0.0347322 -0.0800038 0.627451 0.627451 0.643137
v 0.106412 0.0346791 -0.0800257 0.627451 0.627451 0.643137
v 0.106386 0.0347853 -0.0800963 0.627451 0.627451 0.643137
v 0.106423 0.0347853 -0.0799819 0.627451 0.627451 0.643137
v 0.106389 0.0348384 -0.0800719 0.627451 0.627451 0.643137
v 0.10632 0.0349978 -0.0802228 0.627451 0.627451 0.643137
v 0.106355 0.0348915 -0.080162 0.627451 0.627451 0.643137
v 0.106392 0.0348915 -0.0800476 0.627451 0.627451 0.643137
v 0.106356 0.0349447 -0.0801352 0.627451 0.627451 0.643137
v 0.106395 0.0349447 -0.0800233 0.627451 0.627451 0.643137
v 0.106438 0.0349447 -0.0799162 0.627451 0.627451 0.643137
v 0.106433 0.0348915 -0.0799381 0.627451 0.627451 0.643137
v 0.106398 0.0349978 -0.0799989 0.627451 0.627451 0.643137
v 0.106444 0.0349978 -0.0798943 0.627451 0.627451 0.643137
v 0.106494 0.0349978 -0.0797946 0.627451 0.627451 0.643137
v 0.106401 0.0350509 -0.0799746 0.627451 0.627451 0.643137
v 0.106449 0.0350509 -0.0798724 0.627451 0.627451 0.643137
v 0.106358 0.0350509 -0.0800817 0.627451 0.627451 0.643137
v 0.106357 0.0349978 -0.0801084 0.627451 0.627451 0.643137
v 0.106319 0.0350509 -0.0801936 0.627451 0.627451 0.643137
v 0.106318 0.035104 -0.0801644 0.627451 0.627451 0.643137
v 0.106359 0.035104 -0.0800549 0.627451 0.627451 0.643137
v 0.106404 0.035104 -0.0799503 0.627451 0.627451 0.643137
v 0.106317 0.0351571 -0.0801352 0.627451 0.627451 0.643137
v 0.10636 0.0351571 -0.0800281 0.627451 0.627451 0.643137
v 0.106278 0.0351571 -0.0802471 0.627451 0.627451 0.643137
v 0.106284 0.0350509 -0.0803104 0.627451 0.627451 0.643137
v 0.106228 0.0350509 -0.0805586 0.627451 0.627451 0.643137
v 0.106291 0.0349447 -0.0803737 0.627451 0.627451 0.643137
v 0.10626 0.0349978 -0.0804661 0.627451 0.627451 0.643137
v 0.106213 0.0351571 -0.0804856 0.627451 0.627451 0.643137
v 0.106196 0.035104 -0.080651 0.627451 0.627451 0.643137
v 0.106177 0.0352102 -0.0805732 0.627451 0.627451 0.643137
v 0.106248 0.035104 -0.080398 0.627451 0.627451 0.643137
v 0.106237 0.0352102 -0.0803299 0.627451 0.627451 0.643137
v 0.106226 0.0353164 -0.0802617 0.627451 0.627451 0.643137
v 0.106274 0.0352102 -0.0802155 0.627451 0.627451 0.643137
v 0.106315 0.0352102 -0.080106 0.627451 0.627451 0.643137
v 0.106197 0.0352633 -0.0804126 0.627451 0.627451 0.643137
v 0.106157 0.0353164 -0.0804953 0.627451 0.627451 0.643137
v 0.106182 0.0353695 -0.0803396 0.627451 0.627451 0.643137
v 0.106261 0.0347322 -0.0810744 0.627451 0.627451 0.643137
v 0.106597 0.0342542 -0.0827922 0.627451 0.627451 0.643137
v 0.106638 0.0343605 -0.0830939 0.627451 0.627451 0.643137
v 0.106358 0.0343073 -0.0814053 0.627451 0.627451 0.643137
v 0.106516 0.0340418 -0.0821888 0.627451 0.627451 0.643137
v 0.106557 0.034148 -0.0824905 0.627451 0.627451 0.643137
v 0.106394 0.0340418 -0.0814296 0.627451 0.627451 0.643137
v 0.106418 0.034148 -0.0817119 0.627451 0.627451 0.643137
v 0.106446 0.0340418 -0.0817995 0.627451 0.627451 0.643137
v 0.106479 0.034148 -0.0820914 0.627451 0.627451 0.643137
v 0.106441 0.0342542 -0.0819941 0.627451 0.627451 0.643137
v 0.106382 0.0342011 -0.081488 0.627451 0.627451 0.643137
v 0.106389 0.0342542 -0.0816243 0.627451 0.627451 0.643137
v 0.106404 0.0343605 -0.0818968 0.627451 0.627451 0.643137
v 0.106465 0.0343605 -0.0822764 0.627451 0.627451 0.643137
v 0.106511 0.0342542 -0.0823834 0.627451 0.627451 0.643137
v 0.106543 0.0343605 -0.0826754 0.627451 0.627451 0.643137
v 0.106489 0.0344667 -0.0825586 0.627451 0.627451 0.643137
v 0.106419 0.0344667 -0.0821693 0.627451 0.627451 0.643137
v 0.106434 0.0345729 -0.0824418 0.627451 0.627451 0.643137
v 0.106367 0.0344667 -0.0817995 0.627451 0.627451 0.643137
v 0.106373 0.0345729 -0.0820623 0.627451 0.627451 0.643137
v 0.10631 0.0345198 -0.0812399 0.627451 0.627451 0.643137
v 0.106361 0.0343605 -0.0815367 0.627451 0.627451 0.643137
v 0.106334 0.0344136 -0.0813226 0.627451 0.627451 0.643137
v 0.106333 0.0344667 -0.0814491 0.627451 0.627451 0.643137
v 0.106331 0.0345198 -0.0815756 0.627451 0.627451 0.643137
v 0.106304 0.0345729 -0.0813615 0.627451 0.627451 0.643137
v 0.106299 0.034626 -0.0814832 0.627451 0.627451 0.643137
v 0.106286 0.034626 -0.0811571 0.627451 0.627451 0.643137
v 0.106276 0.0346791 -0.0812739 0.627451 0.627451 0.643137
v 0.106266 0.0347322 -0.0813907 0.627451 0.627451 0.643137
v 0.106293 0.0346791 -0.0816048 0.627451 0.627451 0.643137
v 0.10633 0.0345729 -0.0817021 0.627451 0.627451 0.643137
v 0.106256 0.0347853 -0.0815075 0.627451 0.627451 0.643137
v 0.106282 0.0347853 -0.0818481 0.627451 0.627451 0.643137
v 0.10638 0.0346791 -0.082325 0.627451 0.627451 0.643137
v 0.106328 0.0346791 -0.0819552 0.627451 0.627451 0.643137
v 0.106325 0.0347853 -0.0822082 0.627451 0.627451 0.643137
v 0.106271 0.0348915 -0.0820914 0.627451 0.627451 0.643137
v 0.106236 0.0348915 -0.0817411 0.627451 0.627451 0.643137
v 0.106216 0.0349978 -0.0819747 0.627451 0.627451 0.643137
v 0.106386 0.0347853 -0.0825878 0.627451 0.627451 0.643137
v 0.10664 0.0346791 -0.0835513 0.627451 0.627451 0.643137
v 0.106512 0.0345729 -0.0828409 0.627451 0.627451 0.643137
v 0.106607 0.0345729 -0.0832594 0.627451 0.627451 0.643137
v 0.106575 0.0344667 -0.0829674 0.627451 0.627451 0.643137
v 0.106536 0.0346791 -0.0831231 0.627451 0.627451 0.643137
v 0.106449 0.0346791 -0.0827143 0.627451 0.627451 0.643137
v 0.106464 0.0347853 -0.0829868 0.627451 0.627451 0.643137
v 0.106479 0.0348915 -0.0832594 0.627451 0.627451 0.643137
v 0.106392 0.0348915 -0.0828506 0.627451 0.627451 0.643137
v 0.106398 0.0349978 -0.0831134 0.627451 0.627451 0.643137
v 0.10626 0.0349978 -0.0823348 0.627451 0.627451 0.643137
v 0.106323 0.0348915 -0.0824613 0.627451 0.627451 0.643137
v 0.10632 0.0349978 -0.0827143 0.627451 0.627451 0.643137
v 0.106248 0.035104 -0.0825781 0.627451 0.627451 0.643137
v 0.106196 0.035104 -0.0822082 0.627451 0.627451 0.643137
v 0.106177 0.0352102 -0.0824418 0.627451 0.627451 0.643137
v 0.106237 0.0352102 -0.0828214 0.627451 0.627451 0.643137
v 0.106318 0.035104 -0.0829674 0.627451 0.627451 0.643137
v 0.106157 0.0353164 -0.0826754 0.627451 0.627451 0.643137
v 0.106133 0.0352102 -0.0820817 0.627451 0.627451 0.643137
v 0.106165 0.0351571 -0.0807435 0.627451 0.627451 0.643137
v 0.106189 0.0350509 -0.0808262 0.627451 0.627451 0.643137
v 0.106219 0.0348915 -0.0814102 0.627451 0.627451 0.643137
v 0.10619 0.0349978 -0.081634 0.627451 0.627451 0.643137
v 0.106213 0.0349447 -0.0809089 0.627451 0.627451 0.643137
v 0.106237 0.0348384 -0.0809917 0.627451 0.627451 0.643137
v 0.106233 0.0348384 -0.0812982 0.627451 0.627451 0.643137
v 0.106247 0.0347853 -0.0811863 0.627451 0.627451 0.643137
v 0.106219 0.0348915 -0.0810987 0.627451 0.627451 0.643137
v 0.1062 0.0349447 -0.0812058 0.627451 0.627451 0.643137
v 0.106182 0.0349978 -0.0813128 0.627451 0.627451 0.643137
v 0.106167 0.0350509 -0.0811133 0.627451 0.627451 0.643137
v 0.10619 0.0349978 -0.0810111 0.627451 0.627451 0.643137
v 0.106162 0.035104 -0.0809235 0.627451 0.627451 0.643137
v 0.106135 0.0351571 -0.0810209 0.627451 0.627451 0.643137
v 0.106144 0.035104 -0.0812155 0.627451 0.627451 0.643137
v 0.106107 0.0352102 -0.0811182 0.627451 0.627451 0.643137
v 0.106122 0.0351571 -0.0813177 0.627451 0.627451 0.643137
v 0.106163 0.0350509 -0.0814199 0.627451 0.627451 0.643137
v 0.106162 0.035104 -0.0818579 0.627451 0.627451 0.643137
v 0.106144 0.035104 -0.081527 0.627451 0.627451 0.643137
v 0.106107 0.0352102 -0.0817411 0.627451 0.627451 0.643137
v 0.106053 0.0353164 -0.0816243 0.627451 0.627451 0.643137
v 0.10608 0.0352633 -0.0812155 0.627451 0.627451 0.643137
v 0.106099 0.0352102 -0.0814199 0.627451 0.627451 0.643137
v 0.106053 0.0353164 -0.0813128 0.627451 0.627451 0.643137
v 0.105998 0.0354226 -0.0815075 0.627451 0.627451 0.643137
v 0.106039 0.0353695 -0.0811133 0.627451 0.627451 0.643137
v 0.106117 0.0353695 -0.080578 0.627451 0.627451 0.643137
v 0.106141 0.0352633 -0.0806608 0.627451 0.627451 0.643137
v 0.106102 0.0352633 -0.0809284 0.627451 0.627451 0.643137
v 0.106133 0.0352102 -0.0808359 0.627451 0.627451 0.643137
v 0.106105 0.0353164 -0.0807484 0.627451 0.627451 0.643137
v 0.106069 0.0353695 -0.0808359 0.627451 0.627451 0.643137
v 0.10607 0.0353164 -0.0810209 0.627451 0.627451 0.643137
v 0.106033 0.0354226 -0.0809235 0.627451 0.627451 0.643137
v 0.106036 0.0354757 -0.0807435 0.627451 0.627451 0.643137
v 0.106137 0.0354226 -0.0804174 0.627451 0.627451 0.643137
v 0.106076 0.0354226 -0.0806608 0.627451 0.627451 0.643137
v 0.106092 0.0354757 -0.0804953 0.627451 0.627451 0.643137
v 0.106003 0.035582 -0.080651 0.627451 0.627451 0.643137
v 0.105996 0.0355289 -0.0808262 0.627451 0.627451 0.643137
v 0.105959 0.0356351 -0.0807289 0.627451 0.627451 0.643137
v 0.105956 0.035582 -0.0809089 0.627451 0.627451 0.643137
v 0.105997 0.0354757 -0.0810111 0.627451 0.627451 0.643137
v 0.105944 0.0355289 -0.0813907 0.627451 0.627451 0.643137
v 0.106007 0.0354226 -0.0812058 0.627451 0.627451 0.643137
v 0.105961 0.0355289 -0.0810987 0.627451 0.627451 0.643137
v 0.105889 0.0356351 -0.0812739 0.627451 0.627451 0.643137
v 0.105835 0.0357413 -0.0811571 0.627451 0.627451 0.643137
v 0.105914 0.0356882 -0.0808068 0.627451 0.627451 0.643137
v 0.105915 0.0356351 -0.0809917 0.627451 0.627451 0.643137
v 0.10587 0.0357413 -0.0808846 0.627451 0.627451 0.643137
v 0.105781 0.0358475 -0.0810403 0.627451 0.627451 0.643137
v 0.105881 0.0356351 -0.0815756 0.627451 0.627451 0.643137
v 0.105944 0.0355289 -0.0817021 0.627451 0.627451 0.643137
v 0.106076 0.0354226 -0.0825294 0.627451 0.627451 0.643137
v 0.106007 0.0354226 -0.0818287 0.627451 0.627451 0.643137
v 0.10607 0.0353164 -0.0819552 0.627451 0.627451 0.643137
v 0.106105 0.0353164 -0.0823056 0.627451 0.627451 0.643137
v 0.106033 0.0354226 -0.0821693 0.627451 0.627451 0.643137
v 0.105961 0.0355289 -0.0820331 0.627451 0.627451 0.643137
v 0.105889 0.0356351 -0.0818968 0.627451 0.627451 0.643137
v 0.105915 0.0356351 -0.0822374 0.627451 0.627451 0.643137
v 0.105996 0.0355289 -0.0823834 0.627451 0.627451 0.643137
v 0.105835 0.0357413 -0.0820914 0.627451 0.627451 0.643137
v 0.105755 0.0358475 -0.0819455 0.627451 0.627451 0.643137
v 0.105755 0.0358475 -0.0813226 0.627451 0.627451 0.643137
v 0.105818 0.0357413 -0.0814491 0.627451 0.627451 0.643137
v 0.105818 0.0357413 -0.0817605 0.627451 0.627451 0.643137
v 0.105746 0.0358475 -0.0816243 0.627451 0.627451 0.643137
v 0.105674 0.0359537 -0.081488 0.627451 0.627451 0.643137
v 0.105691 0.0359537 -0.0811961 0.627451 0.627451 0.643137
v 0.105602 0.0360599 -0.0813518 0.627451 0.627451 0.643137
v 0.105594 0.0360599 -0.0816535 0.627451 0.627451 0.643137
v 0.105674 0.0359537 -0.0817995 0.627451 0.627451 0.643137
v 0.105602 0.0360599 -0.0819747 0.627451 0.627451 0.643137
v 0.105513 0.0361662 -0.0815075 0.627451 0.627451 0.643137
v 0.10719 0.0355289 -0.0792082 0.627451 0.627451 0.643137
v 0.107167 0.0354757 -0.0792106 0.627451 0.627451 0.643137
v 0.106117 0.0355289 -0.0803396 0.627451 0.627451 0.643137
v 0.107009 0.035104 -0.0792276 0.627451 0.627451 0.643137
v 0.106986 0.0350509 -0.0792301 0.627451 0.627451 0.643137
v 0.107017 0.0350243 -0.0792009 0.627451 0.627451 0.643137
v 0.106501 0.0350509 -0.0797751 0.627451 0.627451 0.643137
v 0.106946 0.034865 -0.0792045 0.627451 0.627451 0.643137
v 0.106922 0.0348119 -0.0792057 0.627451 0.627451 0.643137
v 0.106688 0.0348384 -0.0794734 0.627451 0.627451 0.643137
v 0.106899 0.0347588 -0.079207 0.627451 0.627451 0.643137
v 0.106875 0.0347057 -0.0792082 0.627451 0.627451 0.643137
v 0.106781 0.0347322 -0.0793225 0.627451 0.627451 0.643137
v 0.106828 0.0346791 -0.0792471 0.627451 0.627451 0.643137
v 0.106851 0.0347322 -0.0792447 0.627451 0.627451 0.643137
v 0.106826 0.0347588 -0.0792812 0.627451 0.627451 0.643137
v 0.106805 0.0347057 -0.0792848 0.627451 0.627451 0.643137
v 0.106735 0.0347853 -0.079398 0.627451 0.627451 0.643137
v 0.106758 0.0347588 -0.0793602 0.627451 0.627451 0.643137
v 0.106802 0.0347853 -0.0793177 0.627451 0.627451 0.643137
v 0.106777 0.0348119 -0.0793542 0.627451 0.627451 0.643137
v 0.106711 0.0348119 -0.0794357 0.627451 0.627451 0.643137
v 0.106753 0.0348384 -0.0793907 0.627451 0.627451 0.643137
v 0.106728 0.034865 -0.0794272 0.627451 0.627451 0.643137
v 0.106822 0.0348384 -0.0793128 0.627451 0.627451 0.643137
v 0.106873 0.0347853 -0.0792422 0.627451 0.627451 0.643137
v 0.106848 0.0348119 -0.0792775 0.627451 0.627451 0.643137
v 0.106896 0.0348384 -0.0792398 0.627451 0.627451 0.643137
v 0.106869 0.034865 -0.0792739 0.627451 0.627451 0.643137
v 0.106843 0.0348915 -0.0793079 0.627451 0.627451 0.643137
v 0.106771 0.0348915 -0.0793834 0.627451 0.627451 0.643137
v 0.106816 0.0349181 -0.079342 0.627451 0.627451 0.643137
v 0.106797 0.034865 -0.0793481 0.627451 0.627451 0.643137
v 0.106746 0.0349181 -0.0794186 0.627451 0.627451 0.643137
v 0.106789 0.0349447 -0.0793761 0.627451 0.627451 0.643137
v 0.106704 0.0348915 -0.0794637 0.627451 0.627451 0.643137
v 0.10672 0.0349447 -0.0794539 0.627451 0.627451 0.643137
v 0.106763 0.0349712 -0.0794101 0.627451 0.627451 0.643137
v 0.10668 0.0349181 -0.0795002 0.627451 0.627451 0.643137
v 0.106594 0.0349447 -0.0796242 0.627451 0.627451 0.643137
v 0.106641 0.0348915 -0.0795488 0.627451 0.627451 0.643137
v 0.106665 0.034865 -0.0795111 0.627451 0.627451 0.643137
v 0.106618 0.0349181 -0.0795865 0.627451 0.627451 0.643137
v 0.106655 0.0349447 -0.0795367 0.627451 0.627451 0.643137
v 0.106631 0.0349712 -0.0795731 0.627451 0.627451 0.643137
v 0.106548 0.0349978 -0.0796997 0.627451 0.627451 0.643137
v 0.106606 0.0349978 -0.0796096 0.627451 0.627451 0.643137
v 0.106582 0.0350243 -0.0796461 0.627451 0.627451 0.643137
v 0.106557 0.0350509 -0.0796826 0.627451 0.627451 0.643137
v 0.106618 0.0350509 -0.079595 0.627451 0.627451 0.643137
v 0.106669 0.0349978 -0.0795245 0.627451 0.627451 0.643137
v 0.106695 0.0349712 -0.0794892 0.627451 0.627451 0.643137
v 0.106736 0.0349978 -0.0794442 0.627451 0.627451 0.643137
v 0.10671 0.0350243 -0.0794783 0.627451 0.627451 0.643137
v 0.106643 0.0350243 -0.0795598 0.627451 0.627451 0.643137
v 0.106683 0.0350509 -0.0795123 0.627451 0.627451 0.643137
v 0.106656 0.0350774 -0.0795464 0.627451 0.627451 0.643137
v 0.106508 0.035104 -0.0797556 0.627451 0.627451 0.643137
v 0.106567 0.035104 -0.0796656 0.627451 0.627451 0.643137
v 0.106592 0.0350774 -0.0796303 0.627451 0.627451 0.643137
v 0.10663 0.035104 -0.0795804 0.627451 0.627451 0.643137
v 0.106603 0.0351305 -0.0796145 0.627451 0.627451 0.643137
v 0.106577 0.0351571 -0.0796486 0.627451 0.627451 0.643137
v 0.10655 0.0351836 -0.0796826 0.627451 0.627451 0.643137
v 0.106516 0.0351571 -0.0797362 0.627451 0.627451 0.643137
v 0.106752 0.0350509 -0.0794345 0.627451 0.627451 0.643137
v 0.106994 0.0349712 -0.0792021 0.627451 0.627451 0.643137
v 0.10697 0.0349181 -0.0792033 0.627451 0.627451 0.643137
v 0.106863 0.0349447 -0.0793031 0.627451 0.627451 0.643137
v 0.106835 0.0349712 -0.0793359 0.627451 0.627451 0.643137
v 0.106918 0.0348915 -0.0792374 0.627451 0.627451 0.643137
v 0.106891 0.0349181 -0.0792702 0.627451 0.627451 0.643137
v 0.106941 0.0349447 -0.0792349 0.627451 0.627451 0.643137
v 0.106912 0.0349712 -0.0792666 0.627451 0.627451 0.643137
v 0.106884 0.0349978 -0.0792982 0.627451 0.627451 0.643137
v 0.106808 0.0349978 -0.0793688 0.627451 0.627451 0.643137
v 0.106855 0.0350243 -0.0793298 0.627451 0.627451 0.643137
v 0.106826 0.0350509 -0.0793615 0.627451 0.627451 0.643137
v 0.106797 0.0350774 -0.0793931 0.627451 0.627451 0.643137
v 0.10678 0.0350243 -0.0794016 0.627451 0.627451 0.643137
v 0.106904 0.0350509 -0.0792933 0.627451 0.627451 0.643137
v 0.106874 0.0350774 -0.0793238 0.627451 0.627451 0.643137
v 0.106964 0.0349978 -0.0792325 0.627451 0.627451 0.643137
v 0.106934 0.0350243 -0.0792629 0.627451 0.627451 0.643137
v 0.106955 0.0350774 -0.0792593 0.627451 0.627451 0.643137
v 0.106924 0.035104 -0.0792885 0.627451 0.627451 0.643137
v 0.106844 0.035104 -0.0793542 0.627451 0.627451 0.643137
v 0.106814 0.0351305 -0.0793846 0.627451 0.627451 0.643137
v 0.106893 0.0351305 -0.0793177 0.627451 0.627451 0.643137
v 0.106862 0.0351571 -0.0793469 0.627451 0.627451 0.643137
v 0.106832 0.0351836 -0.0793761 0.627451 0.627451 0.643137
v 0.106784 0.0351571 -0.079415 0.627451 0.627451 0.643137
v 0.106768 0.035104 -0.0794247 0.627451 0.627451 0.643137
v 0.106801 0.0352102 -0.0794053 0.627451 0.627451 0.643137
v 0.10674 0.0351305 -0.0794564 0.627451 0.627451 0.643137
v 0.106641 0.0351571 -0.0795658 0.627451 0.627451 0.643137
v 0.106697 0.035104 -0.0795002 0.627451 0.627451 0.643137
v 0.106725 0.0350774 -0.0794673 0.627451 0.627451 0.643137
v 0.106669 0.0351305 -0.079533 0.627451 0.627451 0.643137
v 0.106711 0.0351571 -0.079488 0.627451 0.627451 0.643137
v 0.106682 0.0351836 -0.0795196 0.627451 0.627451 0.643137
v 0.106586 0.0352102 -0.0796315 0.627451 0.627451 0.643137
v 0.106614 0.0351836 -0.0795987 0.627451 0.627451 0.643137
v 0.106653 0.0352102 -0.0795513 0.627451 0.627451 0.643137
v 0.106624 0.0352368 -0.0795829 0.627451 0.627451 0.643137
v 0.106558 0.0352368 -0.0796644 0.627451 0.627451 0.643137
v 0.106596 0.0352633 -0.0796145 0.627451 0.627451 0.643137
v 0.106523 0.0352102 -0.0797167 0.627451 0.627451 0.643137
v 0.106531 0.0352633 -0.0796972 0.627451 0.627451 0.643137
v 0.106567 0.0352899 -0.0796461 0.627451 0.627451 0.643137
v 0.106665 0.0352633 -0.0795367 0.627451 0.627451 0.643137
v 0.106725 0.0352102 -0.0794758 0.627451 0.627451 0.643137
v 0.10677 0.0352368 -0.0794345 0.627451 0.627451 0.643137
v 0.106755 0.0351836 -0.0794454 0.627451 0.627451 0.643137
v 0.106695 0.0352368 -0.0795062 0.627451 0.627451 0.643137
v 0.106739 0.0352633 -0.0794637 0.627451 0.627451 0.643137
v 0.106708 0.0352899 -0.0794929 0.627451 0.627451 0.643137
v 0.106605 0.0353164 -0.0795975 0.627451 0.627451 0.643137
v 0.106635 0.0352899 -0.0795671 0.627451 0.627451 0.643137
v 0.106677 0.0353164 -0.0795221 0.627451 0.627451 0.643137
v 0.106646 0.035343 -0.0795513 0.627451 0.627451 0.643137
v 0.106575 0.035343 -0.0796279 0.627451 0.627451 0.643137
v 0.106615 0.0353695 -0.0795804 0.627451 0.627451 0.643137
v 0.106538 0.0353164 -0.0796778 0.627451 0.627451 0.643137
v 0.106546 0.0353695 -0.0796583 0.627451 0.627451 0.643137
v 0.106584 0.0353961 -0.0796096 0.627451 0.627451 0.643137
v 0.10647 0.0352633 -0.0797848 0.627451 0.627451 0.643137
v 0.106271 0.0352633 -0.0801839 0.627451 0.627451 0.643137
v 0.106314 0.0352633 -0.0800768 0.627451 0.627451 0.643137
v 0.10646 0.0351571 -0.0798286 0.627451 0.627451 0.643137
v 0.106408 0.0351571 -0.079926 0.627451 0.627451 0.643137
v 0.106454 0.035104 -0.0798505 0.627451 0.627451 0.643137
v 0.106361 0.0352102 -0.0800014 0.627451 0.627451 0.643137
v 0.106411 0.0352102 -0.0799016 0.627451 0.627451 0.643137
v 0.106362 0.0352633 -0.0799746 0.627451 0.627451 0.643137
v 0.106414 0.0352633 -0.0798773 0.627451 0.627451 0.643137
v 0.106465 0.0352102 -0.0798067 0.627451 0.627451 0.643137
v 0.106313 0.0353164 -0.0800476 0.627451 0.627451 0.643137
v 0.106363 0.0353164 -0.0799479 0.627451 0.627451 0.643137
v 0.106417 0.0353164 -0.079853 0.627451 0.627451 0.643137
v 0.106312 0.0353695 -0.0800184 0.627451 0.627451 0.643137
v 0.106364 0.0353695 -0.0799211 0.627451 0.627451 0.643137
v 0.106264 0.0353695 -0.0801206 0.627451 0.627451 0.643137
v 0.106166 0.0354757 -0.0802666 0.627451 0.627451 0.643137
v 0.106221 0.0353695 -0.0802277 0.627451 0.627451 0.643137
v 0.106267 0.0353164 -0.0801522 0.627451 0.627451 0.643137
v 0.106215 0.0354226 -0.0801936 0.627451 0.627451 0.643137
v 0.106209 0.0354757 -0.0801595 0.627451 0.627451 0.643137
v 0.106261 0.0354226 -0.080089 0.627451 0.627451 0.643137
v 0.10631 0.0354226 -0.0799892 0.627451 0.627451 0.643137
v 0.106257 0.0354757 -0.0800573 0.627451 0.627451 0.643137
v 0.106097 0.0356351 -0.0802617 0.627451 0.627451 0.643137
v 0.106158 0.0355289 -0.0802301 0.627451 0.627451 0.643137
v 0.106204 0.0355289 -0.0801255 0.627451 0.627451 0.643137
v 0.106309 0.0354757 -0.07996 0.627451 0.627451 0.643137
v 0.106509 0.035343 -0.0797094 0.627451 0.627451 0.643137
v 0.10642 0.0353695 -0.0798286 0.627451 0.627451 0.643137
v 0.106475 0.0353164 -0.0797629 0.627451 0.627451 0.643137
v 0.106481 0.0353695 -0.079741 0.627451 0.627451 0.643137
v 0.106365 0.0354226 -0.0798943 0.627451 0.627451 0.643137
v 0.106423 0.0354226 -0.0798043 0.627451 0.627451 0.643137
v 0.106365 0.0354757 -0.0798676 0.627451 0.627451 0.643137
v 0.106426 0.0354757 -0.07978 0.627451 0.627451 0.643137
v 0.106486 0.0354226 -0.0797191 0.627451 0.627451 0.643137
v 0.106516 0.0353961 -0.0796887 0.627451 0.627451 0.643137
v 0.106553 0.0354226 -0.0796388 0.627451 0.627451 0.643137
v 0.106522 0.0354492 -0.079668 0.627451 0.627451 0.643137
v 0.106491 0.0354757 -0.0796972 0.627451 0.627451 0.643137
v 0.106308 0.0355289 -0.0799308 0.627451 0.627451 0.643137
v 0.106366 0.0355289 -0.0798408 0.627451 0.627451 0.643137
v 0.106429 0.0355289 -0.0797556 0.627451 0.627451 0.643137
v 0.106307 0.035582 -0.0799016 0.627451 0.627451 0.643137
v 0.106367 0.035582 -0.079814 0.627451 0.627451 0.643137
v 0.10625 0.035582 -0.0799941 0.627451 0.627451 0.643137
v 0.106151 0.035582 -0.0801936 0.627451 0.627451 0.643137
v 0.106198 0.035582 -0.0800914 0.627451 0.627451 0.643137
v 0.106254 0.0355289 -0.0800257 0.627451 0.627451 0.643137
v 0.106143 0.0356351 -0.0801571 0.627451 0.627451 0.643137
v 0.106193 0.0356351 -0.0800573 0.627451 0.627451 0.643137
v 0.106088 0.0356882 -0.0802228 0.627451 0.627451 0.643137
v 0.106135 0.0356882 -0.0801206 0.627451 0.627451 0.643137
v 0.106187 0.0356882 -0.0800233 0.627451 0.627451 0.643137
v 0.106247 0.0356351 -0.0799625 0.627451 0.627451 0.643137
v 0.106305 0.0356351 -0.0798724 0.627451 0.627451 0.643137
v 0.106244 0.0356882 -0.0799308 0.627451 0.627451 0.643137
v 0.106078 0.0357413 -0.0801839 0.627451 0.627451 0.643137
v 0.106127 0.0357413 -0.0800841 0.627451 0.627451 0.643137
v 0.106182 0.0357413 -0.0799892 0.627451 0.627451 0.643137
v 0.106068 0.0357944 -0.0801449 0.627451 0.627451 0.643137
v 0.10612 0.0357944 -0.0800476 0.627451 0.627451 0.643137
v 0.10656 0.0354757 -0.0796194 0.627451 0.627451 0.643137
v 0.107099 0.0353164 -0.0792179 0.627451 0.627451 0.643137
v 0.107077 0.0352633 -0.0792203 0.627451 0.627451 0.643137
v 0.106817 0.0352633 -0.0793955 0.627451 0.627451 0.643137
v 0.106785 0.0352899 -0.0794235 0.627451 0.627451 0.643137
v 0.107054 0.0352102 -0.0792228 0.627451 0.627451 0.643137
v 0.107031 0.0351571 -0.0792252 0.627451 0.627451 0.643137
v 0.106945 0.0351571 -0.0792836 0.627451 0.627451 0.643137
v 0.106913 0.0351836 -0.0793116 0.627451 0.627451 0.643137
v 0.106977 0.0351305 -0.0792556 0.627451 0.627451 0.643137
v 0.106998 0.0351836 -0.079252 0.627451 0.627451 0.643137
v 0.106965 0.0352102 -0.0792787 0.627451 0.627451 0.643137
v 0.106881 0.0352102 -0.0793396 0.627451 0.627451 0.643137
v 0.106849 0.0352368 -0.0793675 0.627451 0.627451 0.643137
v 0.106932 0.0352368 -0.0793055 0.627451 0.627451 0.643137
v 0.106899 0.0352633 -0.0793323 0.627451 0.627451 0.643137
v 0.106866 0.0352899 -0.079359 0.627451 0.627451 0.643137
v 0.106833 0.0353164 -0.0793858 0.627451 0.627451 0.643137
v 0.106986 0.0352633 -0.0792739 0.627451 0.627451 0.643137
v 0.106951 0.0352899 -0.0792994 0.627451 0.627451 0.643137
v 0.10702 0.0352368 -0.0792483 0.627451 0.627451 0.643137
v 0.107006 0.0353164 -0.079269 0.627451 0.627451 0.643137
v 0.106917 0.0353164 -0.079325 0.627451 0.627451 0.643137
v 0.106883 0.035343 -0.0793505 0.627451 0.627451 0.643137
v 0.106971 0.035343 -0.0792933 0.627451 0.627451 0.643137
v 0.106936 0.0353695 -0.0793177 0.627451 0.627451 0.643137
v 0.1069 0.0353961 -0.079342 0.627451 0.627451 0.643137
v 0.106849 0.0353695 -0.0793761 0.627451 0.627451 0.643137
v 0.106865 0.0354226 -0.0793663 0.627451 0.627451 0.643137
v 0.106815 0.0353961 -0.0794016 0.627451 0.627451 0.643137
v 0.1068 0.035343 -0.0794126 0.627451 0.627451 0.643137
v 0.106689 0.0353695 -0.0795075 0.627451 0.627451 0.643137
v 0.106753 0.0353164 -0.0794515 0.627451 0.627451 0.643137
v 0.106767 0.0353695 -0.0794393 0.627451 0.627451 0.643137
v 0.106733 0.0353961 -0.0794661 0.627451 0.627451 0.643137
v 0.106721 0.035343 -0.0794795 0.627451 0.627451 0.643137
v 0.106625 0.0354226 -0.0795634 0.627451 0.627451 0.643137
v 0.106657 0.0353961 -0.0795354 0.627451 0.627451 0.643137
v 0.1067 0.0354226 -0.0794929 0.627451 0.627451 0.643137
v 0.106667 0.0354492 -0.0795196 0.627451 0.627451 0.643137
v 0.106592 0.0354492 -0.0795914 0.627451 0.627451 0.643137
v 0.106634 0.0354757 -0.0795464 0.627451 0.627451 0.643137
v 0.106601 0.0355023 -0.0795731 0.627451 0.627451 0.643137
v 0.106712 0.0354757 -0.0794783 0.627451 0.627451 0.643137
v 0.10678 0.0354226 -0.0794272 0.627451 0.627451 0.643137
v 0.106746 0.0354492 -0.0794527 0.627451 0.627451 0.643137
v 0.10683 0.0354492 -0.0793907 0.627451 0.627451 0.643137
v 0.106794 0.0354757 -0.079415 0.627451 0.627451 0.643137
v 0.106759 0.0355023 -0.0794393 0.627451 0.627451 0.643137
v 0.106724 0.0355289 -0.0794637 0.627451 0.627451 0.643137
v 0.106644 0.0355289 -0.0795294 0.627451 0.627451 0.643137
v 0.106689 0.0355554 -0.079488 0.627451 0.627451 0.643137
v 0.106678 0.0355023 -0.0795038 0.627451 0.627451 0.643137
v 0.10661 0.0355554 -0.0795549 0.627451 0.627451 0.643137
v 0.106653 0.035582 -0.0795123 0.627451 0.627451 0.643137
v 0.106568 0.0355289 -0.0795999 0.627451 0.627451 0.643137
v 0.106575 0.035582 -0.0795804 0.627451 0.627451 0.643137
v 0.106618 0.0356085 -0.0795367 0.627451 0.627451 0.643137
v 0.106881 0.0354757 -0.0793566 0.627451 0.627451 0.643137
v 0.106845 0.0355023 -0.0793797 0.627451 0.627451 0.643137
v 0.107144 0.0354226 -0.079213 0.627451 0.627451 0.643137
v 0.107122 0.0353695 -0.0792155 0.627451 0.627451 0.643137
v 0.107027 0.0353695 -0.0792641 0.627451 0.627451 0.643137
v 0.10699 0.0353961 -0.0792873 0.627451 0.627451 0.643137
v 0.107047 0.0354226 -0.0792593 0.627451 0.627451 0.643137
v 0.106954 0.0354226 -0.0793104 0.627451 0.627451 0.643137
v 0.106917 0.0354492 -0.0793335 0.627451 0.627451 0.643137
v 0.10701 0.0354492 -0.0792812 0.627451 0.627451 0.643137
v 0.106972 0.0354757 -0.0793031 0.627451 0.627451 0.643137
v 0.106935 0.0355023 -0.079325 0.627451 0.627451 0.643137
v 0.106897 0.0355289 -0.0793469 0.627451 0.627451 0.643137
v 0.10699 0.0355289 -0.0792958 0.627451 0.627451 0.643137
v 0.107067 0.0354757 -0.0792544 0.627451 0.627451 0.643137
v 0.107088 0.0355289 -0.0792495 0.627451 0.627451 0.643137
v 0.106952 0.0355554 -0.0793165 0.627451 0.627451 0.643137
v 0.107009 0.035582 -0.0792885 0.627451 0.627451 0.643137
v 0.106969 0.0356085 -0.0793079 0.627451 0.627451 0.643137
v 0.106913 0.035582 -0.0793371 0.627451 0.627451 0.643137
v 0.106929 0.0356351 -0.0793274 0.627451 0.627451 0.643137
v 0.106875 0.0356085 -0.0793578 0.627451 0.627451 0.643137
v 0.10686 0.0355554 -0.0793688 0.627451 0.627451 0.643137
v 0.106736 0.035582 -0.0794491 0.627451 0.627451 0.643137
v 0.106699 0.0356085 -0.0794722 0.627451 0.627451 0.643137
v 0.106808 0.0355289 -0.0794028 0.627451 0.627451 0.643137
v 0.106772 0.0355554 -0.0794259 0.627451 0.627451 0.643137
v 0.106822 0.035582 -0.0793907 0.627451 0.627451 0.643137
v 0.106785 0.0356085 -0.0794126 0.627451 0.627451 0.643137
v 0.106747 0.0356351 -0.0794345 0.627451 0.627451 0.643137
v 0.106663 0.0356351 -0.0794953 0.627451 0.627451 0.643137
v 0.10671 0.0356616 -0.0794564 0.627451 0.627451 0.643137
v 0.106672 0.0356882 -0.0794783 0.627451 0.627451 0.643137
v 0.106635 0.0357147 -0.0795002 0.627451 0.627451 0.643137
v 0.106627 0.0356616 -0.0795184 0.627451 0.627451 0.643137
v 0.106583 0.0356351 -0.079561 0.627451 0.627451 0.643137
v 0.10659 0.0356882 -0.0795415 0.627451 0.627451 0.643137
v 0.106759 0.0356882 -0.0794199 0.627451 0.627451 0.643137
v 0.106721 0.0357147 -0.0794405 0.627451 0.627451 0.643137
v 0.106836 0.0356351 -0.0793785 0.627451 0.627451 0.643137
v 0.106798 0.0356616 -0.0793992 0.627451 0.627451 0.643137
v 0.10689 0.0356616 -0.0793469 0.627451 0.627451 0.643137
v 0.10685 0.0356882 -0.0793663 0.627451 0.627451 0.643137
v 0.106811 0.0357147 -0.0793858 0.627451 0.627451 0.643137
v 0.106771 0.0357413 -0.0794053 0.627451 0.627451 0.643137
v 0.106682 0.0357413 -0.0794612 0.627451 0.627451 0.643137
v 0.106644 0.0357678 -0.0794819 0.627451 0.627451 0.643137
v 0.106731 0.0357678 -0.0794247 0.627451 0.627451 0.643137
v 0.106692 0.0357944 -0.0794442 0.627451 0.627451 0.643137
v 0.106652 0.035821 -0.0794637 0.627451 0.627451 0.643137
v 0.106605 0.0357944 -0.0795026 0.627451 0.627451 0.643137
v 0.106598 0.0357413 -0.0795221 0.627451 0.627451 0.643137
v 0.106612 0.0358475 -0.0794831 0.627451 0.627451 0.643137
v 0.106547 0.0356616 -0.0795853 0.627451 0.627451 0.643137
v 0.106304 0.0356882 -0.0798432 0.627451 0.627451 0.643137
v 0.106535 0.0355554 -0.0796267 0.627451 0.627451 0.643137
v 0.106432 0.035582 -0.0797313 0.627451 0.627451 0.643137
v 0.106496 0.0355289 -0.0796753 0.627451 0.627451 0.643137
v 0.106464 0.0355554 -0.0797033 0.627451 0.627451 0.643137
v 0.106528 0.0355023 -0.0796474 0.627451 0.627451 0.643137
v 0.106502 0.035582 -0.0796534 0.627451 0.627451 0.643137
v 0.106469 0.0356085 -0.0796802 0.627451 0.627451 0.643137
v 0.106368 0.0356351 -0.0797873 0.627451 0.627451 0.643137
v 0.106435 0.0356351 -0.079707 0.627451 0.627451 0.643137
v 0.106369 0.0356882 -0.0797605 0.627451 0.627451 0.643137
v 0.106439 0.0356882 -0.0796826 0.627451 0.627451 0.643137
v 0.106507 0.0356351 -0.0796315 0.627451 0.627451 0.643137
v 0.106541 0.0356085 -0.079606 0.627451 0.627451 0.643137
v 0.106473 0.0356616 -0.0796571 0.627451 0.627451 0.643137
v 0.106512 0.0356882 -0.0796096 0.627451 0.627451 0.643137
v 0.106477 0.0357147 -0.079634 0.627451 0.627451 0.643137
v 0.106303 0.0357413 -0.079814 0.627451 0.627451 0.643137
v 0.10637 0.0357413 -0.0797337 0.627451 0.627451 0.643137
v 0.106442 0.0357413 -0.0796583 0.627451 0.627451 0.643137
v 0.106302 0.0357944 -0.0797848 0.627451 0.627451 0.643137
v 0.106371 0.0357944 -0.079707 0.627451 0.627451 0.643137
v 0.106237 0.0357944 -0.0798676 0.627451 0.627451 0.643137
v 0.106176 0.0357944 -0.0799552 0.627451 0.627451 0.643137
v 0.10624 0.0357413 -0.0798992 0.627451 0.627451 0.643137
v 0.106058 0.0358475 -0.080106 0.627451 0.627451 0.643137
v 0.106112 0.0358475 -0.0800111 0.627451 0.627451 0.643137
v 0.10617 0.0358475 -0.0799211 0.627451 0.627451 0.643137
v 0.106048 0.0359006 -0.0800671 0.627451 0.627451 0.643137
v 0.106104 0.0359006 -0.0799746 0.627451 0.627451 0.643137
v 0.106165 0.0359006 -0.079887 0.627451 0.627451 0.643137
v 0.106233 0.0358475 -0.0798359 0.627451 0.627451 0.643137
v 0.1063 0.0358475 -0.0797556 0.627451 0.627451 0.643137
v 0.10623 0.0359006 -0.0798043 0.627451 0.627451 0.643137
v 0.106038 0.0359537 -0.0800281 0.627451 0.627451 0.643137
v 0.106097 0.0359537 -0.0799381 0.627451 0.627451 0.643137
v 0.106159 0.0359537 -0.079853 0.627451 0.627451 0.643137
v 0.106028 0.0360068 -0.0799892 0.627451 0.627451 0.643137
v 0.106089 0.0360068 -0.0799016 0.627451 0.627451 0.643137
v 0.106299 0.0359006 -0.0797264 0.627451 0.627451 0.643137
v 0.10656 0.0357678 -0.079544 0.627451 0.627451 0.643137
v 0.106445 0.0357944 -0.079634 0.627451 0.627451 0.643137
v 0.106517 0.0357413 -0.0795877 0.627451 0.627451 0.643137
v 0.106554 0.0357147 -0.0795646 0.627451 0.627451 0.643137
v 0.106481 0.0357678 -0.0796109 0.627451 0.627451 0.643137
v 0.106523 0.0357944 -0.0795658 0.627451 0.627451 0.643137
v 0.106485 0.035821 -0.0795877 0.627451 0.627451 0.643137
v 0.106372 0.0358475 -0.0796802 0.627451 0.627451 0.643137
v 0.106448 0.0358475 -0.0796096 0.627451 0.627451 0.643137
v 0.106373 0.0359006 -0.0796534 0.627451 0.627451 0.643137
v 0.106451 0.0359006 -0.0795853 0.627451 0.627451 0.643137
v 0.106528 0.0358475 -0.079544 0.627451 0.627451 0.643137
v 0.106573 0.0358741 -0.0795026 0.627451 0.627451 0.643137
v 0.106567 0.035821 -0.0795233 0.627451 0.627451 0.643137
v 0.106489 0.0358741 -0.0795646 0.627451 0.627451 0.643137
v 0.106533 0.0359006 -0.0795221 0.627451 0.627451 0.643137
v 0.106494 0.0359272 -0.0795415 0.627451 0.627451 0.643137
v 0.106298 0.0359537 -0.0796972 0.627451 0.627451 0.643137
v 0.106374 0.0359537 -0.0796267 0.627451 0.627451 0.643137
v 0.106454 0.0359537 -0.079561 0.627451 0.627451 0.643137
v 0.106297 0.0360068 -0.079668 0.627451 0.627451 0.643137
v 0.106375 0.0360068 -0.0795999 0.627451 0.627451 0.643137
v 0.106223 0.0360068 -0.079741 0.627451 0.627451 0.643137
v 0.106154 0.0360068 -0.0798189 0.627451 0.627451 0.643137
v 0.106227 0.0359537 -0.0797727 0.627451 0.627451 0.643137
v 0.106018 0.0360599 -0.0799503 0.627451 0.627451 0.643137
v 0.106081 0.0360599 -0.0798651 0.627451 0.627451 0.643137
v 0.106148 0.0360599 -0.0797848 0.627451 0.627451 0.643137
v 0.106008 0.0361131 -0.0799114 0.627451 0.627451 0.643137
v 0.106073 0.0361131 -0.0798286 0.627451 0.627451 0.643137
v 0.106143 0.0361131 -0.0797508 0.627451 0.627451 0.643137
v 0.10622 0.0360599 -0.0797094 0.627451 0.627451 0.643137
v 0.106296 0.0360599 -0.0796388 0.627451 0.627451 0.643137
v 0.106216 0.0361131 -0.0796778 0.627451 0.627451 0.643137
v 0.105998 0.0361662 -0.0798724 0.627451 0.627451 0.643137
v 0.106066 0.0361662 -0.0797921 0.627451 0.627451 0.643137
v 0.106137 0.0361662 -0.0797167 0.627451 0.627451 0.643137
v 0.105989 0.0362193 -0.0798335 0.627451 0.627451 0.643137
v 0.106058 0.0362193 -0.0797556 0.627451 0.627451 0.643137
v 0.105996 0.0359006 -0.0801644 0.627451 0.627451 0.643137
v 0.105628 0.0360599 -0.0810695 0.627451 0.627451 0.643137
v 0.10602 0.0357944 -0.0802471 0.627451 0.627451 0.643137
v 0.106044 0.0356882 -0.0803299 0.627451 0.627451 0.643137
v 0.10594 0.0356882 -0.0806802 0.627451 0.627451 0.643137
v 0.105847 0.0357944 -0.0808311 0.627451 0.627451 0.643137
v 0.106068 0.035582 -0.0804126 0.627451 0.627451 0.643137
v 0.105987 0.0356351 -0.0806048 0.627451 0.627451 0.643137
v 0.106048 0.0355289 -0.0805732 0.627451 0.627451 0.643137
v 0.106034 0.035582 -0.0805294 0.627451 0.627451 0.643137
v 0.106019 0.0356351 -0.0804856 0.627451 0.627451 0.643137
v 0.105971 0.0356882 -0.0805586 0.627451 0.627451 0.643137
v 0.106005 0.0356882 -0.0804418 0.627451 0.627451 0.643137
v 0.105991 0.0357413 -0.080398 0.627451 0.627451 0.643137
v 0.105954 0.0357413 -0.0805123 0.627451 0.627451 0.643137
v 0.105922 0.0357413 -0.0806316 0.627451 0.627451 0.643137
v 0.105903 0.0357944 -0.0805829 0.627451 0.627451 0.643137
v 0.105938 0.0357944 -0.0804661 0.627451 0.627451 0.643137
v 0.105824 0.0358475 -0.0807776 0.627451 0.627451 0.643137
v 0.105726 0.0359537 -0.0809235 0.627451 0.627451 0.643137
v 0.105672 0.0360599 -0.0808068 0.627451 0.627451 0.643137
v 0.105801 0.0359006 -0.080724 0.627451 0.627451 0.643137
v 0.105885 0.0358475 -0.0805342 0.627451 0.627451 0.643137
v 0.105778 0.0359537 -0.0806705 0.627451 0.627451 0.643137
v 0.105866 0.0359006 -0.0804856 0.627451 0.627451 0.643137
v 0.105977 0.0357944 -0.0803542 0.627451 0.627451 0.643137
v 0.105963 0.0358475 -0.0803104 0.627451 0.627451 0.643137
v 0.105921 0.0358475 -0.0804199 0.627451 0.627451 0.643137
v 0.105905 0.0359006 -0.0803737 0.627451 0.627451 0.643137
v 0.105934 0.0359537 -0.0802228 0.627451 0.627451 0.643137
v 0.106008 0.0358475 -0.0802058 0.627451 0.627451 0.643137
v 0.105872 0.0360068 -0.0802812 0.627451 0.627451 0.643137
v 0.105829 0.0360068 -0.0803883 0.627451 0.627451 0.643137
v 0.10581 0.0360599 -0.0803396 0.627451 0.627451 0.643137
v 0.105732 0.0360599 -0.0805634 0.627451 0.627451 0.643137
v 0.105847 0.0359537 -0.0804369 0.627451 0.627451 0.643137
v 0.105755 0.0360068 -0.080617 0.627451 0.627451 0.643137
v 0.105644 0.0361131 -0.0807484 0.627451 0.627451 0.643137
v 0.105617 0.0361662 -0.08069 0.627451 0.627451 0.643137
v 0.105709 0.0361131 -0.0805099 0.627451 0.627451 0.643137
v 0.105748 0.0361131 -0.080398 0.627451 0.627451 0.643137
v 0.10559 0.0362193 -0.0806316 0.627451 0.627451 0.643137
v 0.105686 0.0361662 -0.0804564 0.627451 0.627451 0.643137
v 0.105502 0.0362724 -0.0808165 0.627451 0.627451 0.643137
v 0.105565 0.0361662 -0.080943 0.627451 0.627451 0.643137
v 0.105433 0.0362724 -0.0813615 0.627451 0.627451 0.643137
v 0.10553 0.0361662 -0.0812155 0.627451 0.627451 0.643137
v 0.105459 0.0362724 -0.0810793 0.627451 0.627451 0.643137
v 0.105352 0.0363786 -0.0812155 0.627451 0.627451 0.643137
v 0.105387 0.0363786 -0.080943 0.627451 0.627451 0.643137
v 0.105439 0.0363786 -0.08069 0.627451 0.627451 0.643137
v 0.105272 0.0364848 -0.0810695 0.627451 0.627451 0.643137
v 0.105315 0.0364848 -0.0808068 0.627451 0.627451 0.643137
v 0.105191 0.036591 -0.0809235 0.627451 0.627451 0.643137
v 0.105376 0.0364848 -0.0805634 0.627451 0.627451 0.643137
v 0.105535 0.0363255 -0.0805148 0.627451 0.627451 0.643137
v 0.105563 0.0362724 -0.0805732 0.627451 0.627451 0.643137
v 0.105948 0.0361131 -0.0799989 0.627451 0.627451 0.643137
v 0.105792 0.0361131 -0.0802909 0.627451 0.627451 0.643137
v 0.105972 0.0360068 -0.0800817 0.627451 0.627451 0.643137
v 0.105839 0.0361131 -0.0801887 0.627451 0.627451 0.643137
v 0.10592 0.0360068 -0.080179 0.627451 0.627451 0.643137
v 0.105984 0.0359537 -0.080123 0.627451 0.627451 0.643137
v 0.105773 0.0361662 -0.0802423 0.627451 0.627451 0.643137
v 0.105906 0.0360599 -0.0801352 0.627451 0.627451 0.643137
v 0.105891 0.0361131 -0.0800914 0.627451 0.627451 0.643137
v 0.10596 0.0360599 -0.0800403 0.627451 0.627451 0.643137
v 0.105755 0.0362193 -0.0801936 0.627451 0.627451 0.643137
v 0.105823 0.0361662 -0.0801425 0.627451 0.627451 0.643137
v 0.105807 0.0362193 -0.0800963 0.627451 0.627451 0.643137
v 0.105877 0.0361662 -0.0800476 0.627451 0.627451 0.643137
v 0.105707 0.0362193 -0.0802958 0.627451 0.627451 0.643137
v 0.105664 0.0362193 -0.0804028 0.627451 0.627451 0.643137
v 0.105728 0.0361662 -0.0803469 0.627451 0.627451 0.643137
v 0.105641 0.0362724 -0.0803493 0.627451 0.627451 0.643137
v 0.105508 0.0363786 -0.0804564 0.627451 0.627451 0.643137
v 0.105618 0.0363255 -0.0802958 0.627451 0.627451 0.643137
v 0.105686 0.0362724 -0.0802447 0.627451 0.627451 0.643137
v 0.105736 0.0362724 -0.0801449 0.627451 0.627451 0.643137
v 0.105665 0.0363255 -0.0801936 0.627451 0.627451 0.643137
v 0.105481 0.0364317 -0.080398 0.627451 0.627451 0.643137
v 0.105595 0.0363786 -0.0802423 0.627451 0.627451 0.643137
v 0.105717 0.0363255 -0.0800963 0.627451 0.627451 0.643137
v 0.105924 0.0362193 -0.0799162 0.627451 0.627451 0.643137
v 0.105863 0.0362193 -0.0800038 0.627451 0.627451 0.643137
v 0.105936 0.0361662 -0.0799576 0.627451 0.627451 0.643137
v 0.10579 0.0362724 -0.08005 0.627451 0.627451 0.643137
v 0.105774 0.0363255 -0.0800038 0.627451 0.627451 0.643137
v 0.105849 0.0362724 -0.07996 0.627451 0.627451 0.643137
v 0.105834 0.0363255 -0.0799162 0.627451 0.627451 0.643137
v 0.105911 0.0362724 -0.0798749 0.627451 0.627451 0.643137
v 0.105979 0.0362724 -0.0797946 0.627451 0.627451 0.643137
v 0.105899 0.0363255 -0.0798335 0.627451 0.627451 0.643137
v 0.105699 0.0363786 -0.0800476 0.627451 0.627451 0.643137
v 0.105757 0.0363786 -0.0799576 0.627451 0.627451 0.643137
v 0.10582 0.0363786 -0.0798724 0.627451 0.627451 0.643137
v 0.10568 0.0364317 -0.0799989 0.627451 0.627451 0.643137
v 0.105741 0.0364317 -0.0799114 0.627451 0.627451 0.643137
v 0.105624 0.0364317 -0.0800914 0.627451 0.627451 0.643137
v 0.105454 0.0364848 -0.0803396 0.627451 0.627451 0.643137
v 0.105572 0.0364317 -0.0801887 0.627451 0.627451 0.643137
v 0.105645 0.0363786 -0.0801425 0.627451 0.627451 0.643137
v 0.105427 0.0365379 -0.0802812 0.627451 0.627451 0.643137
v 0.105549 0.0364848 -0.0801352 0.627451 0.627451 0.643137
v 0.105399 0.036591 -0.0802228 0.627451 0.627451 0.643137
v 0.105526 0.0365379 -0.0800817 0.627451 0.627451 0.643137
v 0.105603 0.0364848 -0.0800403 0.627451 0.627451 0.643137
v 0.105662 0.0364848 -0.0799503 0.627451 0.627451 0.643137
v 0.105582 0.0365379 -0.0799892 0.627451 0.627451 0.643137
v 0.105372 0.0366441 -0.0801644 0.627451 0.627451 0.643137
v 0.105503 0.036591 -0.0800281 0.627451 0.627451 0.643137
v 0.105313 0.036591 -0.0804369 0.627451 0.627451 0.643137
v 0.105243 0.036591 -0.0806705 0.627451 0.627451 0.643137
v 0.105171 0.0366973 -0.0805342 0.627451 0.627451 0.643137
v 0.105344 0.0365379 -0.0805002 0.627451 0.627451 0.643137
v 0.105111 0.0366973 -0.0807776 0.627451 0.627451 0.643137
v 0.10503 0.0368035 -0.0806316 0.627451 0.627451 0.643137
v 0.1051 0.0368035 -0.080398 0.627451 0.627451 0.643137
v 0.105249 0.0366973 -0.0803104 0.627451 0.627451 0.643137
v 0.105281 0.0366441 -0.0803737 0.627451 0.627451 0.643137
v 0.105218 0.0367504 -0.0802471 0.627451 0.627451 0.643137
v 0.105345 0.0366973 -0.080106 0.627451 0.627451 0.643137
v 0.105064 0.0368566 -0.0803299 0.627451 0.627451 0.643137
v 0.105186 0.0368035 -0.0801839 0.627451 0.627451 0.643137
v 0.10495 0.0369097 -0.0804856 0.627451 0.627451 0.643137
v 0.105028 0.0369097 -0.0802617 0.627451 0.627451 0.643137
v 0.104869 0.0370159 -0.0803396 0.627451 0.627451 0.643137
v 0.105969 0.0363255 -0.0797556 0.627451 0.627451 0.643137
v 0.10737 0.0359537 -0.0791887 0.627451 0.627451 0.643137
v 0.107393 0.0360068 -0.0791863 0.627451 0.627451 0.643137
v 0.10662 0.0359006 -0.0794637 0.627451 0.627451 0.643137
v 0.106579 0.0359272 -0.0794819 0.627451 0.627451 0.643137
v 0.10728 0.0357413 -0.0791984 0.627451 0.627451 0.643137
v 0.107257 0.0356882 -0.0792009 0.627451 0.627451 0.643137
v 0.106945 0.0356882 -0.0793177 0.627451 0.627451 0.643137
v 0.106905 0.0357147 -0.0793359 0.627451 0.627451 0.643137
v 0.107235 0.0356351 -0.0792033 0.627451 0.627451 0.643137
v 0.107212 0.035582 -0.0792057 0.627451 0.627451 0.643137
v 0.107108 0.035582 -0.0792447 0.627451 0.627451 0.643137
v 0.107027 0.0356351 -0.0792812 0.627451 0.627451 0.643137
v 0.107129 0.0356351 -0.0792398 0.627451 0.627451 0.643137
v 0.107045 0.0356882 -0.0792739 0.627451 0.627451 0.643137
v 0.106962 0.0357413 -0.0793079 0.627451 0.627451 0.643137
v 0.107149 0.0356882 -0.0792349 0.627451 0.627451 0.643137
v 0.107063 0.0357413 -0.0792666 0.627451 0.627451 0.643137
v 0.10717 0.0357413 -0.0792301 0.627451 0.627451 0.643137
v 0.106978 0.0357944 -0.0792982 0.627451 0.627451 0.643137
v 0.107082 0.0357944 -0.0792593 0.627451 0.627451 0.643137
v 0.106994 0.0358475 -0.0792885 0.627451 0.627451 0.643137
v 0.106892 0.0358475 -0.0793298 0.627451 0.627451 0.643137
v 0.106878 0.0357944 -0.079342 0.627451 0.627451 0.643137
v 0.106783 0.0357944 -0.0793907 0.627451 0.627451 0.643137
v 0.106742 0.035821 -0.0794089 0.627451 0.627451 0.643137
v 0.106864 0.0357413 -0.0793542 0.627451 0.627451 0.643137
v 0.106823 0.0357678 -0.0793724 0.627451 0.627451 0.643137
v 0.106836 0.035821 -0.079359 0.627451 0.627451 0.643137
v 0.106794 0.0358475 -0.0793761 0.627451 0.627451 0.643137
v 0.106701 0.0358475 -0.0794272 0.627451 0.627451 0.643137
v 0.106661 0.0358741 -0.0794454 0.627451 0.627451 0.643137
v 0.106753 0.0358741 -0.0793931 0.627451 0.627451 0.643137
v 0.106711 0.0359006 -0.0794101 0.627451 0.627451 0.643137
v 0.106669 0.0359272 -0.0794272 0.627451 0.627451 0.643137
v 0.106627 0.0359537 -0.0794442 0.627451 0.627451 0.643137
v 0.106806 0.0359006 -0.0793615 0.627451 0.627451 0.643137
v 0.106763 0.0359272 -0.0793773 0.627451 0.627451 0.643137
v 0.106906 0.0359006 -0.0793177 0.627451 0.627451 0.643137
v 0.106818 0.0359537 -0.0793469 0.627451 0.627451 0.643137
v 0.10672 0.0359537 -0.0793931 0.627451 0.627451 0.643137
v 0.106678 0.0359803 -0.0794089 0.627451 0.627451 0.643137
v 0.10673 0.0360068 -0.0793761 0.627451 0.627451 0.643137
v 0.106642 0.0360599 -0.0794053 0.627451 0.627451 0.643137
v 0.106635 0.0360068 -0.0794247 0.627451 0.627451 0.643137
v 0.10701 0.0359006 -0.0792787 0.627451 0.627451 0.643137
v 0.10692 0.0359537 -0.0793055 0.627451 0.627451 0.643137
v 0.107325 0.0358475 -0.0791936 0.627451 0.627451 0.643137
v 0.107303 0.0357944 -0.079196 0.627451 0.627451 0.643137
v 0.10719 0.0357944 -0.0792252 0.627451 0.627451 0.643137
v 0.1071 0.0358475 -0.079252 0.627451 0.627451 0.643137
v 0.10721 0.0358475 -0.0792203 0.627451 0.627451 0.643137
v 0.107118 0.0359006 -0.0792447 0.627451 0.627451 0.643137
v 0.107026 0.0359537 -0.079269 0.627451 0.627451 0.643137
v 0.107231 0.0359006 -0.0792155 0.627451 0.627451 0.643137
v 0.107136 0.0359537 -0.0792374 0.627451 0.627451 0.643137
v 0.107348 0.0359006 -0.0791911 0.627451 0.627451 0.643137
v 0.107251 0.0359537 -0.0792106 0.627451 0.627451 0.643137
v 0.107042 0.0360068 -0.0792593 0.627451 0.627451 0.643137
v 0.107155 0.0360068 -0.0792301 0.627451 0.627451 0.643137
v 0.107058 0.0360599 -0.0792495 0.627451 0.627451 0.643137
v 0.106948 0.0360599 -0.0792812 0.627451 0.627451 0.643137
v 0.106934 0.0360068 -0.0792933 0.627451 0.627451 0.643137
v 0.10683 0.0360068 -0.0793323 0.627451 0.627451 0.643137
v 0.10674 0.0360599 -0.079359 0.627451 0.627451 0.643137
v 0.106842 0.0360599 -0.0793177 0.627451 0.627451 0.643137
v 0.10665 0.0361131 -0.0793858 0.627451 0.627451 0.643137
v 0.106749 0.0361131 -0.079342 0.627451 0.627451 0.643137
v 0.106657 0.0361662 -0.0793663 0.627451 0.627451 0.643137
v 0.106853 0.0361131 -0.0793031 0.627451 0.627451 0.643137
v 0.106759 0.0361662 -0.079325 0.627451 0.627451 0.643137
v 0.106962 0.0361131 -0.079269 0.627451 0.627451 0.643137
v 0.106865 0.0361662 -0.0792885 0.627451 0.627451 0.643137
v 0.106664 0.0362193 -0.0793469 0.627451 0.627451 0.643137
v 0.106768 0.0362193 -0.0793079 0.627451 0.627451 0.643137
v 0.106672 0.0362724 -0.0793274 0.627451 0.627451 0.643137
v 0.10656 0.0361662 -0.0794126 0.627451 0.627451 0.643137
v 0.106554 0.0361131 -0.0794345 0.627451 0.627451 0.643137
v 0.106294 0.0361131 -0.0796096 0.627451 0.627451 0.643137
v 0.106592 0.0360334 -0.0794405 0.627451 0.627451 0.643137
v 0.106586 0.0359803 -0.0794612 0.627451 0.627451 0.643137
v 0.106457 0.0360068 -0.0795367 0.627451 0.627451 0.643137
v 0.106376 0.0360599 -0.0795731 0.627451 0.627451 0.643137
v 0.106539 0.0359537 -0.0795002 0.627451 0.627451 0.643137
v 0.106544 0.0360068 -0.0794783 0.627451 0.627451 0.643137
v 0.10646 0.0360599 -0.0795123 0.627451 0.627451 0.643137
v 0.106498 0.0359803 -0.0795184 0.627451 0.627451 0.643137
v 0.106377 0.0361131 -0.0795464 0.627451 0.627451 0.643137
v 0.106293 0.0361662 -0.0795804 0.627451 0.627451 0.643137
v 0.106463 0.0361131 -0.079488 0.627451 0.627451 0.643137
v 0.106378 0.0361662 -0.0795196 0.627451 0.627451 0.643137
v 0.106549 0.0360599 -0.0794564 0.627451 0.627451 0.643137
v 0.106466 0.0361662 -0.0794637 0.627451 0.627451 0.643137
v 0.106292 0.0362193 -0.0795513 0.627451 0.627451 0.643137
v 0.106379 0.0362193 -0.0794929 0.627451 0.627451 0.643137
v 0.106291 0.0362724 -0.0795221 0.627451 0.627451 0.643137
v 0.106206 0.0362724 -0.0795829 0.627451 0.627451 0.643137
v 0.10621 0.0362193 -0.0796145 0.627451 0.627451 0.643137
v 0.106132 0.0362193 -0.0796826 0.627451 0.627451 0.643137
v 0.106213 0.0361662 -0.0796461 0.627451 0.627451 0.643137
v 0.10605 0.0362724 -0.0797191 0.627451 0.627451 0.643137
v 0.106126 0.0362724 -0.0796486 0.627451 0.627451 0.643137
v 0.106042 0.0363255 -0.0796826 0.627451 0.627451 0.643137
v 0.10612 0.0363255 -0.0796145 0.627451 0.627451 0.643137
v 0.106203 0.0363255 -0.0795513 0.627451 0.627451 0.643137
v 0.105959 0.0363786 -0.0797167 0.627451 0.627451 0.643137
v 0.106035 0.0363786 -0.0796461 0.627451 0.627451 0.643137
v 0.106115 0.0363786 -0.0795804 0.627451 0.627451 0.643137
v 0.105949 0.0364317 -0.0796778 0.627451 0.627451 0.643137
v 0.106027 0.0364317 -0.0796096 0.627451 0.627451 0.643137
v 0.106289 0.0363255 -0.0794929 0.627451 0.627451 0.643137
v 0.106199 0.0363786 -0.0795196 0.627451 0.627451 0.643137
v 0.10657 0.0362724 -0.0793688 0.627451 0.627451 0.643137
v 0.106565 0.0362193 -0.0793907 0.627451 0.627451 0.643137
v 0.10647 0.0362193 -0.0794393 0.627451 0.627451 0.643137
v 0.106379 0.0362724 -0.0794661 0.627451 0.627451 0.643137
v 0.106473 0.0362724 -0.079415 0.627451 0.627451 0.643137
v 0.10638 0.0363255 -0.0794393 0.627451 0.627451 0.643137
v 0.106288 0.0363786 -0.0794637 0.627451 0.627451 0.643137
v 0.106476 0.0363255 -0.0793907 0.627451 0.627451 0.643137
v 0.106381 0.0363786 -0.0794126 0.627451 0.627451 0.643137
v 0.106575 0.0363255 -0.0793469 0.627451 0.627451 0.643137
v 0.106479 0.0363786 -0.0793663 0.627451 0.627451 0.643137
v 0.106287 0.0364317 -0.0794345 0.627451 0.627451 0.643137
v 0.106382 0.0364317 -0.0793858 0.627451 0.627451 0.643137
v 0.106286 0.0364848 -0.0794053 0.627451 0.627451 0.643137
v 0.106193 0.0364848 -0.0794564 0.627451 0.627451 0.643137
v 0.106196 0.0364317 -0.079488 0.627451 0.627451 0.643137
v 0.106109 0.0364317 -0.0795464 0.627451 0.627451 0.643137
v 0.106104 0.0364848 -0.0795123 0.627451 0.627451 0.643137
v 0.105939 0.0364848 -0.0796388 0.627451 0.627451 0.643137
v 0.106019 0.0364848 -0.0795731 0.627451 0.627451 0.643137
v 0.106011 0.0365379 -0.0795367 0.627451 0.627451 0.643137
v 0.105929 0.0365379 -0.0795999 0.627451 0.627451 0.643137
v 0.106098 0.0365379 -0.0794783 0.627451 0.627451 0.643137
v 0.106004 0.036591 -0.0795002 0.627451 0.627451 0.643137
v 0.106189 0.0365379 -0.0794247 0.627451 0.627451 0.643137
v 0.106093 0.036591 -0.0794442 0.627451 0.627451 0.643137
v 0.105919 0.036591 -0.079561 0.627451 0.627451 0.643137
v 0.105996 0.0366441 -0.0794637 0.627451 0.627451 0.643137
v 0.105899 0.0366973 -0.0794831 0.627451 0.627451 0.643137
v 0.105909 0.0366441 -0.0795221 0.627451 0.627451 0.643137
v 0.106679 0.0363255 -0.0793079 0.627451 0.627451 0.643137
v 0.106581 0.0363786 -0.079325 0.627451 0.627451 0.643137
v 0.107483 0.0362193 -0.0791765 0.627451 0.627451 0.643137
v 0.107438 0.0361131 -0.0791814 0.627451 0.627451 0.643137
v 0.107074 0.0361131 -0.0792398 0.627451 0.627451 0.643137
v 0.106976 0.0361662 -0.0792568 0.627451 0.627451 0.643137
v 0.107272 0.0360068 -0.0792057 0.627451 0.627451 0.643137
v 0.107173 0.0360599 -0.0792228 0.627451 0.627451 0.643137
v 0.107292 0.0360599 -0.0792009 0.627451 0.627451 0.643137
v 0.107191 0.0361131 -0.0792155 0.627451 0.627451 0.643137
v 0.10709 0.0361662 -0.0792301 0.627451 0.627451 0.643137
v 0.107313 0.0361131 -0.079196 0.627451 0.627451 0.643137
v 0.10721 0.0361662 -0.0792082 0.627451 0.627451 0.643137
v 0.107333 0.0361662 -0.0791911 0.627451 0.627451 0.643137
v 0.107106 0.0362193 -0.0792203 0.627451 0.627451 0.643137
v 0.107228 0.0362193 -0.0792009 0.627451 0.627451 0.643137
v 0.107123 0.0362724 -0.0792106 0.627451 0.627451 0.643137
v 0.107003 0.0362724 -0.0792325 0.627451 0.627451 0.643137
v 0.106989 0.0362193 -0.0792447 0.627451 0.627451 0.643137
v 0.106877 0.0362193 -0.0792739 0.627451 0.627451 0.643137
v 0.106778 0.0362724 -0.0792909 0.627451 0.627451 0.643137
v 0.106889 0.0362724 -0.0792593 0.627451 0.627451 0.643137
v 0.106788 0.0363255 -0.0792739 0.627451 0.627451 0.643137
v 0.106687 0.0363786 -0.0792885 0.627451 0.627451 0.643137
v 0.1069 0.0363255 -0.0792447 0.627451 0.627451 0.643137
v 0.106797 0.0363786 -0.0792568 0.627451 0.627451 0.643137
v 0.107017 0.0363255 -0.0792203 0.627451 0.627451 0.643137
v 0.106912 0.0363786 -0.0792301 0.627451 0.627451 0.643137
v 0.106694 0.0364317 -0.079269 0.627451 0.627451 0.643137
v 0.106807 0.0364317 -0.0792398 0.627451 0.627451 0.643137
v 0.106702 0.0364848 -0.0792495 0.627451 0.627451 0.643137
v 0.107139 0.0363255 -0.0792009 0.627451 0.627451 0.643137
v 0.107031 0.0363786 -0.0792082 0.627451 0.627451 0.643137
v 0.107374 0.0362724 -0.0791814 0.627451 0.627451 0.643137
v 0.107264 0.0363255 -0.0791863 0.627451 0.627451 0.643137
v 0.107155 0.0363786 -0.0791911 0.627451 0.627451 0.643137
v 0.107059 0.0364848 -0.0791838 0.627451 0.627451 0.643137
v 0.106924 0.0364317 -0.0792155 0.627451 0.627451 0.643137
v 0.106816 0.0364848 -0.0792228 0.627451 0.627451 0.643137
v 0.107045 0.0364317 -0.079196 0.627451 0.627451 0.643137
v 0.106936 0.0364848 -0.0792009 0.627451 0.627451 0.643137
v 0.106709 0.0365379 -0.0792301 0.627451 0.627451 0.643137
v 0.106826 0.0365379 -0.0792057 0.627451 0.627451 0.643137
v 0.106717 0.036591 -0.0792106 0.627451 0.627451 0.643137
v 0.106947 0.0365379 -0.0791863 0.627451 0.627451 0.643137
v 0.106836 0.036591 -0.0791887 0.627451 0.627451 0.643137
v 0.106724 0.0366441 -0.0791911 0.627451 0.627451 0.643137
v 0.106602 0.036591 -0.0792374 0.627451 0.627451 0.643137
v 0.106596 0.0365379 -0.0792593 0.627451 0.627451 0.643137
v 0.106284 0.0365379 -0.0793761 0.627451 0.627451 0.643137
v 0.106186 0.036591 -0.0793931 0.627451 0.627451 0.643137
v 0.106591 0.0364848 -0.0792812 0.627451 0.627451 0.643137
v 0.106586 0.0364317 -0.0793031 0.627451 0.627451 0.643137
v 0.106482 0.0364317 -0.079342 0.627451 0.627451 0.643137
v 0.106383 0.0364848 -0.079359 0.627451 0.627451 0.643137
v 0.106485 0.0364848 -0.0793177 0.627451 0.627451 0.643137
v 0.106384 0.0365379 -0.0793323 0.627451 0.627451 0.643137
v 0.106283 0.036591 -0.0793469 0.627451 0.627451 0.643137
v 0.106488 0.0365379 -0.0792933 0.627451 0.627451 0.643137
v 0.106385 0.036591 -0.0793055 0.627451 0.627451 0.643137
v 0.106491 0.036591 -0.079269 0.627451 0.627451 0.643137
v 0.106282 0.0366441 -0.0793177 0.627451 0.627451 0.643137
v 0.106386 0.0366441 -0.0792787 0.627451 0.627451 0.643137
v 0.106281 0.0366973 -0.0792885 0.627451 0.627451 0.643137
v 0.106179 0.0366973 -0.0793298 0.627451 0.627451 0.643137
v 0.106182 0.0366441 -0.0793615 0.627451 0.627451 0.643137
v 0.106087 0.0366441 -0.0794101 0.627451 0.627451 0.643137
v 0.105988 0.0366973 -0.0794272 0.627451 0.627451 0.643137
v 0.106081 0.0366973 -0.0793761 0.627451 0.627451 0.643137
v 0.10589 0.0367504 -0.0794442 0.627451 0.627451 0.643137
v 0.105981 0.0367504 -0.0793907 0.627451 0.627451 0.643137
v 0.10588 0.0368035 -0.0794053 0.627451 0.627451 0.643137
v 0.106076 0.0367504 -0.079342 0.627451 0.627451 0.643137
v 0.105973 0.0368035 -0.0793542 0.627451 0.627451 0.643137
v 0.106176 0.0367504 -0.0792982 0.627451 0.627451 0.643137
v 0.10607 0.0368035 -0.0793079 0.627451 0.627451 0.643137
v 0.10587 0.0368566 -0.0793663 0.627451 0.627451 0.643137
v 0.105965 0.0368566 -0.0793177 0.627451 0.627451 0.643137
v 0.10586 0.0369097 -0.0793274 0.627451 0.627451 0.643137
v 0.10628 0.0367504 -0.0792593 0.627451 0.627451 0.643137
v 0.106172 0.0368035 -0.0792666 0.627451 0.627451 0.643137
v 0.106612 0.0366973 -0.0791936 0.627451 0.627451 0.643137
v 0.106607 0.0366441 -0.0792155 0.627451 0.627451 0.643137
v 0.106494 0.0366441 -0.0792447 0.627451 0.627451 0.643137
v 0.106387 0.0366973 -0.079252 0.627451 0.627451 0.643137
v 0.106497 0.0366973 -0.0792203 0.627451 0.627451 0.643137
v 0.106388 0.0367504 -0.0792252 0.627451 0.627451 0.643137
v 0.106278 0.0368035 -0.0792301 0.627451 0.627451 0.643137
v 0.106501 0.0367504 -0.079196 0.627451 0.627451 0.643137
v 0.106389 0.0368035 -0.0791984 0.627451 0.627451 0.643137
v 0.106277 0.0368566 -0.0792009 0.627451 0.627451 0.643137
v 0.106165 0.0369097 -0.0792033 0.627451 0.627451 0.643137
v 0.106169 0.0368566 -0.0792349 0.627451 0.627451 0.643137
v 0.106065 0.0368566 -0.0792739 0.627451 0.627451 0.643137
v 0.105957 0.0369097 -0.0792812 0.627451 0.627451 0.643137
v 0.106059 0.0369097 -0.0792398 0.627451 0.627451 0.643137
v 0.10585 0.0369628 -0.0792885 0.627451 0.627451 0.643137
v 0.10595 0.0369628 -0.0792447 0.627451 0.627451 0.643137
v 0.10584 0.0370159 -0.0792495 0.627451 0.627451 0.643137
v 0.106054 0.0369628 -0.0792057 0.627451 0.627451 0.643137
v 0.105942 0.0370159 -0.0792082 0.627451 0.627451 0.643137
v 0.10583 0.037069 -0.0792106 0.627451 0.627451 0.643137
v 0.105791 0.0368035 -0.0794612 0.627451 0.627451 0.643137
v 0.105803 0.0367504 -0.0795026 0.627451 0.627451 0.643137
v 0.105318 0.0367504 -0.0800476 0.627451 0.627451 0.643137
v 0.105851 0.0365379 -0.079668 0.627451 0.627451 0.643137
v 0.105643 0.0365379 -0.0799016 0.627451 0.627451 0.643137
v 0.105875 0.0364317 -0.0797508 0.627451 0.627451 0.643137
v 0.105806 0.0364317 -0.0798286 0.627451 0.627451 0.643137
v 0.105887 0.0363786 -0.0797921 0.627451 0.627451 0.643137
v 0.105725 0.0364848 -0.0798651 0.627451 0.627451 0.643137
v 0.105792 0.0364848 -0.0797848 0.627451 0.627451 0.643137
v 0.105708 0.0365379 -0.0798189 0.627451 0.627451 0.643137
v 0.105777 0.0365379 -0.079741 0.627451 0.627451 0.643137
v 0.105863 0.0364848 -0.0797094 0.627451 0.627451 0.643137
v 0.105625 0.036591 -0.079853 0.627451 0.627451 0.643137
v 0.105692 0.036591 -0.0797727 0.627451 0.627451 0.643137
v 0.105763 0.036591 -0.0796972 0.627451 0.627451 0.643137
v 0.105606 0.0366441 -0.0798043 0.627451 0.627451 0.643137
v 0.105675 0.0366441 -0.0797264 0.627451 0.627451 0.643137
v 0.105541 0.0366441 -0.079887 0.627451 0.627451 0.643137
v 0.10548 0.0366441 -0.0799746 0.627451 0.627451 0.643137
v 0.105399 0.0366973 -0.0800111 0.627451 0.627451 0.643137
v 0.105562 0.036591 -0.0799381 0.627451 0.627451 0.643137
v 0.105457 0.0366973 -0.0799211 0.627451 0.627451 0.643137
v 0.105374 0.0367504 -0.0799552 0.627451 0.627451 0.643137
v 0.105435 0.0367504 -0.0798676 0.627451 0.627451 0.643137
v 0.10552 0.0366973 -0.0798359 0.627451 0.627451 0.643137
v 0.105587 0.0366973 -0.0797556 0.627451 0.627451 0.643137
v 0.1055 0.0367504 -0.0797848 0.627451 0.627451 0.643137
v 0.105349 0.0368035 -0.0798992 0.627451 0.627451 0.643137
v 0.105412 0.0368035 -0.079814 0.627451 0.627451 0.643137
v 0.10529 0.0368035 -0.0799892 0.627451 0.627451 0.643137
v 0.105263 0.0368566 -0.0799308 0.627451 0.627451 0.643137
v 0.105324 0.0368566 -0.0798432 0.627451 0.627451 0.643137
v 0.105569 0.0367504 -0.079707 0.627451 0.627451 0.643137
v 0.105827 0.0366441 -0.0795853 0.627451 0.627451 0.643137
v 0.105749 0.0366441 -0.0796534 0.627451 0.627451 0.643137
v 0.105839 0.036591 -0.0796267 0.627451 0.627451 0.643137
v 0.105659 0.0366973 -0.0796802 0.627451 0.627451 0.643137
v 0.105735 0.0366973 -0.0796096 0.627451 0.627451 0.643137
v 0.105643 0.0367504 -0.079634 0.627451 0.627451 0.643137
v 0.105721 0.0367504 -0.0795658 0.627451 0.627451 0.643137
v 0.105815 0.0366973 -0.079544 0.627451 0.627451 0.643137
v 0.10555 0.0368035 -0.0796583 0.627451 0.627451 0.643137
v 0.105626 0.0368035 -0.0795877 0.627451 0.627451 0.643137
v 0.105706 0.0368035 -0.0795221 0.627451 0.627451 0.643137
v 0.105532 0.0368566 -0.0796096 0.627451 0.627451 0.643137
v 0.10561 0.0368566 -0.0795415 0.627451 0.627451 0.643137
v 0.105458 0.0368566 -0.0796826 0.627451 0.627451 0.643137
v 0.105389 0.0368566 -0.0797605 0.627451 0.627451 0.643137
v 0.105479 0.0368035 -0.0797337 0.627451 0.627451 0.643137
v 0.105299 0.0369097 -0.0797873 0.627451 0.627451 0.643137
v 0.105366 0.0369097 -0.079707 0.627451 0.627451 0.643137
v 0.105236 0.0369097 -0.0798724 0.627451 0.627451 0.643137
v 0.105209 0.0369628 -0.079814 0.627451 0.627451 0.643137
v 0.105274 0.0369628 -0.0797313 0.627451 0.627451 0.643137
v 0.105343 0.0369628 -0.0796534 0.627451 0.627451 0.643137
v 0.105437 0.0369097 -0.0796315 0.627451 0.627451 0.643137
v 0.105513 0.0369097 -0.079561 0.627451 0.627451 0.643137
v 0.105417 0.0369628 -0.0795804 0.627451 0.627451 0.643137
v 0.105249 0.0370159 -0.0796753 0.627451 0.627451 0.643137
v 0.10532 0.0370159 -0.0795999 0.627451 0.627451 0.643137
v 0.105181 0.0370159 -0.0797556 0.627451 0.627451 0.643137
v 0.105154 0.037069 -0.0796972 0.627451 0.627451 0.643137
v 0.105224 0.037069 -0.0796194 0.627451 0.627451 0.643137
v 0.10506 0.0370159 -0.0799308 0.627451 0.627451 0.643137
v 0.104992 0.0369628 -0.0801936 0.627451 0.627451 0.643137
v 0.104956 0.0370159 -0.0801255 0.627451 0.627451 0.643137
v 0.105123 0.0369097 -0.0800573 0.627451 0.627451 0.643137
v 0.105155 0.0368566 -0.0801206 0.627451 0.627451 0.643137
v 0.105092 0.0369628 -0.0799941 0.627451 0.627451 0.643137
v 0.10492 0.037069 -0.0800573 0.627451 0.627451 0.643137
v 0.104789 0.0371221 -0.0801936 0.627451 0.627451 0.643137
v 0.104884 0.0371221 -0.0799892 0.627451 0.627451 0.643137
v 0.104709 0.0372283 -0.0800476 0.627451 0.627451 0.643137
v 0.104848 0.0371752 -0.0799211 0.627451 0.627451 0.643137
v 0.104813 0.0372283 -0.079853 0.627451 0.627451 0.643137
v 0.104997 0.0371221 -0.0798043 0.627451 0.627451 0.643137
v 0.105029 0.037069 -0.0798676 0.627451 0.627451 0.643137
v 0.104965 0.0371752 -0.079741 0.627451 0.627451 0.643137
v 0.105127 0.0371221 -0.0796388 0.627451 0.627451 0.643137
v 0.104777 0.0372815 -0.0797848 0.627451 0.627451 0.643137
v 0.104934 0.0372283 -0.0796778 0.627451 0.627451 0.643137
v 0.104628 0.0373346 -0.0799016 0.627451 0.627451 0.643137
v 0.104588 0.0373877 -0.0798286 0.627451 0.627451 0.643137
v 0.104548 0.0374408 -0.0797556 0.627451 0.627451 0.643137
v 0.104741 0.0373346 -0.0797167 0.627451 0.627451 0.643137
v 0.1051 0.0371752 -0.0795804 0.627451 0.627451 0.643137
v 0.105743 0.0370159 -0.0792958 0.627451 0.627451 0.643137
v 0.105755 0.0369628 -0.0793371 0.627451 0.627451 0.643137
v 0.105495 0.0369628 -0.0795123 0.627451 0.627451 0.643137
v 0.105767 0.0369097 -0.0793785 0.627451 0.627451 0.643137
v 0.105779 0.0368566 -0.0794199 0.627451 0.627451 0.643137
v 0.105692 0.0368566 -0.0794783 0.627451 0.627451 0.643137
v 0.105593 0.0369097 -0.0794953 0.627451 0.627451 0.643137
v 0.105678 0.0369097 -0.0794345 0.627451 0.627451 0.643137
v 0.105577 0.0369628 -0.0794491 0.627451 0.627451 0.643137
v 0.105664 0.0369628 -0.0793907 0.627451 0.627451 0.643137
v 0.105649 0.0370159 -0.0793469 0.627451 0.627451 0.643137
v 0.105476 0.0370159 -0.0794637 0.627451 0.627451 0.643137
v 0.105561 0.0370159 -0.0794028 0.627451 0.627451 0.643137
v 0.105544 0.037069 -0.0793566 0.627451 0.627451 0.643137
v 0.105458 0.037069 -0.079415 0.627451 0.627451 0.643137
v 0.105375 0.037069 -0.0794783 0.627451 0.627451 0.643137
v 0.105297 0.037069 -0.0795464 0.627451 0.627451 0.643137
v 0.105396 0.0370159 -0.0795294 0.627451 0.627451 0.643137
v 0.105198 0.0371221 -0.0795634 0.627451 0.627451 0.643137
v 0.105274 0.0371221 -0.0794929 0.627451 0.627451 0.643137
v 0.105173 0.0371752 -0.0795075 0.627451 0.627451 0.643137
v 0.105251 0.0371752 -0.0794393 0.627451 0.627451 0.643137
v 0.105354 0.0371221 -0.0794272 0.627451 0.627451 0.643137
v 0.105439 0.0371221 -0.0793663 0.627451 0.627451 0.643137
v 0.105334 0.0371752 -0.0793761 0.627451 0.627451 0.643137
v 0.105148 0.0372283 -0.0794515 0.627451 0.627451 0.643137
v 0.105228 0.0372283 -0.0793858 0.627451 0.627451 0.643137
v 0.105072 0.0372283 -0.0795221 0.627451 0.627451 0.643137
v 0.105045 0.0372815 -0.0794637 0.627451 0.627451 0.643137
v 0.105123 0.0372815 -0.0793955 0.627451 0.627451 0.643137
v 0.10542 0.0371752 -0.0793177 0.627451 0.627451 0.643137
v 0.105718 0.0371221 -0.079213 0.627451 0.627451 0.643137
v 0.10573 0.037069 -0.0792544 0.627451 0.627451 0.643137
v 0.105635 0.037069 -0.0793031 0.627451 0.627451 0.643137
v 0.105528 0.0371221 -0.0793104 0.627451 0.627451 0.643137
v 0.105621 0.0371221 -0.0792593 0.627451 0.627451 0.643137
v 0.105511 0.0371752 -0.0792641 0.627451 0.627451 0.643137
v 0.105402 0.0372283 -0.079269 0.627451 0.627451 0.643137
v 0.105607 0.0371752 -0.0792155 0.627451 0.627451 0.643137
v 0.105495 0.0372283 -0.0792179 0.627451 0.627451 0.643137
v 0.105383 0.0372815 -0.0792203 0.627451 0.627451 0.643137
v 0.105272 0.0373346 -0.0792228 0.627451 0.627451 0.643137
v 0.105292 0.0372815 -0.0792739 0.627451 0.627451 0.643137
v 0.105206 0.0372815 -0.0793323 0.627451 0.627451 0.643137
v 0.105313 0.0372283 -0.079325 0.627451 0.627451 0.643137
v 0.105098 0.0373346 -0.0793396 0.627451 0.627451 0.643137
v 0.105183 0.0373346 -0.0792787 0.627451 0.627451 0.643137
v 0.105018 0.0373346 -0.0794053 0.627451 0.627451 0.643137
v 0.104991 0.0373877 -0.0793469 0.627451 0.627451 0.643137
v 0.105073 0.0373877 -0.0792836 0.627451 0.627451 0.643137
v 0.10516 0.0373877 -0.0792252 0.627451 0.627451 0.643137
v 0.105048 0.0374408 -0.0792276 0.627451 0.627451 0.643137
v 0.104964 0.0374408 -0.0792885 0.627451 0.627451 0.643137
v 0.104936 0.0374939 -0.0792301 0.627451 0.627451 0.643137
v 0.104808 0.0374408 -0.0794247 0.627451 0.627451 0.643137
v 0.104705 0.0373877 -0.0796486 0.627451 0.627451 0.643137
v 0.104871 0.0373346 -0.0795513 0.627451 0.627451 0.643137
v 0.104902 0.0372815 -0.0796145 0.627451 0.627451 0.643137
v 0.104669 0.0374408 -0.0795804 0.627451 0.627451 0.643137
v 0.104839 0.0373877 -0.079488 0.627451 0.627451 0.643137
v 0.104633 0.0374939 -0.0795123 0.627451 0.627451 0.643137
v 0.104467 0.037547 -0.0796096 0.627451 0.627451 0.643137
v 0.104507 0.0374939 -0.0796826 0.627451 0.627451 0.643137
v 0.104427 0.0376001 -0.0795367 0.627451 0.627451 0.643137
v 0.104387 0.0376532 -0.0794637 0.627451 0.627451 0.643137
v 0.104597 0.037547 -0.0794442 0.627451 0.627451 0.643137
v 0.104561 0.0376001 -0.0793761 0.627451 0.627451 0.643137
v 0.104854 0.0374939 -0.0792933 0.627451 0.627451 0.643137
v 0.104776 0.0374939 -0.0793615 0.627451 0.627451 0.643137
v 0.104744 0.037547 -0.0792982 0.627451 0.627451 0.643137
v 0.104525 0.0376532 -0.0793079 0.627451 0.627451 0.643137
v 0.104713 0.0376001 -0.0792349 0.627451 0.627451 0.643137
v 0.104825 0.037547 -0.0792325 0.627451 0.627451 0.643137
v 0.104489 0.0377063 -0.0792398 0.627451 0.627451 0.643137
v 0.104306 0.0377594 -0.0793177 0.627451 0.627451 0.643137
v 0.104346 0.0377063 -0.0793907 0.627451 0.627451 0.643137
v 0.104266 0.0378125 -0.0792447 0.627451 0.627451 0.643137
vn 0.422618 0.906308 -2.58779e-17
vn 0.906308 -0.422618 1.87366e-16
vn -0.735679 -0.67733 6.43468e-12
vn -0.751059 -0.659924 -0.0202655
vn -0.766044 -0.642788 1.06309e-11
vn -0.893969 -0.361131 -0.265338
vn -0.891137 -0.376488 -0.253242
vn -0.877671 -0.402286 -0.2605
vn -0.687467 0.320571 0.651631
vn -0.702814 0.298602 0.64567
vn -0.720485 0.307029 0.621799
vn -0.919879 0.391999 -0.0126013
vn -0.906308 0.422618 8.69768e-11
vn -0.906001 0.422475 0.0260234
vn -0.626668 -0.771254 -0.1116
vn -0.649948 -0.747382 -0.137793
vn -0.667838 -0.734743 -0.118932
vn -0.600218 -0.785713 0.149646
vn -0.607258 -0.77379 0.180239
vn -0.582849 -0.786794 0.203081
vn -0.661562 -0.747029 -0.0654524
vn -0.688063 -0.719174 -0.0967372
vn -0.710969 -0.699697 -0.0703406
vn -0.683435 -0.727291 0.0629533
vn -0.695383 -0.713175 0.0884552
vn -0.674904 -0.729465 0.111287
vn -0.694065 -0.719668 -0.0187277
vn -0.723535 -0.688076 -0.0552218
vn -0.73689 -0.674909 -0.0385968
vn -0.719279 -0.694414 0.0206602
vn -0.732992 -0.678844 0.0435117
vn -0.714753 -0.696271 0.0658381
vn -0.706303 -0.70791 2.55451e-12
vn -0.750089 -0.660986 0.0215451
vn -0.672077 -0.739406 0.0398956
vn -0.701862 -0.711094 0.0416637
vn -0.68255 -0.729964 -0.0357506
vn -0.661326 -0.749858 0.0189956
vn -0.625418 -0.778161 0.0576091
vn -0.653629 -0.754417 0.0602077
vn -0.643651 -0.757924 0.106134
vn -0.653355 -0.745052 0.134253
vn -0.630786 -0.759853 0.157267
vn -0.664022 -0.742927 0.084466
vn -0.622366 -0.772209 0.127886
vn -0.634323 -0.768846 0.0806882
vn -0.614195 -0.782629 0.101277
vn -0.651182 -0.758921 -4.32651e-12
vn -0.580049 -0.811233 0.0737844
vn -0.616955 -0.786146 0.0366235
vn -0.606335 -0.79146 0.0771281
vn -0.593288 -0.795706 0.121911
vn -0.641627 -0.766821 -0.0173128
vn -0.64304 -0.760477 -0.0904073
vn -0.632636 -0.77374 -0.0331362
vn -0.616221 -0.78521 -0.0609665
vn -0.601358 -0.79898 -1.0167e-11
vn -0.608938 -0.793025 0.0174908
vn -0.573816 -0.817277 0.052856
vn -0.58744 -0.808682 -0.0307689
vn -0.567864 -0.822432 0.0337094
vn -0.562195 -0.826847 0.0161482
vn -0.536495 -0.839254 0.0884647
vn -0.560673 -0.82286 0.0924514
vn -0.504379 -0.830818 0.235249
vn -0.505242 -0.819676 0.269928
vn -0.478259 -0.828475 0.291374
vn -0.586549 -0.804118 0.0967181
vn -0.571654 -0.808021 0.142524
vn -0.553593 -0.810142 0.192887
vn -0.557644 -0.798807 0.2257
vn -0.531741 -0.809779 0.248011
vn -0.57727 -0.798375 0.171339
vn -0.529267 -0.820968 0.214215
vn -0.549353 -0.819527 0.163053
vn -0.526452 -0.830182 0.18343
vn -0.545041 -0.827324 0.135889
vn -0.5661 -0.816088 0.116324
vn -0.540736 -0.833822 0.111112
vn -0.523426 -0.837789 0.155357
vn -0.503022 -0.839952 0.203592
vn -0.520286 -0.844083 0.129717
vn -0.501316 -0.84745 0.174672
vn -0.47914 -0.848813 0.223477
vn -0.453288 -0.847505 0.276161
vn -0.450904 -0.836164 0.312275
vn -0.423293 -0.842746 0.332568
vn -0.479021 -0.839669 0.25592
vn -0.454888 -0.856747 0.243026
vn -0.427277 -0.854324 0.295912
vn -0.395539 -0.848236 0.352198
vn -0.430347 -0.863748 0.262184
vn -0.401086 -0.860133 0.315122
vn -0.455875 -0.864273 0.212626
vn -0.499373 -0.853614 0.148218
vn -0.478776 -0.856284 0.193779
vn -0.478053 -0.862392 0.166567
vn -0.456384 -0.870398 0.184717
vn -0.432682 -0.871407 0.231163
vn -0.405602 -0.869817 0.280901
vn -0.434426 -0.877621 0.202622
vn -0.40927 -0.877682 0.249343
vn -0.497278 -0.858687 0.123981
vn -0.532355 -0.843808 0.0677176
vn -0.49509 -0.862865 0.101733
vn -0.517102 -0.849303 0.106256
vn -0.52834 -0.847637 0.048667
vn -0.556805 -0.830643 -1.51275e-11
vn -0.524465 -0.850863 0.0311331
vn -0.492858 -0.866306 0.0812692
vn -0.456014 -0.88268 0.113693
vn -0.475895 -0.871462 0.11865
vn -0.456524 -0.875376 0.159066
vn -0.477068 -0.867384 0.141598
vn -0.456379 -0.879414 0.135457
vn -0.435697 -0.88265 0.176344
vn -0.412241 -0.884054 0.220242
vn -0.436588 -0.886708 0.152119
vn -0.41464 -0.889198 0.193394
vn -0.416568 -0.893333 0.168601
vn -0.490614 -0.869139 0.0624079
vn -0.455483 -0.885311 0.093594
vn -0.41811 -0.896639 0.145681
vn -0.546828 -0.836755 -0.0286418
vn -0.587656 -0.793283 -0.159254
vn -0.607258 -0.77379 -0.180239
vn -0.63407 -0.75779 -0.15398
vn -0.601682 -0.794244 -0.0845926
vn -0.58877 -0.801471 -0.104851
vn -0.612148 -0.780021 -0.129779
vn -0.575041 -0.816144 -0.0568923
vn -0.56398 -0.821973 -0.0792919
vn -0.566963 -0.812155 -0.137683
vn -0.54521 -0.830292 -0.115588
vn -0.537844 -0.841363 -0.0532122
vn -0.522443 -0.847583 -0.0930394
vn -0.510454 -0.859489 -0.0267365
vn -0.504322 -0.862073 -0.0498957
vn -0.488383 -0.871469 0.0449865
vn -0.51716 -0.855889 -1.93566e-11
vn -0.486184 -0.87338 0.0288607
vn -0.481924 -0.876213 -2.29833e-11
vn -0.454075 -0.889089 0.0577601
vn -0.454826 -0.887417 0.0749979
vn -0.419332 -0.899261 0.124461
vn -0.420292 -0.901318 0.104787
vn -0.452391 -0.891415 0.0268547
vn -0.421034 -0.90291 0.0865152
vn -0.477894 -0.878061 -0.0250312
vn -0.498721 -0.863922 -0.070117
vn -0.450575 -0.892739 -2.61117e-11
vn -0.422009 -0.905001 0.0536811
vn -0.474117 -0.879211 -0.0469074
vn -0.448717 -0.893365 -0.0235029
vn -0.422485 -0.906023 0.0250795
vn -0.831737 -0.535047 -0.14812
vn -0.839791 -0.517501 -0.164145
vn -0.855664 -0.494589 -0.152381
vn -0.76653 -0.571721 -0.292516
vn -0.777317 -0.547276 -0.310271
vn -0.797698 -0.520588 -0.30441
vn -0.859648 -0.466287 -0.20876
vn -0.864976 -0.449788 -0.222501
vn -0.879654 -0.424943 -0.213618
vn -0.843178 -0.453505 -0.288764
vn -0.838917 -0.467731 -0.278292
vn -0.814952 -0.503173 -0.287523
vn -0.869729 -0.433611 -0.235696
vn -0.873948 -0.417773 -0.248357
vn -0.887836 -0.392247 -0.240603
vn -0.868077 -0.411109 -0.278265
vn -0.864432 -0.425964 -0.267043
vn -0.880936 -0.387158 -0.272141
vn -0.860343 -0.441139 -0.255357
vn -0.834244 -0.482208 -0.26742
vn -0.855776 -0.456624 -0.243193
vn -0.829132 -0.496924 -0.256138
vn -0.884023 -0.408403 -0.227401
vn -0.850697 -0.472405 -0.230538
vn -0.823555 -0.511866 -0.244438
vn -0.804376 -0.530829 -0.266833
vn -0.787301 -0.54643 -0.285606
vn -0.819662 -0.489632 -0.297346
vn -0.809863 -0.51691 -0.277355
vn -0.775464 -0.572823 -0.265574
vn -0.79847 -0.544917 -0.255952
vn -0.792125 -0.559157 -0.244706
vn -0.847099 -0.50017 -0.17959
vn -0.853704 -0.483089 -0.194459
vn -0.869061 -0.459115 -0.184246
vn -0.845071 -0.488467 -0.217381
vn -0.817487 -0.527016 -0.232312
vn -0.874683 -0.441853 -0.199238
vn -0.838863 -0.504788 -0.203712
vn -0.810901 -0.542354 -0.219753
vn -0.803769 -0.557859 -0.206757
vn -0.862738 -0.476703 -0.16863
vn -0.832034 -0.521345 -0.189523
vn -0.824548 -0.53811 -0.174809
vn -0.796065 -0.573506 -0.193319
vn -0.778038 -0.588022 -0.221102
vn -0.785321 -0.573532 -0.23309
vn -0.762063 -0.599655 -0.244282
vn -0.74698 -0.62679 -0.22171
vn -0.770257 -0.602605 -0.208739
vn -0.740969 -0.621747 -0.253761
vn -0.754446 -0.596579 -0.273687
vn -0.729955 -0.612505 -0.30332
vn -0.741081 -0.590634 -0.319296
vn -0.758473 -0.570427 -0.31517
vn -0.747456 -0.593544 -0.298352
vn -0.735271 -0.616966 -0.280588
vn -0.717776 -0.634596 -0.286505
vn -0.713892 -0.629088 -0.307581
vn -0.725037 -0.608378 -0.322796
vn -0.701797 -0.649953 -0.291619
vn -0.704489 -0.656825 -0.268841
vn -0.726012 -0.647106 -0.232725
vn -0.721845 -0.6406 -0.261861
vn -0.707111 -0.664342 -0.242165
vn -0.67459 -0.691851 -0.257431
vn -0.688709 -0.670901 -0.274903
vn -0.709491 -0.672515 -0.210583
vn -0.791205 -0.60652 -0.0782789
vn -0.802665 -0.588559 -0.0965829
vn -0.81882 -0.568306 -0.0810109
vn -0.761958 -0.617255 -0.196002
vn -0.813214 -0.570623 -0.114333
vn -0.822892 -0.552769 -0.131515
vn -0.839053 -0.531106 -0.117965
vn -0.787762 -0.589265 -0.179439
vn -0.847786 -0.512738 -0.135493
vn -0.816368 -0.555051 -0.159567
vn -0.807458 -0.572131 -0.143796
vn -0.778835 -0.605106 -0.165118
vn -0.76926 -0.620993 -0.150359
vn -0.829414 -0.549647 -0.0998016
vn -0.797783 -0.589309 -0.127502
vn -0.78731 -0.606539 -0.110691
vn -0.759014 -0.636888 -0.135169
vn -0.743738 -0.646649 -0.169411
vn -0.753124 -0.631946 -0.182891
vn -0.730102 -0.654067 -0.197857
vn -0.711334 -0.681296 -0.172743
vn -0.733784 -0.661332 -0.155567
vn -0.72325 -0.675962 -0.141366
vn -0.78087 -0.624338 -0.0210699
vn -0.75082 -0.658016 -0.0573042
vn -0.778803 -0.624446 -0.05944
vn -0.763854 -0.640949 -0.0755728
vn -0.748078 -0.652752 -0.119558
vn -0.807225 -0.58702 -0.0616092
vn -0.77601 -0.623771 -0.0933755
vn -0.736434 -0.668539 -0.103538
vn -0.724068 -0.684203 -0.0871255
vn -0.700397 -0.704921 -0.111937
vn -0.712124 -0.690504 -0.126819
vn -0.690596 -0.708266 -0.146411
vn -0.671503 -0.722836 -0.16307
vn -0.691339 -0.697817 -0.187352
vn -0.659407 -0.712714 -0.23921
vn -0.691009 -0.688071 -0.221505
vn -0.67349 -0.711655 -0.199898
vn -0.643133 -0.733395 -0.220255
vn -0.625752 -0.75379 -0.200587
vn -0.654517 -0.734946 -0.177374
vn -0.983025 -0.0549071 -0.175062
vn -0.985168 -0.068217 -0.15745
vn -0.977584 -0.11841 -0.174093
vn -0.896261 0.370179 0.244302
vn -0.875196 0.40811 0.259766
vn -0.870002 0.405689 0.280201
vn -0.980185 0.172725 -0.0969757
vn -0.98341 0.165143 -0.075056
vn -0.987234 0.133631 -0.0866678
vn -0.917168 0.385673 0.100293
vn -0.900344 0.419837 0.114527
vn -0.896354 0.417977 0.147803
vn -0.961824 0.266539 -0.0620604
vn -0.953227 0.298103 -0.0499281
vn -0.956997 0.290096 8.20222e-11
vn -0.920077 0.38966 0.0402915
vn -0.904999 0.422008 0.0537223
vn -0.903166 0.421153 0.0831933
vn -0.943365 0.329617 -0.0376118
vn -0.932243 0.360957 -0.0251543
vn -0.933313 0.359064 8.47793e-11
vn -0.920297 0.391003 0.0130072
vn -0.945008 0.326792 -0.0129455
vn -0.933798 0.356793 0.0268219
vn -0.946115 0.323555 0.0133721
vn -0.93357 0.354085 0.0554183
vn -0.919086 0.387906 0.069354
vn -0.946561 0.31985 0.0414513
vn -0.932476 0.350872 0.0858932
vn -0.958024 0.285365 0.0275177
vn -0.946199 0.315609 0.0714
vn -0.966436 0.256565 -0.0132391
vn -0.975274 0.203738 -0.0856178
vn -0.969166 0.235046 -0.0739689
vn -0.974439 0.223108 -0.0262929
vn -0.981031 0.189865 -0.0391135
vn -0.986252 0.156965 -0.0516579
vn -0.984731 0.173526 0.0139179
vn -0.976327 0.216299 7.867e-11
vn -0.967944 0.250794 0.0136807
vn -0.958294 0.280065 0.056886
vn -0.968741 0.24442 0.0424226
vn -0.95764 0.274126 0.0882111
vn -0.909813 0.379435 0.168138
vn -0.890989 0.415475 0.183083
vn -0.884021 0.412226 0.220403
vn -0.93034 0.347077 0.118343
vn -0.914146 0.382879 0.133197
vn -0.944856 0.31076 0.103321
vn -0.926959 0.342614 0.15285
vn -0.942331 0.305221 0.137303
vn -0.9221 0.337389 0.189476
vn -0.903937 0.375238 0.205168
vn -0.938394 0.298903 0.17342
vn -0.915502 0.331297 0.228252
vn -0.955864 0.267471 0.121589
vn -0.952739 0.260016 0.157101
vn -0.932782 0.291709 0.211715
vn -0.967522 0.229582 0.105799
vn -0.977544 0.208851 0.0280784
vn -0.977932 0.200697 0.0580517
vn -0.968665 0.237373 0.0730952
vn -0.990348 0.138605 7.47176e-11
vn -0.985469 0.164284 0.0431551
vn -0.977303 0.19177 0.0900223
vn -0.991326 0.128306 0.0284743
vn -0.985233 0.154238 0.0743455
vn -0.975439 0.181995 0.124079
vn -0.96509 0.220968 0.140619
vn -0.948005 0.251672 0.194799
vn -0.961114 0.211449 0.177619
vn -0.983811 0.143323 0.10758
vn -0.972092 0.171299 0.160292
vn -0.991366 0.117178 0.0588492
vn -0.990263 0.105161 0.0912161
vn -0.980962 0.131471 0.142932
vn -0.99446 0.10423 -0.013623
vn -0.988844 0.0534705 -0.139025
vn -0.991938 0.0425862 -0.119358
vn -0.990157 -0.0144878 -0.13921
vn -0.990157 0.124529 -0.0638885
vn -0.986595 0.111973 -0.118715
vn -0.991429 0.0722724 -0.108838
vn -0.989885 0.102646 -0.0979355
vn -0.98394 0.142107 -0.108016
vn -0.99281 0.0926631 -0.0757735
vn -0.994285 0.061462 -0.0872868
vn -0.994663 0.0310055 -0.0984082
vn -0.99527 0.0819748 -0.0521302
vn -0.99668 0.0499246 -0.0643094
vn -0.997147 0.0705279 -0.0269056
vn -0.998499 0.0376099 -0.03981
vn -0.996926 0.0186818 -0.0760876
vn -0.998616 0.00556795 -0.0523055
vn -0.996101 -0.0116831 -0.0874462
vn -0.987466 -0.00227126 -0.157817
vn -0.994027 0.0013599 -0.109123
vn -0.992465 -0.027422 -0.119421
vn -0.986906 -0.0822463 -0.138753
vn -0.99162 -0.0695731 -0.108859
vn -0.9943 -0.041115 -0.0983723
vn -0.9976 -0.0255235 -0.0643687
vn -0.995557 -0.0556071 -0.0759831
vn -0.992594 -0.0846414 -0.0871383
vn -0.988813 -0.112599 -0.0978294
vn -0.999601 -0.00838256 -0.0269718
vn -0.998398 -0.0402038 -0.039806
vn -0.995779 0.0807632 0.0436066
vn -0.998301 0.0582687 7.0196e-11
vn -0.999607 0.0244679 -0.0136935
vn -0.995574 0.0929211 0.0140712
vn -0.998569 0.0451438 0.0286823
vn -0.999846 0.0104495 0.0141316
vn -0.999731 -0.0232138 6.51663e-11
vn -0.99776 0.0311021 0.0592287
vn -0.999032 -0.00449062 0.0437491
vn -0.994877 0.0676992 0.0750733
vn -0.987782 0.0921938 0.125649
vn -0.992641 0.0536759 0.108546
vn -0.998829 -0.0389656 0.0286898
vn -0.995655 0.016097 0.0917128
vn -0.996958 -0.0203922 0.0752302
vn -0.996695 -0.0556706 0.0591655
vn -0.997288 -0.0722354 0.0140954
vn -0.996115 -0.0709364 -0.0521745
vn -0.992869 -0.100539 -0.0640635
vn -0.99835 -0.0557631 -0.0136763
vn -0.995834 -0.087137 -0.0268702
vn -0.992309 -0.117294 -0.0395632
vn -0.988771 -0.128985 -0.0754652
vn -0.987899 -0.146211 -0.0517442
vn -0.994552 -0.104237 5.97254e-11
vn -0.990762 -0.13493 -0.0135723
vn -0.99502 -0.0896468 0.0435734
vn -0.992089 -0.122256 0.0284962
vn -0.988056 -0.15346 0.0139649
vn -0.986053 -0.164293 -0.0266063
vn -0.983068 -0.18324 5.3993e-11
vn -0.983653 0.0782204 0.162198
vn -0.841669 0.338881 0.42042
vn -0.815716 0.380375 0.435801
vn -0.804977 0.375367 0.459469
vn -0.941372 0.242349 0.234702
vn -0.874357 0.356991 0.328721
vn -0.850869 0.396767 0.34438
vn -0.843186 0.393184 0.366667
vn -0.911461 0.327892 0.248445
vn -0.886502 0.364138 0.285515
vn -0.864241 0.403002 0.301125
vn -0.857876 0.400034 0.322525
vn -0.89166 0.367289 0.264652
vn -0.906876 0.32423 0.269169
vn -0.880747 0.360711 0.306876
vn -0.901706 0.320294 0.290411
vn -0.925205 0.28354 0.252192
vn -0.929259 0.287753 0.231682
vn -0.920581 0.279057 0.273236
vn -0.89591 0.316072 0.31216
vn -0.937244 0.237291 0.255473
vn -0.915344 0.274292 0.294804
vn -0.889448 0.311548 0.334395
vn -0.859516 0.348612 0.373768
vn -0.834788 0.389268 0.389357
vn -0.825643 0.385004 0.412415
vn -0.867293 0.352963 0.351027
vn -0.882278 0.30671 0.357092
vn -0.850987 0.343922 0.396912
vn -0.874358 0.301544 0.380223
vn -0.902861 0.263864 0.339437
vn -0.932518 0.231954 0.276779
vn -0.909452 0.269232 0.316878
vn -0.927151 0.226328 0.298607
vn -0.921099 0.220401 0.320936
vn -0.895528 0.258179 0.362455
vn -0.865649 0.296037 0.40375
vn -0.914316 0.214165 0.343744
vn -0.88741 0.252164 0.385898
vn -0.947342 0.189372 0.258226
vn -0.966977 0.159609 0.198697
vn -0.955305 0.200944 0.216827
vn -0.959778 0.146856 0.239291
vn -0.951614 0.195296 0.237256
vn -0.976406 0.118617 0.180445
vn -0.969836 0.104704 0.220125
vn -0.95529 0.140061 0.260392
vn -0.93688 0.176659 0.30174
vn -0.942446 0.183162 0.279726
vn -0.95015 0.132979 0.282013
vn -0.930598 0.169856 0.324246
vn -0.906757 0.207612 0.367
vn -0.944312 0.125605 0.304134
vn -0.923555 0.162746 0.347217
vn -0.960912 0.0896859 0.261925
vn -0.969222 0.0470822 0.241646
vn -0.977576 0.0631943 0.200875
vn -0.96569 0.0973354 0.240765
vn -0.955455 0.0817524 0.283587
vn -0.93773 0.117935 0.326731
vn -0.964081 0.0386136 0.262788
vn -0.949274 0.0735335 0.305732
vn -0.898379 0.200735 0.390668
vn -0.795856 0.314956 0.517123
vn -0.767626 0.35795 0.531622
vn -0.753401 0.351317 0.555845
vn -0.856111 0.290179 0.427633
vn -0.82053 0.32769 0.468347
vn -0.793397 0.369967 0.483368
vn -0.780954 0.364165 0.50744
vn -0.831528 0.333474 0.444248
vn -0.845708 0.283961 0.451824
vn -0.808648 0.32152 0.49266
vn -0.834406 0.277373 0.476267
vn -0.868652 0.239116 0.433898
vn -0.878464 0.245813 0.409728
vn -0.889138 0.193529 0.414706
vn -0.857935 0.232069 0.458357
vn -0.822177 0.270411 0.500902
vn -0.878994 0.18599 0.439064
vn -0.846281 0.224667 0.483045
vn -0.808996 0.263071 0.525661
vn -0.767471 0.300628 0.566226
vn -0.73827 0.344261 0.580036
vn -0.722232 0.336782 0.604118
vn -0.782134 0.307993 0.54167
vn -0.751858 0.292863 0.590712
vn -0.766028 0.27025 0.583237
vn -0.794843 0.255353 0.550471
vn -0.705293 0.328883 0.628011
vn -0.735297 0.284701 0.615047
vn -0.779708 0.24726 0.575254
vn -0.74968 0.261942 0.607755
vn -0.792856 0.22394 0.566772
vn -0.820049 0.208801 0.532843
vn -0.867911 0.178118 0.463686
vn -0.83366 0.216911 0.507898
vn -0.855855 0.169914 0.48851
vn -0.80543 0.200343 0.557804
vn -0.817396 0.176521 0.548365
vn -0.842798 0.161383 0.513465
vn -0.763586 0.238797 0.599927
vn -0.776972 0.215313 0.59157
vn -0.789795 0.191544 0.582696
vn -0.82872 0.152532 0.538477
vn -0.802017 0.167544 0.573321
vn -0.886873 0.131182 0.442999
vn -0.930357 0.109967 0.349775
vn -0.907001 0.147591 0.394418
vn -0.915704 0.155326 0.370621
vn -0.922148 0.101701 0.373229
vn -0.897404 0.139543 0.418561
vn -0.913058 0.0931392 0.397052
vn -0.934553 0.0562423 0.351352
vn -0.958236 0.02987 0.284413
vn -0.942322 0.0650294 0.328331
vn -0.951644 0.020854 0.306495
vn -0.944257 0.0115699 0.329005
vn -0.925922 0.0471765 0.374757
vn -0.903046 0.0842851 0.421193
vn -0.936032 0.00202449 0.351908
vn -0.916388 0.0378389 0.3985
vn -0.892074 0.0751458 0.445597
vn -0.839374 0.128433 0.528163
vn -0.862867 0.113543 0.492512
vn -0.875371 0.122513 0.467672
vn -0.880108 0.0657312 0.470202
vn -0.849336 0.104281 0.517449
vn -0.813605 0.143371 0.563465
vn -0.824527 0.119083 0.553149
vn -0.83476 0.094741 0.542402
vn -0.844283 0.0704033 0.531252
vn -0.867118 0.0560539 0.494939
vn -0.894452 0.0183889 0.446785
vn -0.926926 -0.00777311 0.375163
vn -0.90591 0.0282389 0.422528
vn -0.916899 -0.017811 0.398722
vn -0.905914 -0.0280746 0.42253
vn -0.881985 0.00830398 0.471205
vn -0.853083 0.0461294 0.519731
vn -0.893939 -0.0385463 0.446529
vn -0.868482 -0.00199758 0.495717
vn -0.964721 -0.012763 0.262963
vn -0.993102 -0.0733514 0.0914776
vn -0.991331 -0.108012 0.0748057
vn -0.983098 0.0225737 0.181682
vn -0.992006 9.00435e-05 0.126187
vn -0.993383 -0.0372854 0.108627
vn -0.988812 0.0386462 0.144076
vn -0.986534 -0.0169452 0.162673
vn -0.988043 -0.0551874 0.143964
vn -0.987798 -0.092016 0.125652
vn -0.978933 -0.0350185 0.201154
vn -0.975182 0.0054373 0.221338
vn -0.980646 -0.0740971 0.181229
vn -0.968876 -0.0541168 0.241559
vn -0.980507 -0.111654 0.161679
vn -0.970879 -0.0939901 0.220362
vn -0.978715 -0.147584 0.142605
vn -0.988241 -0.141202 0.0586637
vn -0.983999 -0.172885 0.0430907
vn -0.985983 -0.127331 0.107818
vn -0.982783 -0.161067 0.0905271
vn -0.97838 -0.19319 0.0738284
vn -0.978766 -0.203046 0.0281135
vn -0.972948 -0.22369 0.0577558
vn -0.975471 -0.181824 0.124083
vn -0.970971 -0.214341 0.106176
vn -0.970933 -0.132229 0.19951
vn -0.96925 -0.168728 0.179123
vn -0.966046 -0.203421 0.159295
vn -0.961532 -0.23628 0.140101
vn -0.965403 -0.245132 0.0889262
vn -0.955908 -0.26731 0.121595
vn -0.958771 -0.153679 0.23904
vn -0.934757 -0.0522111 0.351429
vn -0.95842 -0.114813 0.261245
vn -0.96282 -0.0640387 0.262445
vn -0.951363 -0.0319996 0.306405
vn -0.958427 -0.0222547 0.284469
vn -0.956022 -0.0741988 0.283755
vn -0.943488 -0.0419889 0.328737
vn -0.94844 -0.0845864 0.305463
vn -0.943716 -0.175905 0.280103
vn -0.951079 -0.125546 0.282288
vn -0.940033 -0.0951884 0.327533
vn -0.942945 -0.136476 0.303693
vn -0.930762 -0.105989 0.349927
vn -0.914578 -0.073296 0.397712
vn -0.925133 -0.0626524 0.374437
vn -0.920591 -0.11697 0.372599
vn -0.903059 -0.0841223 0.421199
vn -0.880947 -0.0492055 0.470651
vn -0.909488 -0.128109 0.395499
vn -0.890548 -0.0951087 0.444835
vn -0.924149 -0.158853 0.347441
vn -0.93398 -0.147585 0.325424
vn -0.935012 -0.187267 0.301138
vn -0.925478 -0.198769 0.322462
vn -0.91342 -0.170258 0.369697
vn -0.897424 -0.139383 0.418571
vn -0.915084 -0.210387 0.344033
vn -0.901767 -0.181774 0.392142
vn -0.924825 -0.2366 0.297857
vn -0.942584 -0.213361 0.256929
vn -0.949815 -0.258922 0.175531
vn -0.957302 -0.190689 0.21728
vn -0.954242 -0.225777 0.19608
vn -0.935575 -0.28215 0.212349
vn -0.944236 -0.290133 0.155698
vn -0.93016 -0.313482 0.191132
vn -0.939791 -0.248782 0.234308
vn -0.922442 -0.272286 0.273789
vn -0.901972 -0.296107 0.314272
vn -0.914729 -0.248377 0.318717
vn -0.903804 -0.222094 0.365805
vn -0.918578 -0.305814 0.250385
vn -0.913467 -0.337209 0.227745
vn -0.898618 -0.329731 0.289417
vn -0.972692 -0.231693 0.0137478
vn -0.945182 -0.232262 -0.229531
vn -0.944624 -0.247767 -0.21517
vn -0.931679 -0.284227 -0.226252
vn -0.983931 -0.156265 -0.0863778
vn -0.967157 -0.150214 -0.205043
vn -0.967974 -0.165017 -0.189199
vn -0.956842 -0.208091 -0.202856
vn -0.988154 -0.0970296 -0.118902
vn -0.979224 -0.148884 -0.137673
vn -0.976081 -0.104244 -0.190784
vn -0.978658 -0.133282 -0.156409
vn -0.968341 -0.180495 -0.172447
vn -0.968183 -0.196669 -0.154735
vn -0.984313 -0.139468 -0.108056
vn -0.97919 -0.165243 -0.117824
vn -0.967416 -0.213556 -0.136013
vn -0.955615 -0.240496 -0.170181
vn -0.956722 -0.192851 -0.217925
vn -0.956497 -0.223968 -0.186956
vn -0.943587 -0.263864 -0.200046
vn -0.94201 -0.280562 -0.184125
vn -0.954121 -0.257685 -0.152488
vn -0.939822 -0.297864 -0.167368
vn -0.965946 -0.231168 -0.11623
vn -0.951928 -0.27554 -0.133835
vn -0.980553 -0.192323 -0.0390944
vn -0.978451 -0.182379 -0.0968042
vn -0.982723 -0.17388 -0.0634089
vn -0.976892 -0.200307 -0.0745586
vn -0.970509 -0.225508 -0.0851995
vn -0.974382 -0.219032 -0.0510362
vn -0.967652 -0.244441 -0.0624364
vn -0.977265 -0.211598 -0.0133874
vn -0.970777 -0.238552 -0.0261941
vn -0.963722 -0.26413 -0.0384234
vn -0.960463 -0.268583 -0.0733047
vn -0.963667 -0.249511 -0.0953416
vn -0.956208 -0.288372 -0.0500842
vn -0.945062 -0.313233 -0.0935009
vn -0.936946 -0.315769 -0.149743
vn -0.948942 -0.294059 -0.114184
vn -0.933298 -0.33427 -0.131216
vn -0.928791 -0.353352 -0.111759
vn -0.940177 -0.333043 -0.0717564
vn -0.923327 -0.372991 -0.0913505
vn -0.921435 -0.352179 -0.164094
vn -0.901906 -0.364337 -0.232001
vn -0.907071 -0.332832 -0.25777
vn -0.920102 -0.302058 -0.249347
vn -0.927767 -0.317112 -0.196692
vn -0.91602 -0.333803 -0.222449
vn -0.932881 -0.268602 -0.239969
vn -0.929993 -0.300396 -0.211837
vn -0.913202 -0.350418 -0.208012
vn -0.924937 -0.334376 -0.180788
vn -0.909793 -0.367523 -0.192882
vn -0.894637 -0.397614 -0.203783
vn -0.905732 -0.385108 -0.177034
vn -0.890087 -0.414893 -0.188704
vn -0.912118 -0.389352 -0.128238
vn -0.917188 -0.370511 -0.146585
vn -0.900956 -0.403157 -0.160447
vn -0.895396 -0.421649 -0.143102
vn -0.906143 -0.408676 -0.109034
vn -0.888983 -0.440554 -0.124985
vn -0.878877 -0.450642 -0.156515
vn -0.884853 -0.432577 -0.172953
vn -0.872099 -0.46906 -0.139379
vn -0.899177 -0.428446 -0.0889612
vn -0.937702 -0.319448 0.136629
vn -0.949362 -0.296539 0.103813
vn -0.950763 -0.308854 -0.0256541
vn -0.934169 -0.353459 -0.0489299
vn -0.958941 -0.27422 0.0723615
vn -0.966649 -0.252582 0.0423309
vn -0.95857 -0.284555 -0.0131313
vn -0.965917 -0.25885 4.8096e-11
vn -0.959634 -0.279897 0.027564
vn -0.952039 -0.305681 0.0134559
vn -0.943984 -0.32999 4.21601e-11
vn -0.943961 -0.327457 0.0413374
vn -0.951746 -0.301643 0.0564973
vn -0.942063 -0.324018 0.0867762
vn -0.934165 -0.34981 0.0704919
vn -0.935717 -0.351727 0.026877
vn -0.925803 -0.373991 0.0549572
vn -0.927124 -0.374525 0.0131037
vn -0.935578 -0.352887 -0.0128164
vn -0.916807 -0.393153 -0.0699727
vn -0.926914 -0.37444 -0.0250105
vn -0.909124 -0.413794 -0.0476181
vn -0.900173 -0.434855 -0.024289
vn -0.917095 -0.396641 0.0401609
vn -0.918282 -0.395926 3.63006e-11
vn -0.908143 -0.417846 0.026085
vn -0.889844 -0.456265 3.06108e-11
vn -0.905346 -0.419144 0.0683172
vn -0.907329 -0.366528 0.205938
vn -0.923756 -0.342828 0.170715
vn -0.922475 -0.372646 0.100873
vn -0.930395 -0.346928 0.11835
vn -0.916553 -0.370254 0.151134
vn -0.908721 -0.395848 0.132406
vn -0.914084 -0.396688 0.084199
vn -0.900406 -0.419703 0.114535
vn -0.892744 -0.419272 0.164984
vn -0.893969 -0.361131 0.265338
vn -0.900363 -0.393851 0.185009
vn -0.88825 -0.390373 0.242119
vn -0.874404 -0.442753 0.198464
vn -0.884626 -0.442898 0.145869
vn -0.866619 -0.466113 0.178075
vn -0.876145 -0.464837 0.12766
vn -0.891739 -0.44192 0.0975121
vn -0.878031 -0.477939 0.02522
vn -0.896367 -0.440108 0.0532099
vn -0.882828 -0.462603 0.08132
vn -0.864634 -0.499774 0.0513261
vn -0.84956 -0.521655 0.0782555
vn -0.858451 -0.487743 0.158646
vn -0.867412 -0.485204 0.110338
vn -0.850018 -0.507764 0.140163
vn -0.832731 -0.543451 0.105926
vn -0.859634 -0.510911 2.516e-11
vn -0.871448 -0.489924 -0.0235139
vn -0.864457 -0.487793 -0.121537
vn -0.881919 -0.469132 -0.0461931
vn -0.891132 -0.448617 -0.0680132
vn -0.881644 -0.459837 -0.106086
vn -0.873304 -0.479452 -0.0864014
vn -0.863891 -0.499345 -0.0659341
vn -0.853331 -0.519451 -0.0446957
vn -0.846337 -0.526025 -0.0837334
vn -0.85589 -0.506799 -0.102987
vn -0.835737 -0.545413 -0.0637853
vn -0.824034 -0.564894 -0.0431612
vn -0.831658 -0.55309 0.0493686
vn -0.846394 -0.532001 0.0243113
vn -0.841553 -0.539697 -0.0227073
vn -0.828494 -0.559998 1.9999e-11
vn -0.814094 -0.580262 0.0233836
vn -0.815361 -0.574061 0.0751053
vn -0.798306 -0.600384 0.0473888
vn -0.797117 -0.603825 1.51517e-11
vn -0.811176 -0.584392 -0.0218876
vn -0.794587 -0.605722 -0.0416189
vn -0.781819 -0.623101 0.0224565
vn -0.321443 0.149892 0.93499
vn -0.348629 0.10568 0.931284
vn -0.373767 0.116888 0.920128
vn -0.871515 -0.385037 0.30366
vn -0.54798 0.195916 0.813225
vn -0.57162 0.206855 0.794016
vn -0.556286 0.229761 0.798596
vn -0.517302 0.241222 0.821103
vn -0.866917 -0.0600289 0.494824
vn -0.607865 0.283452 0.741725
vn -0.62352 0.261154 0.7369
vn -0.64456 0.27104 0.714899
vn -0.797447 0.133914 0.588341
vn -0.649252 0.302751 0.69772
vn -0.664818 0.280591 0.692305
vn -0.684248 0.289784 0.669201
vn -0.746481 0.229973 0.624402
vn -0.717798 0.276151 0.639146
vn -0.668777 0.311856 0.674895
vn -0.699377 0.267223 0.66292
vn -0.714113 0.244215 0.656051
vn -0.73237 0.25326 0.632056
vn -0.773142 0.182416 0.607434
vn -0.760086 0.206341 0.616192
vn -0.728406 0.220803 0.648591
vn -0.742209 0.197039 0.640548
vn -0.785607 0.158255 0.598144
vn -0.755478 0.172975 0.631928
vn -0.768171 0.148669 0.622745
vn -0.709383 0.211302 0.672404
vn -0.680062 0.257934 0.686284
vn -0.694934 0.234823 0.679651
vn -0.628933 0.293276 0.720023
vn -0.659888 0.248302 0.70915
vn -0.674866 0.225105 0.702769
vn -0.689443 0.201492 0.695751
vn -0.736821 0.163238 0.656085
vn -0.70357 0.177515 0.688097
vn -0.723361 0.187423 0.664547
vn -0.749722 0.138806 0.647031
vn -0.717199 0.153228 0.679813
vn -0.780249 0.124179 0.613018
vn -0.762023 0.114186 0.637403
vn -0.730287 0.128689 0.67091
vn -0.79168 0.0995669 0.602768
vn -0.837989 0.0359768 0.5445
vn -0.819127 0.084939 0.567289
vn -0.808629 0.109455 0.578047
vn -0.828919 0.0604259 0.556096
vn -0.802435 0.0748946 0.592021
vn -0.81249 0.0502243 0.580808
vn -0.853926 -0.0124945 0.520245
vn -0.821828 0.0256179 0.56916
vn -0.830436 0.0011361 0.557113
vn -0.838307 -0.0231626 0.544707
vn -0.804603 0.0150778 0.593621
vn -0.784691 0.0646306 0.616508
vn -0.77369 0.0894395 0.62722
vn -0.742792 0.103958 0.661402
vn -0.754679 0.0790981 0.651309
vn -0.795002 0.0398223 0.605298
vn -0.765914 0.0541729 0.640657
vn -0.776471 0.0292469 0.629474
vn -0.851838 -0.0709901 0.518973
vn -0.821623 -0.0339747 0.569018
vn -0.81348 -0.00954115 0.581515
vn -0.786328 0.00438431 0.617794
vn -0.795469 -0.020352 0.605653
vn -0.803883 -0.0449011 0.59309
vn -0.811566 -0.0692046 0.580147
vn -0.835704 -0.0820601 0.543015
vn -0.722589 0.0935235 0.684922
vn -0.56371 0.262862 0.783029
vn -0.579319 0.240484 0.778818
vn -0.601753 0.250959 0.75823
vn -0.668628 0.191396 0.718543
vn -0.682876 0.16734 0.71111
vn -0.6389 0.238351 0.731434
vn -0.653953 0.215083 0.725317
vn -0.586103 0.273304 0.76275
vn -0.617151 0.228106 0.753056
vn -0.632247 0.204784 0.747213
vn -0.646989 0.181041 0.740695
vn -0.696648 0.142971 0.703022
vn -0.661329 0.156926 0.733497
vn -0.675216 0.132493 0.725623
vn -0.688607 0.107801 0.717077
vn -0.7099 0.118345 0.694288
vn -0.624585 0.170458 0.762127
vn -0.638986 0.146303 0.755177
vn -0.594701 0.217596 0.773939
vn -0.609807 0.194239 0.768379
vn -0.540752 0.252157 0.802499
vn -0.586702 0.183479 0.788743
vn -0.601483 0.159679 0.782765
vn -0.65296 0.121828 0.74753
vn -0.666462 0.097091 0.73919
vn -0.615913 0.135504 0.776073
vn -0.629944 0.111007 0.768666
vn -0.643529 0.0862472 0.760547
vn -0.679447 0.072154 0.730169
vn -0.701456 0.0829114 0.707874
vn -0.656624 0.0612854 0.751724
vn -0.713725 0.0578871 0.69803
vn -0.767024 -0.00643219 0.641586
vn -0.746131 0.0435501 0.664374
vn -0.734677 0.0685704 0.674943
vn -0.756921 0.0185275 0.653244
vn -0.72538 0.0327933 0.687567
vn -0.736388 0.0076961 0.676515
vn -0.785105 -0.0559097 0.616834
vn -0.776423 -0.0312653 0.629436
vn -0.746727 -0.0173391 0.664905
vn -0.756375 -0.0422475 0.652773
vn -0.793064 -0.0803062 0.603822
vn -0.765318 -0.0669665 0.640159
vn -0.818519 -0.0932075 0.566868
vn -0.800297 -0.104399 0.590445
vn -0.773549 -0.0914359 0.627106
vn -0.725479 -0.0283019 0.687662
vn -0.70371 0.021936 0.710149
vn -0.669187 0.0361854 0.742213
vn -0.691875 0.0470806 0.720481
vn -0.71492 -0.00321355 0.699198
vn -0.681181 0.0110128 0.732032
vn -0.692573 -0.0141662 0.721208
vn -0.744562 -0.078036 0.662977
vn -0.735365 -0.0532638 0.675575
vn -0.703336 -0.039285 0.709771
vn -0.713446 -0.0642782 0.697756
vn -0.753059 -0.102558 0.649911
vn -0.722885 -0.0890819 0.685202
vn -0.781064 -0.115599 0.613658
vn -0.760852 -0.126771 0.636423
vn -0.73164 -0.113635 0.672153
vn -0.83026 -0.140111 0.539478
vn -0.903786 -0.260225 0.339785
vn -0.891614 -0.233863 0.387727
vn -0.862472 -0.117458 0.492287
vn -0.884378 -0.150766 0.441753
vn -0.877024 -0.10623 0.468555
vn -0.889165 -0.193373 0.414719
vn -0.870331 -0.162226 0.464979
vn -0.875599 -0.205026 0.437368
vn -0.855276 -0.173734 0.488179
vn -0.846883 -0.128763 0.515954
vn -0.878499 -0.245663 0.409744
vn -0.861057 -0.216699 0.460024
vn -0.83921 -0.185255 0.511279
vn -0.864445 -0.257461 0.431797
vn -0.845536 -0.228359 0.48262
vn -0.87928 -0.284015 0.382363
vn -0.875534 -0.353684 0.329163
vn -0.89051 -0.308068 0.334794
vn -0.891975 -0.272114 0.361017
vn -0.878205 -0.320023 0.355444
vn -0.865048 -0.331941 0.376174
vn -0.865689 -0.295894 0.403769
vn -0.849449 -0.269222 0.453823
vn -0.851195 -0.307717 0.425178
vn -0.846007 -0.408689 0.342412
vn -0.862784 -0.365598 0.349202
vn -0.851032 -0.343786 0.396933
vn -0.833513 -0.280911 0.475757
vn -0.787865 -0.139402 0.599863
vn -0.822141 -0.196753 0.534203
vn -0.812612 -0.151468 0.562778
vn -0.79396 -0.162797 0.585769
vn -0.829039 -0.239969 0.505083
vn -0.804084 -0.208192 0.556871
vn -0.811581 -0.251493 0.527341
vn -0.785064 -0.219535 0.579206
vn -0.774332 -0.174062 0.608369
vn -0.767941 -0.150622 0.622559
vn -0.739706 -0.137878 0.658653
vn -0.747081 -0.161758 0.644752
vn -0.753767 -0.185225 0.630497
vn -0.816646 -0.29249 0.497532
vn -0.79318 -0.262893 0.54932
vn -0.765116 -0.230743 0.601128
vn -0.798866 -0.303923 0.519079
vn -0.773869 -0.274131 0.570946
vn -0.819512 -0.331053 0.467766
vn -0.849219 -0.377428 0.369291
vn -0.836156 -0.355525 0.417666
vn -0.835801 -0.319449 0.446531
vn -0.834838 -0.38914 0.38938
vn -0.820426 -0.367122 0.438317
vn -0.832096 -0.42034 0.361844
vn -0.819645 -0.400698 0.409418
vn -0.803855 -0.378541 0.458829
vn -0.802343 -0.342493 0.488819
vn -0.780199 -0.315172 0.540329
vn -0.784318 -0.353732 0.509626
vn -0.817415 -0.431831 0.381254
vn -0.80365 -0.41207 0.429354
vn -0.78646 -0.389747 0.479142
vn -0.801975 -0.443128 0.400592
vn -0.78687 -0.423219 0.449134
vn -0.717681 -0.148884 0.68027
vn -0.420149 0.195919 0.886053
vn -0.449459 0.150913 0.880461
vn -0.474515 0.162276 0.86516
vn -0.633058 0.050341 0.772466
vn -0.64573 0.0252374 0.763148
vn -0.469236 0.218808 0.855535
vn -0.499344 0.173589 0.848836
vn -0.52386 0.184815 0.831513
vn -0.577757 0.148739 0.802542
vn -0.592186 0.124564 0.796116
vn -0.563005 0.17254 0.808242
vn -0.493437 0.230093 0.838795
vn -0.538797 0.161456 0.826819
vn -0.553488 0.137674 0.8214
vn -0.606243 0.100066 0.788959
vn -0.619882 0.0753051 0.781074
vn -0.567883 0.113519 0.815244
vn -0.581935 0.0890419 0.808346
vn -0.595599 0.0643012 0.800704
vn -0.608829 0.0393571 0.792325
vn -0.528759 0.126522 0.839289
vn -0.54309 0.102406 0.833406
vn -0.514161 0.150265 0.844428
vn -0.444779 0.207404 0.871295
vn -0.503659 0.115318 0.856171
vn -0.557108 0.0779705 0.826772
vn -0.570766 0.053272 0.819383
vn -0.517896 0.0912621 0.850562
vn -0.531849 0.0668888 0.844193
vn -0.545473 0.0422539 0.837063
vn -0.584021 0.0283702 0.811243
vn -0.558724 0.0174165 0.829171
vn -0.596831 0.00332773 0.80236
vn -0.621583 0.0142727 0.783218
vn -0.680362 -0.0502521 0.731152
vn -0.65786 5.97133e-05 0.75314
vn -0.633824 -0.0108869 0.773401
vn -0.645516 -0.0360555 0.762895
vn -0.669414 -0.0251256 0.742465
vn -0.700346 -0.100067 0.706754
vn -0.690679 -0.075254 0.719235
vn -0.656628 -0.0611666 0.75173
vn -0.667135 -0.0861547 0.739938
vn -0.70935 -0.12463 0.693751
vn -0.677016 -0.110955 0.727556
vn -0.686254 -0.135507 0.714628
vn -0.632217 -0.0719927 0.771439
vn -0.609156 -0.0217908 0.792751
vn -0.620962 -0.0469196 0.782435
vn -0.571561 -0.00756159 0.820525
vn -0.583945 -0.0326164 0.811138
vn -0.59584 -0.0576828 0.801029
vn -0.607214 -0.0826953 0.790223
vn -0.652969 -0.121711 0.747541
vn -0.618038 -0.107589 0.778751
vn -0.642893 -0.0969445 0.759796
vn -0.662427 -0.14623 0.734716
vn -0.62829 -0.132299 0.766648
vn -0.69484 -0.15975 0.701197
vn -0.671254 -0.170443 0.721365
vn -0.63795 -0.156765 0.753953
vn -0.533031 0.00653121 0.84607
vn -0.545868 -0.0183606 0.83767
vn -0.370682 0.172852 0.912533
vn -0.399003 0.128185 0.907945
vn -0.424261 0.139538 0.894725
vn -0.478276 0.104101 0.872018
vn -0.492391 0.0801241 0.866678
vn -0.395424 0.184389 0.8998
vn -0.4527 0.0929058 0.88681
vn -0.506251 0.0558331 0.860577
vn -0.519812 0.0312828 0.853708
vn -0.466665 0.0690271 0.881736
vn -0.480405 0.0448382 0.8759
vn -0.493876 0.0203928 0.869293
vn -0.507037 -0.00425196 0.861914
vn -0.454404 0.0339374 0.890149
vn -0.427018 0.0817675 0.900539
vn -0.345999 0.161342 0.924258
vn -0.401315 0.0707186 0.913206
vn -0.467759 0.00961659 0.883803
vn -0.428337 0.0231618 0.903322
vn -0.441553 -0.00101561 0.897235
vn -0.480835 -0.0149013 0.876684
vn -0.454519 -0.0253873 0.890375
vn -0.493592 -0.0395574 0.868793
vn -0.519847 -0.0290362 0.853766
vn -0.581711 -0.0932412 0.808034
vn -0.59266 -0.118054 0.796754
vn -0.558284 -0.0433296 0.828518
vn -0.570242 -0.0683114 0.818631
vn -0.532268 -0.0538978 0.844859
vn -0.544264 -0.0787735 0.835208
vn -0.555802 -0.103599 0.824834
vn -0.603066 -0.142688 0.784826
vn -0.566853 -0.128311 0.813765
vn -0.577391 -0.152847 0.802033
vn -0.587395 -0.177146 0.789675
vn -0.612909 -0.16708 0.772287
vn -0.647003 -0.180928 0.740711
vn -0.622171 -0.191173 0.759181
vn -0.529583 -0.113741 0.840598
vn -0.540712 -0.138332 0.829756
vn -0.505992 -0.064291 0.860139
vn -0.518001 -0.0890399 0.850733
vn -0.467198 -0.0498958 0.882743
vn -0.479553 -0.0744817 0.874346
vn -0.491548 -0.0990839 0.865195
vn -0.503151 -0.123641 0.855308
vn -0.551358 -0.16275 0.81824
vn -0.561502 -0.186936 0.806083
vn -0.514332 -0.14809 0.844708
vn -0.525064 -0.172372 0.833424
vn -0.535324 -0.196427 0.821489
vn -0.571123 -0.210832 0.793327
vn -0.596847 -0.201149 0.776732
vn -0.545093 -0.220198 0.808942
vn -0.655441 -0.204731 0.726968
vn -0.760678 -0.326201 0.561214
vn -0.702767 -0.183631 0.687312
vn -0.744283 -0.241779 0.622564
vn -0.732316 -0.196249 0.652073
vn -0.738628 -0.219264 0.637457
vn -0.725336 -0.172773 0.666361
vn -0.710036 -0.207097 0.673023
vn -0.71665 -0.230103 0.658381
vn -0.753684 -0.28517 0.592147
vn -0.722618 -0.252607 0.643438
vn -0.732674 -0.295974 0.612853
vn -0.700182 -0.263192 0.663683
vn -0.686992 -0.217733 0.693278
vn -0.679443 -0.194294 0.707535
vn -0.693903 -0.240713 0.678643
vn -0.66326 -0.228125 0.712773
vn -0.670458 -0.251062 0.698179
vn -0.740346 -0.336973 0.581667
vn -0.710892 -0.306508 0.632997
vn -0.677042 -0.2735 0.683236
vn -0.719251 -0.347455 0.601625
vn -0.688402 -0.316741 0.652517
vn -0.745821 -0.375464 0.550253
vn -0.768269 -0.400705 0.499198
vn -0.765465 -0.364734 0.530125
vn -0.785787 -0.454199 0.419811
vn -0.769326 -0.434113 0.468703
vn -0.749313 -0.411379 0.518939
vn -0.768873 -0.465011 0.438862
vn -0.751048 -0.444719 0.488009
vn -0.72963 -0.42174 0.538308
vn -0.72543 -0.385889 0.569948
vn -0.69745 -0.357616 0.621027
vn -0.704342 -0.395978 0.589155
vn -0.751256 -0.475532 0.457694
vn -0.732069 -0.455004 0.506997
vn -0.709267 -0.431755 0.55725
vn -0.732967 -0.485732 0.47626
vn -0.71243 -0.464941 0.525617
vn -0.675005 -0.367425 0.639818
vn -0.605735 -0.224803 0.763249
vn -0.653273 -0.283503 0.702041
vn -0.638918 -0.238241 0.731454
vn -0.630843 -0.21491 0.745554
vn -0.646393 -0.26112 0.716932
vn -0.614051 -0.248054 0.749273
vn -0.62179 -0.270858 0.734855
vn -0.66527 -0.326642 0.671357
vn -0.628954 -0.293172 0.720047
vn -0.641572 -0.336185 0.689467
vn -0.604168 -0.302483 0.737214
vn -0.588748 -0.257539 0.766191
vn -0.554355 -0.243631 0.795823
vn -0.580209 -0.234383 0.780014
vn -0.596735 -0.280253 0.751908
vn -0.563098 -0.266675 0.78218
vn -0.571315 -0.289285 0.768058
vn -0.651983 -0.376858 0.657948
vn -0.617385 -0.345347 0.706803
vn -0.579002 -0.311417 0.753509
vn -0.628458 -0.385891 0.675373
vn -0.59279 -0.354108 0.723331
vn -0.660309 -0.415037 0.625889
vn -0.688274 -0.441398 0.575714
vn -0.682615 -0.405702 0.607818
vn -0.714041 -0.495584 0.494512
vn -0.692175 -0.474502 0.543821
vn -0.666707 -0.450643 0.593653
vn -0.694519 -0.50506 0.512404
vn -0.671356 -0.483662 0.561563
vn -0.644624 -0.459469 0.611022
vn -0.63749 -0.42396 0.643323
vn -0.604503 -0.394507 0.692055
vn -0.614229 -0.432452 0.660082
vn -0.674446 -0.514138 0.529892
vn -0.650025 -0.492402 0.578799
vn -0.622091 -0.467858 0.627783
vn -0.653869 -0.522796 0.546936
vn -0.628241 -0.500702 0.595492
vn -0.783443 -0.482777 0.391335
vn -0.797457 -0.594788 0.101439
vn -0.813973 -0.460607 0.353963
vn -0.841632 -0.437648 0.316418
vn -0.856747 -0.477672 0.194457
vn -0.840553 -0.51898 0.155339
vn -0.86638 -0.414155 0.279034
vn -0.864311 -0.454456 0.215489
vn -0.881667 -0.417545 0.219817
vn -0.87134 -0.429368 0.237509
vn -0.860343 -0.441139 0.255357
vn -0.853589 -0.466101 0.232671
vn -0.848667 -0.452831 0.273329
vn -0.836307 -0.464414 0.291392
vn -0.842229 -0.477661 0.249981
vn -0.846284 -0.489167 0.210995
vn -0.835221 -0.500574 0.227664
vn -0.830226 -0.489109 0.26739
vn -0.830567 -0.530124 0.170667
vn -0.814085 -0.565019 0.134237
vn -0.793582 -0.586206 0.163067
vn -0.820053 -0.541174 0.186128
vn -0.823555 -0.511866 0.244438
vn -0.809008 -0.552108 0.201701
vn -0.811284 -0.523016 0.261289
vn -0.823262 -0.47586 0.309511
vn -0.809532 -0.487138 0.327649
vn -0.817578 -0.500417 0.284867
vn -0.804287 -0.511556 0.302378
vn -0.78005 -0.509071 0.363826
vn -0.799061 -0.471806 0.372693
vn -0.775801 -0.533215 0.337364
vn -0.784934 -0.544787 0.295102
vn -0.770868 -0.555354 0.312
vn -0.785321 -0.573532 0.23309
vn -0.798409 -0.533999 0.278188
vn -0.79743 -0.562902 0.217363
vn -0.782628 -0.596606 0.177634
vn -0.771208 -0.606851 0.192277
vn -0.772685 -0.583976 0.248858
vn -0.7654 -0.575637 0.287758
vn -0.759323 -0.616919 0.206976
vn -0.759526 -0.59421 0.26464
vn -0.756727 -0.634969 0.155494
vn -0.777915 -0.615137 0.128273
vn -0.765254 -0.642124 0.0454268
vn -0.781093 -0.620255 0.0719489
vn -0.762433 -0.639757 0.0969843
vn -0.747405 -0.660791 0.0688458
vn -0.74232 -0.65877 0.122404
vn -0.733906 -0.654142 0.182977
vn -0.728271 -0.678999 0.0926388
vn -0.720766 -0.677171 0.148105
vn -0.707863 -0.696639 0.116722
vn -0.709491 -0.672515 0.210583
vn -0.734184 -0.636445 0.236458
vn -0.74698 -0.62679 0.22171
vn -0.71431 -0.523772 0.464138
vn -0.756222 -0.565673 0.32885
vn -0.750158 -0.503911 0.428179
vn -0.744855 -0.553861 0.37206
vn -0.764322 -0.519665 0.381784
vn -0.767134 -0.493489 0.409846
vn -0.741011 -0.575719 0.345617
vn -0.747961 -0.529974 0.399602
vn -0.730989 -0.53997 0.417238
vn -0.732539 -0.514014 0.446291
vn -0.725252 -0.585467 0.362268
vn -0.728504 -0.563738 0.389207
vn -0.711598 -0.573283 0.40617
vn -0.713435 -0.549626 0.434652
vn -0.736577 -0.5957 0.320307
vn -0.745855 -0.60421 0.28041
vn -0.751255 -0.585801 0.304062
vn -0.731683 -0.613955 0.296141
vn -0.720945 -0.645863 0.251197
vn -0.717024 -0.623422 0.311804
vn -0.721382 -0.605311 0.336462
vn -0.708967 -0.594894 0.37877
vn -0.705689 -0.614612 0.352497
vn -0.707274 -0.655025 0.265905
vn -0.701894 -0.632591 0.327373
vn -0.692182 -0.603978 0.395088
vn -0.676168 -0.542153 0.498865
vn -0.695329 -0.558919 0.451804
vn -0.695507 -0.533159 0.481676
vn -0.694167 -0.582475 0.422913
vn -0.67624 -0.591292 0.439401
vn -0.676709 -0.567826 0.468657
vn -0.657611 -0.576328 0.485173
vn -0.656339 -0.550734 0.515666
vn -0.632842 -0.531018 0.563499
vn -0.636065 -0.558883 0.532044
vn -0.674924 -0.612699 0.41119
vn -0.657854 -0.599714 0.455599
vn -0.638079 -0.584409 0.501319
vn -0.657224 -0.621039 0.427044
vn -0.639045 -0.607727 0.471476
vn -0.672903 -0.632203 0.384084
vn -0.693185 -0.663914 0.280559
vn -0.686315 -0.641442 0.342819
vn -0.689522 -0.623583 0.368381
vn -0.678693 -0.672511 0.295136
vn -0.670306 -0.649956 0.358115
vn -0.663816 -0.6808 0.309613
vn -0.653894 -0.658118 0.373233
vn -0.655862 -0.640456 0.399576
vn -0.639115 -0.628982 0.442621
vn -0.638427 -0.648326 0.414831
vn -0.648572 -0.688767 0.323966
vn -0.637104 -0.665912 0.388149
vn -0.683549 -0.689954 0.238167
vn -0.697805 -0.694838 0.173976
vn -0.67349 -0.711655 0.199898
vn -0.696706 -0.68136 0.224387
vn -0.686207 -0.713609 0.141004
vn -0.66335 -0.729805 0.165386
vn -0.647895 -0.727511 0.225744
vn -0.656172 -0.706334 0.265578
vn -0.670033 -0.698284 0.251904
vn -0.64198 -0.71409 0.279171
vn -0.632984 -0.696397 0.338175
vn -0.634646 -0.735047 0.2386
vn -0.627476 -0.721541 0.292663
vn -0.63935 -0.745131 0.189765
vn -0.621115 -0.742307 0.251389
vn -0.614286 -0.759501 0.214034
vn -0.611419 -0.538788 0.579547
vn -0.157981 0.0736676 0.98469
vn -0.115235 0.0537352 0.991884
vn -0.158372 0.0221651 0.987131
vn -0.136615 0.0127508 0.990542
vn -0.518849 -0.229228 0.823559
vn -0.528266 -0.252527 0.810657
vn -0.225741 0.105265 0.968483
vn -0.250392 0.0622824 0.966139
vn -0.274483 0.0728686 0.958827
vn -0.428179 -0.0356834 0.902989
vn -0.440757 -0.0600258 0.895617
vn -0.272976 0.127291 0.953562
vn -0.298923 0.083645 0.950604
vn -0.323659 0.0945903 0.941434
vn -0.375674 0.0597896 0.924821
vn -0.402291 0.0125402 0.915426
vn -0.297082 0.138532 0.944749
vn -0.350171 0.0490084 0.935403
vn -0.376346 0.00209838 0.926477
vn -0.401901 -0.0457658 0.914539
vn -0.324877 0.0384001 0.944977
vn -0.35058 -0.0081405 0.936497
vn -0.249179 0.116194 0.961462
vn -0.299857 0.0279869 0.953573
vn -0.375765 -0.0556138 0.925045
vn -0.325063 -0.0181565 0.945518
vn -0.349846 -0.0652098 0.934535
vn -0.400157 -0.103608 0.910571
vn -0.426549 -0.0941601 0.89955
vn -0.476599 -0.133276 0.86896
vn -0.487808 -0.157566 0.858613
vn -0.453042 -0.0844452 0.887481
vn -0.465 -0.108882 0.87859
vn -0.438447 -0.118414 0.890922
vn -0.450018 -0.142627 0.881556
vn -0.498602 -0.181694 0.847575
vn -0.508956 -0.2056 0.835879
vn -0.461233 -0.166741 0.871471
vn -0.472064 -0.190697 0.860692
vn -0.482488 -0.214438 0.849248
vn -0.492483 -0.237908 0.837174
vn -0.423495 -0.151679 0.89311
vn -0.434692 -0.1756 0.883293
vn -0.373946 -0.112774 0.920568
vn -0.397112 -0.160419 0.903641
vn -0.445538 -0.199368 0.872782
vn -0.456009 -0.222929 0.861602
vn -0.419109 -0.207698 0.88386
vn -0.439734 -0.254174 0.861411
vn -0.466083 -0.246226 0.849788
vn -0.324212 -0.0745394 0.943043
vn -0.347988 -0.121647 0.929573
vn -0.180108 0.0839856 0.980055
vn -0.203439 0.0417511 0.978197
vn -0.226697 0.0519047 0.972581
vn -0.275171 0.0177881 0.961231
vn -0.299858 -0.0279325 0.953575
vn -0.202705 0.094523 0.974667
vn -0.250871 0.00782013 0.967989
vn -0.275022 -0.0374547 0.960708
vn -0.298925 -0.0835911 0.950608
vn -0.227002 -0.00190362 0.973892
vn -0.250605 -0.0467117 0.966962
vn -0.180655 0.0318345 0.983031
vn -0.203604 -0.0113723 0.978987
vn -0.274039 -0.0923564 0.957274
vn -0.22665 -0.0556954 0.972382
vn -0.2496 -0.100829 0.963085
vn -0.297085 -0.138479 0.944756
vn -0.322348 -0.130217 0.937622
vn -0.370944 -0.168838 0.913178
vn -0.392853 -0.21568 0.893951
vn -0.345061 -0.176929 0.921753
vn -0.413515 -0.261748 0.872063
vn -0.366844 -0.22331 0.903083
vn -0.387499 -0.268945 0.881767
vn -0.319523 -0.18469 0.929405
vn -0.341144 -0.230587 0.91129
vn -0.272248 -0.146429 0.95102
vn -0.294387 -0.19212 0.936176
vn -0.361754 -0.275769 0.890553
vn -0.315813 -0.237514 0.918613
vn -0.33634 -0.282223 0.898457
vn -0.432763 -0.306638 0.847755
vn -0.458824 -0.299434 0.836552
vn -0.580197 -0.402688 0.707964
vn -0.475742 -0.26921 0.837374
vn -0.502032 -0.261057 0.824508
vn -0.553543 -0.319958 0.768907
vn -0.56787 -0.362453 0.739021
vn -0.537193 -0.275444 0.797217
vn -0.511121 -0.283833 0.811292
vn -0.527876 -0.328092 0.783391
vn -0.54562 -0.297935 0.783284
vn -0.542706 -0.37037 0.753854
vn -0.555618 -0.410426 0.723076
vn -0.502088 -0.335811 0.796955
vn -0.517382 -0.377852 0.767817
vn -0.48497 -0.291832 0.824402
vn -0.476261 -0.343111 0.809599
vn -0.530843 -0.417712 0.737375
vn -0.491977 -0.384895 0.780906
vn -0.50595 -0.424543 0.750852
vn -0.542509 -0.455219 0.706017
vn -0.566665 -0.448091 0.691452
vn -0.599173 -0.475795 0.643903
vn -0.590596 -0.4405 0.676134
vn -0.606064 -0.508548 0.611609
vn -0.575938 -0.483269 0.659353
vn -0.583556 -0.51593 0.627119
vn -0.552454 -0.490274 0.674111
vn -0.518201 -0.461881 0.719815
vn -0.589656 -0.546096 0.595051
vn -0.56078 -0.52284 0.642
vn -0.528789 -0.496806 0.688162
vn -0.567611 -0.552934 0.609985
vn -0.537801 -0.529274 0.656231
vn -0.481013 -0.430918 0.763502
vn -0.493813 -0.468077 0.732839
vn -0.381187 -0.319854 0.867404
vn -0.406861 -0.313443 0.858031
vn -0.450474 -0.34999 0.821328
vn -0.466569 -0.391498 0.793122
vn -0.424801 -0.35645 0.832158
vn -0.44123 -0.397664 0.804474
vn -0.456103 -0.436843 0.775331
vn -0.399311 -0.362497 0.842109
vn -0.41603 -0.4034 0.814977
vn -0.355803 -0.325876 0.875904
vn -0.374068 -0.368137 0.851204
vn -0.431288 -0.442323 0.786347
vn -0.391032 -0.408714 0.82465
vn -0.406631 -0.447367 0.796564
vn -0.445064 -0.479088 0.756566
vn -0.469412 -0.47381 0.745088
vn -0.505011 -0.502864 0.701493
vn -0.481185 -0.508452 0.714099
vn -0.545344 -0.559298 0.624328
vn -0.51468 -0.535232 0.6698
vn -0.491479 -0.540716 0.682696
vn -0.522913 -0.565186 0.638065
vn -0.457374 -0.513577 0.72598
vn -0.468259 -0.545733 0.694916
vn -0.420832 -0.483919 0.767283
vn -0.433637 -0.518248 0.737141
vn -0.500375 -0.570601 0.651183
vn -0.445076 -0.550291 0.706461
vn -0.455201 -0.580034 0.675539
vn -0.477786 -0.575548 0.663676
vn -0.311311 -0.288313 0.905517
vn -0.330766 -0.331518 0.883567
vn -0.0361988 0.0168798 0.999202
vn -0.0551346 -0.0222724 0.99823
vn -0.0947449 -0.005292 0.995488
vn -0.22565 -0.109007 0.968091
vn -0.247883 -0.154067 0.956461
vn -0.0746164 0.0347942 0.996605
vn -0.180708 -0.0205778 0.983321
vn -0.203194 -0.0643997 0.977018
vn -0.158342 -0.0295143 0.986943
vn -0.180266 -0.0728211 0.980918
vn -0.202221 -0.116887 0.972339
vn -0.136527 -0.0381782 0.9899
vn -0.157891 -0.0809583 0.984132
vn -0.115277 -0.0465678 0.992241
vn -0.179341 -0.124472 0.975881
vn -0.136086 -0.0888116 0.986708
vn -0.15703 -0.131764 0.978764
vn -0.200708 -0.168414 0.965066
vn -0.224027 -0.161395 0.961126
vn -0.269698 -0.199221 0.942111
vn -0.290901 -0.244095 0.925092
vn -0.245498 -0.205997 0.947257
vn -0.266452 -0.250336 0.930772
vn -0.286713 -0.294049 0.911774
vn -0.22182 -0.212454 0.951661
vn -0.242502 -0.256244 0.935698
vn -0.177953 -0.175131 0.968329
vn -0.198692 -0.218598 0.955372
vn -0.262587 -0.29944 0.91727
vn -0.219083 -0.261831 0.939919
vn -0.238965 -0.304498 0.92205
vn -0.135304 -0.138766 0.981039
vn -0.155778 -0.181552 0.970964
vn 0 0 1
vn -0.0178105 -0.0381947 0.999112
vn -0.0745155 -0.0625259 0.995258
vn -0.0942357 -0.103676 0.990137
vn -0.114174 -0.145485 0.98275
vn -0.0360953 -0.0774066 0.996346
vn -0.0547666 -0.117447 0.991568
vn -0.0737226 -0.158099 0.984667
vn -0.11322 -0.193536 0.974538
vn -0.0928491 -0.199115 0.975568
vn -0.176135 -0.224438 0.958438
vn -0.196219 -0.267105 0.943479
vn -0.134198 -0.187684 0.973019
vn -0.154165 -0.229984 0.960906
vn -0.215876 -0.309235 0.926159
vn -0.173928 -0.27208 0.946426
vn -0.193341 -0.313666 0.929641
vn -0.132792 -0.235245 0.962822
vn -0.152223 -0.276765 0.948804
vn -0.112023 -0.240233 0.96423
vn -0.171376 -0.317802 0.932541
vn -0.131114 -0.281175 0.950657
vn -0.149992 -0.32166 0.9349
vn -0.234962 -0.350517 0.906604
vn -0.258188 -0.346276 0.901904
vn -0.38219 -0.451988 0.806001
vn -0.396772 -0.488316 0.777251
vn -0.281918 -0.341706 0.896526
vn -0.306123 -0.336791 0.890427
vn -0.349129 -0.373381 0.859474
vn -0.366295 -0.413617 0.833516
vn -0.324545 -0.378242 0.866951
vn -0.34187 -0.418122 0.841605
vn -0.358018 -0.456199 0.814681
vn -0.300362 -0.382732 0.87367
vn -0.317805 -0.422245 0.848946
vn -0.276617 -0.386866 0.879669
vn -0.334163 -0.460015 0.822631
vn -0.29414 -0.426 0.855573
vn -0.310667 -0.463454 0.829877
vn -0.349377 -0.495864 0.795019
vn -0.372938 -0.492292 0.786489
vn -0.410031 -0.522477 0.747591
vn -0.421985 -0.554401 0.717334
vn -0.386609 -0.526276 0.757342
vn -0.432673 -0.58407 0.686773
vn -0.399036 -0.558076 0.727544
vn -0.410249 -0.587667 0.697383
vn -0.363417 -0.529662 0.766411
vn -0.376277 -0.561332 0.737104
vn -0.326133 -0.499048 0.802863
vn -0.340499 -0.532652 0.774817
vn -0.387975 -0.590841 0.707377
vn -0.353751 -0.564184 0.746027
vn -0.365895 -0.593607 0.716765
vn -0.287567 -0.466532 0.836453
vn -0.303244 -0.501862 0.810048
vn -0.190116 -0.358069 0.914135
vn -0.212265 -0.354443 0.910667
vn -0.253345 -0.390661 0.884986
vn -0.270911 -0.429406 0.861521
vn -0.230571 -0.394132 0.889661
vn -0.248146 -0.432479 0.866825
vn -0.264894 -0.469269 0.842388
vn -0.208318 -0.397296 0.893733
vn -0.22587 -0.435238 0.871522
vn -0.168529 -0.361412 0.917049
vn -0.186603 -0.400171 0.897242
vn -0.242676 -0.471683 0.847717
vn -0.204103 -0.4377 0.875649
vn -0.220933 -0.473792 0.852473
vn -0.258658 -0.506457 0.822555
vn -0.280742 -0.504325 0.816602
vn -0.317895 -0.535264 0.782583
vn -0.331497 -0.566651 0.754332
vn -0.295638 -0.537516 0.789731
vn -0.344046 -0.595982 0.72556
vn -0.309549 -0.568751 0.762038
vn -0.322465 -0.597984 0.733779
vn -0.273758 -0.539428 0.796288
vn -0.287939 -0.570503 0.769166
vn -0.237013 -0.508277 0.827937
vn -0.252282 -0.54102 0.802279
vn -0.301182 -0.599632 0.741439
vn -0.266694 -0.571928 0.77574
vn -0.280225 -0.600944 0.748559
vn -0.442152 -0.611505 0.656173
vn -0.464083 -0.607506 0.644641
vn -0.617074 -0.703678 0.352217
vn -0.551541 -0.586934 0.592715
vn -0.620633 -0.636513 0.457892
vn -0.594384 -0.573836 0.5634
vn -0.618157 -0.592054 0.517064
vn -0.615396 -0.566588 0.547965
vn -0.619854 -0.615315 0.487
vn -0.59789 -0.599251 0.532377
vn -0.600321 -0.622466 0.502145
vn -0.577329 -0.605992 0.547234
vn -0.573081 -0.580619 0.578324
vn -0.601817 -0.643622 0.472829
vn -0.580492 -0.629174 0.516885
vn -0.55652 -0.612273 0.561612
vn -0.582704 -0.6503 0.487409
vn -0.560409 -0.635431 0.531196
vn -0.602506 -0.662866 0.444518
vn -0.619966 -0.673325 0.402835
vn -0.618748 -0.689237 0.376965
vn -0.62063 -0.6558 0.42982
vn -0.602508 -0.680346 0.417269
vn -0.60193 -0.696211 0.391116
vn -0.584763 -0.686966 0.431428
vn -0.584089 -0.669515 0.458901
vn -0.563335 -0.656539 0.501608
vn -0.565416 -0.67574 0.472948
vn -0.584831 -0.702799 0.405027
vn -0.566765 -0.693177 0.44529
vn -0.600866 -0.7106 0.366071
vn -0.584385 -0.717154 0.379716
vn -0.567482 -0.708995 0.418677
vn -0.543751 -0.662337 0.515407
vn -0.507967 -0.59815 0.619828
vn -0.535514 -0.618089 0.575491
vn -0.529819 -0.592777 0.606554
vn -0.540119 -0.641234 0.545061
vn -0.514361 -0.623443 0.588857
vn -0.519666 -0.646582 0.55846
vn -0.493108 -0.628336 0.601697
vn -0.486038 -0.603058 0.632525
vn -0.523994 -0.667692 0.528788
vn -0.499097 -0.651479 0.571382
vn -0.471804 -0.632774 0.614002
vn -0.504106 -0.672605 0.541738
vn -0.478454 -0.655928 0.583816
vn -0.527452 -0.686905 0.499957
vn -0.548545 -0.698976 0.458837
vn -0.546524 -0.681537 0.486639
vn -0.549912 -0.714793 0.43205
vn -0.53014 -0.704358 0.47205
vn -0.567659 -0.723331 0.393134
vn -0.550715 -0.729128 0.406307
vn -0.532154 -0.720191 0.445126
vn -0.511583 -0.709324 0.484915
vn -0.508235 -0.691842 0.512885
vn -0.484126 -0.677079 0.554243
vn -0.488914 -0.696351 0.525412
vn -0.514238 -0.725186 0.457891
vn -0.492908 -0.713874 0.497418
vn -0.533581 -0.734539 0.419219
vn -0.516286 -0.739562 0.431853
vn -0.496196 -0.72978 0.470331
vn -0.566713 -0.748084 0.345264
vn -0.607316 -0.74928 0.264097
vn -0.593264 -0.755958 0.276706
vn -0.597603 -0.735483 0.319273
vn -0.612677 -0.728676 0.306037
vn -0.582275 -0.741955 0.332354
vn -0.578976 -0.762331 0.289203
vn -0.588249 -0.772837 0.238087
vn -0.564471 -0.768393 0.301572
vn -0.561345 -0.785075 0.261819
vn -0.549765 -0.774137 0.313798
vn -0.534879 -0.77956 0.325869
vn -0.534982 -0.75929 0.370504
vn -0.550941 -0.753863 0.357985
vn -0.518859 -0.76436 0.382805
vn -0.498858 -0.744198 0.444196
vn -0.519832 -0.784657 0.337771
vn -0.502596 -0.769072 0.394875
vn -0.533692 -0.796163 0.285128
vn -0.519623 -0.801264 0.296593
vn -0.505414 -0.806066 0.307918
vn -0.504642 -0.789425 0.349492
vn -0.481326 -0.748447 0.456236
vn -0.355558 -0.623253 0.696516
vn -0.376955 -0.620923 0.687284
vn -0.464096 -0.68112 0.566296
vn -0.398545 -0.6182 0.677489
vn -0.420292 -0.615065 0.667121
vn -0.450495 -0.636765 0.625767
vn -0.457781 -0.659935 0.595753
vn -0.429226 -0.64032 0.636989
vn -0.437121 -0.663511 0.607189
vn -0.408038 -0.64345 0.64767
vn -0.386971 -0.646169 0.657813
vn -0.444053 -0.684735 0.577887
vn -0.416513 -0.666665 0.618123
vn -0.395994 -0.669409 0.628554
vn -0.424037 -0.687934 0.589015
vn -0.450102 -0.704106 0.54922
vn -0.474151 -0.718012 0.509548
vn -0.469524 -0.700437 0.537527
vn -0.47806 -0.733973 0.482434
vn -0.455345 -0.721743 0.521294
vn -0.45986 -0.737771 0.494189
vn -0.436522 -0.725074 0.53265
vn -0.430683 -0.707366 0.560487
vn -0.404083 -0.690728 0.599677
vn -0.411301 -0.710225 0.571324
vn -0.441627 -0.741178 0.505589
vn -0.417715 -0.728012 0.543611
vn -0.46372 -0.752313 0.467963
vn -0.446066 -0.7558 0.479366
vn -0.423391 -0.744202 0.516627
vn -0.384225 -0.693128 0.609873
vn -0.313483 -0.626797 0.71334
vn -0.33439 -0.625204 0.705197
vn -0.366063 -0.648492 0.667425
vn -0.375601 -0.671758 0.638486
vn -0.345347 -0.650435 0.676513
vn -0.355368 -0.673726 0.647925
vn -0.364495 -0.695149 0.619606
vn -0.324855 -0.652015 0.685088
vn -0.335323 -0.67533 0.656877
vn -0.292864 -0.628048 0.720962
vn -0.304615 -0.65325 0.693162
vn -0.344922 -0.696806 0.62888
vn -0.315497 -0.676585 0.665352
vn -0.325535 -0.698113 0.637703
vn -0.353693 -0.716524 0.601245
vn -0.372777 -0.714792 0.591701
vn -0.398954 -0.730568 0.554172
vn -0.391989 -0.712697 0.581728
vn -0.40518 -0.746851 0.527297
vn -0.380267 -0.732752 0.564333
vn -0.428393 -0.758913 0.490439
vn -0.410728 -0.76166 0.501175
vn -0.387021 -0.749135 0.537598
vn -0.361683 -0.734576 0.574093
vn -0.334765 -0.717907 0.610362
vn -0.368942 -0.751064 0.547526
vn -0.343228 -0.736054 0.583454
vn -0.393095 -0.764049 0.511571
vn -0.375521 -0.76609 0.521622
vn -0.350966 -0.75265 0.557082
vn -0.436626 -0.784354 0.440621
vn -0.489331 -0.793864 0.36102
vn -0.469747 -0.777421 0.418275
vn -0.486217 -0.773425 0.406702
vn -0.473919 -0.797973 0.372344
vn -0.453209 -0.781063 0.429584
vn -0.458425 -0.801753 0.383455
vn -0.476646 -0.814764 0.330103
vn -0.491083 -0.810567 0.319091
vn -0.462119 -0.81866 0.340943
vn -0.447521 -0.822253 0.351603
vn -0.442871 -0.805207 0.394343
vn -0.427274 -0.808338 0.405002
vn -0.398544 -0.777604 0.486308
vn -0.420022 -0.787299 0.451378
vn -0.40342 -0.789904 0.461848
vn -0.411656 -0.811149 0.415423
vn -0.386841 -0.792176 0.472028
vn -0.38147 -0.77976 0.496442
vn -0.358028 -0.767793 0.531329
vn -0.364459 -0.781584 0.506257
vn -0.396035 -0.813646 0.4256
vn -0.370306 -0.794124 0.481913
vn -0.418175 -0.828543 0.372354
vn -0.432867 -0.825547 0.362076
vn -0.403461 -0.831245 0.382429
vn -0.388741 -0.833657 0.392297
vn -0.38043 -0.815835 0.435529
vn -0.422618 -0.906308 -2.88274e-11
vt 0.596263 -0.0949733
vt 0.6 -0.0993717
vt 0.6 -0.0994973
vt 0.6 -0.099246
vt 0.6 -0.0991203
vt 0.6 -0.0989947
vt 0.6 -0.098869
vt 0.6 -0.0987433
vt 0.6 -0.0986177
vt 0.6 -0.098492
vt 0.6 -0.0983663
vt 0.6 -0.0982407
vt 0.6 -0.098115
vt 0.6 -0.0979893
vt 0.6 -0.0978637
vt 0.6 -0.097738
vt 0.6 -0.0976123
vt 0.598131 -0.0934653
vt 0.6 -0.0952247
vt 0.6 -0.095476
vt 0.6 -0.0974867
vt 0.6 -0.0949733
vt 0.6 -0.097361
vt 0.6 -0.094722
vt 0.6 -0.0972353
vt 0.6 -0.0944707
vt 0.6 -0.0971097
vt 0.6 -0.0942193
vt 0.6 -0.096984
vt 0.6 -0.093968
vt 0.6 -0.0968583
vt 0.6 -0.0937167
vt 0.6 -0.0967327
vt 0.6 -0.0934653
vt 0.598754 -0.0929627
vt 0.6 -0.0964813
vt 0.597508 -0.093968
vt 0.6 -0.0957273
vt 0.59564 -0.095476
vt 0.6 -0.099623
vt 0.6 -0.0929627
vt 0.599377 -0.09246
vt 0.6 -0.09623
vt 0.6 -0.0959787
vt 0.596886 -0.0944707
vt 0.595017 -0.0959787
vt 0.6 -0.0997487
vt 0.6 -0.0998743
vt 0.6 -0.1
vt 0.591903 -0.098492
vt 0.592525 -0.0979893
vt 0.590034 -0.1
vt 0.590657 -0.0994973
vt 0.6 -0.09246
vt 0.593771 -0.096984
vt 0.594394 -0.0964813
vt 0.593148 -0.0974867
vt 0.59128 -0.0989947
vt 0.6 -0.0919573
vt -0.6 -0.0195312
vt -0.596886 -0.0174216
vt -0.596574 -0.0175388
vt -0.593148 -0.018828
vt -0.592525 -0.0190624
vt -0.595951 -0.0177732
vt -0.59564 -0.0178904
vt -0.596263 -0.017656
vt -0.597508 -0.0171872
vt -0.597197 -0.0173044
vt -0.59891 -0.0166598
vt -0.6 -0.019121
vt -0.6 -0.0190624
vt -0.599221 -0.0165426
vt -0.6 -0.0181834
vt -0.6 -0.0181248
vt -0.593771 -0.0185936
vt -0.595017 -0.0181248
vt -0.594705 -0.018242
vt -0.59782 -0.01707
vt -0.599066 -0.0166012
vt -0.599377 -0.016484
vt -0.6 -0.0177146
vt -0.6 -0.017656
vt -0.591903 -0.0192968
vt -0.595328 -0.0180076
vt -0.598754 -0.0167184
vt -0.6 -0.0191796
vt -0.598599 -0.016777
vt -0.6 -0.0193554
vt -0.6 -0.0192968
vt -0.6 -0.018242
vt -0.6 -0.0186522
vt -0.6 -0.0185936
vt -0.6 -0.018828
vt -0.6 -0.0187694
vt -0.6 -0.0190038
vt -0.6 -0.0189452
vt -0.599533 -0.0164254
vt -0.6 -0.0172458
vt -0.6 -0.0171872
vt -0.6 -0.0174216
vt -0.6 -0.017363
vt -0.6 -0.0177732
vt -0.6 -0.0178904
vt -0.6 -0.0178318
vt -0.594394 -0.0183592
vt -0.598443 -0.0168356
vt -0.598131 -0.0169528
vt -0.6 -0.0192382
vt -0.6 -0.019414
vt -0.6 -0.0194726
vt -0.6 -0.0183006
vt -0.6 -0.018535
vt -0.6 -0.0188866
vt -0.599689 -0.0163668
vt -0.6 -0.0173044
vt -0.6 -0.0175388
vt -0.6 -0.0174802
vt -0.6 -0.0180662
vt -0.6 -0.0180076
vt -0.6 -0.0196484
vt -0.59128 -0.0195312
vt -0.6 -0.0198828
vt -0.6 -0.0197656
vt -0.590657 -0.0197656
vt -0.6 -0.0183592
vt -0.6 -0.0184764
vt -0.6 -0.0184178
vt -0.6 -0.0187108
vt -0.6 -0.0175974
vt -0.6 -0.017949
vt -0.6 -0.0163668
vt -0.6 -0.0162496
vt -0.599844 -0.0163082
vt -0.590034 -0.02
vt -0.6 -0.02
vt -0.6 -0.016484
vt -0.6 -0.0166012
vt -0.6 -0.0168356
vt -0.6 -0.0167184
vt -0.6 -0.01707
vt -0.6 -0.0169528
vt 0.0878991 0.957273
vt 0.093759 0.957273
vt 0.093759 0.959787
vt 0.187518 0.959787
vt 0.181658 0.959787
vt 0.181658 0.957273
vt 0.0908291 1
vt 0.0908291 0.999372
vt 0.093759 0.999372
vt 0.187518 0.998743
vt 0.187518 1
vt 0.181658 1
vt 0.0820392 0.934653
vt 0.093759 0.934653
vt 0.093759 0.93968
vt 0.0468795 0.957273
vt 0.0468795 0.959787
vt 0.0410196 0.959787
vt 0.0820392 0.944707
vt 0.093759 0.944707
vt 0.093759 0.949733
vt 0.0703193 0.957273
vt 0.0703193 0.959787
vt 0.0644593 0.959787
vt 0.0820392 0.952247
vt 0.093759 0.952247
vt 0.093759 0.95476
vt 0.0820392 0.957273
vt 0.0820392 0.959787
vt 0.0761792 0.959787
vt 0.0820392 0.95476
vt 0.0878991 0.959787
vt 0.0703193 0.95476
vt 0.0761792 0.957273
vt 0.0820392 0.949733
vt 0.0703193 0.952247
vt 0.0585994 0.952247
vt 0.0644593 0.95476
vt 0.0585994 0.957273
vt 0.0585994 0.959787
vt 0.0527395 0.959787
vt 0.0644593 0.957273
vt 0.0527395 0.957273
vt 0.0585994 0.95476
vt 0.0527395 0.95476
vt 0.0703193 0.949733
vt 0.0468795 0.949733
vt 0.0585994 0.949733
vt 0.0527395 0.952247
vt 0.0468795 0.95476
vt 0.0703193 0.94722
vt 0.0820392 0.93968
vt 0.0703193 0.944707
vt 0.0703193 0.93968
vt 0.0585994 0.944707
vt 0.0585994 0.94722
vt 0.0468795 0.94722
vt 0.0585994 0.93968
vt 0.0468795 0.944707
vt 0.0468795 0.942193
vt 0.0351596 0.94722
vt 0.0410196 0.949733
vt 0.0234398 0.957273
vt 0.0234398 0.959787
vt 0.0175798 0.959787
vt 0.0468795 0.952247
vt 0.0410196 0.95476
vt 0.0351596 0.957273
vt 0.0351596 0.959787
vt 0.0292997 0.959787
vt 0.0410196 0.957273
vt 0.0292997 0.957273
vt 0.0351596 0.95476
vt 0.0292997 0.95476
vt 0.0351596 0.952247
vt 0.0410196 0.952247
vt 0.0351596 0.949733
vt 0.0292997 0.952247
vt 0.0234398 0.95476
vt 0.0292997 0.949733
vt 0.0234398 0.952247
vt 0.0175798 0.95476
vt 0.0117199 0.957273
vt 0.0117199 0.959787
vt 0.00585994 0.959787
vt 0.0175798 0.957273
vt 0.0117199 0.95476
vt 0.00585994 0.957273
vt 3.87314e-16 0.959787
vt 0.00585994 0.95476
vt 3.87314e-16 0.957273
vt 0.0117199 0.952247
vt 0.0234398 0.949733
vt 0.0175798 0.952247
vt 0.0175798 0.949733
vt 0.0117199 0.949733
vt 0.00585994 0.952247
vt 3.87314e-16 0.95476
vt 0.00585994 0.949733
vt 3.87314e-16 0.952247
vt 0.0234398 0.94722
vt 0.0351596 0.944707
vt 0.0234398 0.944707
vt 0.0292997 0.94722
vt 0.0351596 0.942193
vt 0.0468795 0.93968
vt 0.0351596 0.93968
vt 0.0234398 0.942193
vt 0.0117199 0.942193
vt 0.0175798 0.944707
vt 0.0117199 0.94722
vt 0.0175798 0.94722
vt 0.0117199 0.944707
vt 0.00585994 0.94722
vt 3.87314e-16 0.949733
vt 0.00585994 0.944707
vt 3.87314e-16 0.94722
vt 3.87314e-16 0.944707
vt 0.0234398 0.93968
vt 0.0117199 0.93968
vt 3.87314e-16 0.942193
vt 0.0468795 0.934653
vt 0.0820392 0.919573
vt 0.093759 0.919573
vt 0.093759 0.929627
vt 0.0703193 0.934653
vt 0.0703193 0.929627
vt 0.0820392 0.929627
vt 0.0585994 0.934653
vt 0.0585994 0.929627
vt 0.0703193 0.919573
vt 0.0585994 0.919573
vt 0.0468795 0.929627
vt 0.0468795 0.919573
vt 0.0351596 0.929627
vt 0.0351596 0.9246
vt 0.0234398 0.937167
vt 0.0351596 0.934653
vt 0.0234398 0.934653
vt 0.0234398 0.929627
vt 0.0117199 0.934653
vt 0.0117199 0.937167
vt 3.87314e-16 0.93968
vt 3.87314e-16 0.937167
vt 0.0117199 0.929627
vt 3.87314e-16 0.934653
vt 0.0234398 0.9246
vt 0.0351596 0.919573
vt 0.0117199 0.9246
vt 3.87314e-16 0.929627
vt 0.0234398 0.919573
vt 0.0117199 0.919573
vt 3.87314e-16 0.9246
vt 0.134779 0.957273
vt 0.140639 0.957273
vt 0.140639 0.959787
vt 0.175798 0.934653
vt 0.187518 0.934653
vt 0.187518 0.93968
vt 0.158218 0.957273
vt 0.164078 0.957273
vt 0.164078 0.959787
vt 0.187518 0.949733
vt 0.181658 0.949733
vt 0.181658 0.944707
vt 0.169938 0.957273
vt 0.175798 0.957273
vt 0.175798 0.959787
vt 0.187518 0.95476
vt 0.181658 0.95476
vt 0.187518 0.957273
vt 0.175798 0.95476
vt 0.175798 0.949733
vt 0.169938 0.95476
vt 0.169938 0.949733
vt 0.169938 0.959787
vt 0.164078 0.95476
vt 0.164078 0.949733
vt 0.169938 0.944707
vt 0.175798 0.93968
vt 0.187518 0.944707
vt 0.175798 0.944707
vt 0.164078 0.93968
vt 0.164078 0.944707
vt 0.158218 0.944707
vt 0.146499 0.957273
vt 0.152358 0.957273
vt 0.152358 0.959787
vt 0.158218 0.95476
vt 0.158218 0.949733
vt 0.158218 0.959787
vt 0.152358 0.95476
vt 0.152358 0.949733
vt 0.146499 0.949733
vt 0.146499 0.959787
vt 0.146499 0.95476
vt 0.140639 0.95476
vt 0.140639 0.949733
vt 0.146499 0.944707
vt 0.152358 0.944707
vt 0.152358 0.93968
vt 0.140639 0.93968
vt 0.140639 0.944707
vt 0.152358 0.934653
vt 0.164078 0.934653
vt 0.175798 0.9246
vt 0.187518 0.9246
vt 0.187518 0.929627
vt 0.175798 0.929627
vt 0.164078 0.929627
vt 0.164078 0.9246
vt 0.175798 0.919573
vt 0.187518 0.919573
vt 0.164078 0.919573
vt 0.152358 0.9246
vt 0.140639 0.934653
vt 0.152358 0.929627
vt 0.140639 0.929627
vt 0.140639 0.919573
vt 0.152358 0.919573
vt 0.128919 0.934653
vt 0.111339 0.957273
vt 0.117199 0.957273
vt 0.117199 0.959787
vt 0.134779 0.944707
vt 0.123059 0.957273
vt 0.128919 0.957273
vt 0.128919 0.959787
vt 0.134779 0.949733
vt 0.134779 0.959787
vt 0.134779 0.95476
vt 0.128919 0.95476
vt 0.128919 0.949733
vt 0.123059 0.949733
vt 0.123059 0.959787
vt 0.123059 0.95476
vt 0.117199 0.95476
vt 0.117199 0.949733
vt 0.123059 0.944707
vt 0.128919 0.944707
vt 0.128919 0.93968
vt 0.117199 0.93968
vt 0.117199 0.944707
vt 0.111339 0.944707
vt 0.099619 0.959787
vt 0.099619 0.95476
vt 0.105479 0.957273
vt 0.105479 0.95476
vt 0.111339 0.949733
vt 0.111339 0.959787
vt 0.111339 0.95476
vt 0.105479 0.949733
vt 0.099619 0.949733
vt 0.099619 0.944707
vt 0.105479 0.944707
vt 0.105479 0.93968
vt 0.105479 0.934653
vt 0.117199 0.934653
vt 0.128919 0.919573
vt 0.128919 0.929627
vt 0.117199 0.929627
vt 0.117199 0.919573
vt 0.105479 0.919573
vt 0.105479 0.929627
vt 0.187518 0.979893
vt 0.181658 0.979893
vt 0.181658 0.97738
vt 0.140639 0.998743
vt 0.140639 1
vt 0.137709 1
vt 0.187518 0.989947
vt 0.181658 0.989947
vt 0.181658 0.98869
vt 0.164078 0.998743
vt 0.164078 1
vt 0.158218 1
vt 0.187518 0.993717
vt 0.187518 0.994973
vt 0.175798 0.994973
vt 0.175798 0.998743
vt 0.175798 1
vt 0.169938 1
vt 0.187518 0.99623
vt 0.187518 0.997487
vt 0.181658 0.997487
vt 0.181658 0.998743
vt 0.181658 0.99623
vt 0.175798 0.997487
vt 0.175798 0.99623
vt 0.169938 0.997487
vt 0.169938 0.998743
vt 0.169938 0.99623
vt 0.164078 0.997487
vt 0.169938 0.994973
vt 0.164078 0.99623
vt 0.175798 0.993717
vt 0.187518 0.991203
vt 0.187518 0.99246
vt 0.175798 0.99246
vt 0.175798 0.991203
vt 0.175798 0.989947
vt 0.164078 0.991203
vt 0.169938 0.99246
vt 0.169938 0.993717
vt 0.164078 0.994973
vt 0.164078 0.993717
vt 0.158218 0.994973
vt 0.152358 0.998743
vt 0.152358 1
vt 0.146499 1
vt 0.158218 0.997487
vt 0.158218 0.998743
vt 0.158218 0.99623
vt 0.152358 0.997487
vt 0.152358 0.99623
vt 0.146499 0.997487
vt 0.146499 0.998743
vt 0.146499 0.99623
vt 0.140639 0.997487
vt 0.152358 0.994973
vt 0.146499 0.994973
vt 0.140639 0.99623
vt 0.152358 0.993717
vt 0.164078 0.99246
vt 0.158218 0.99246
vt 0.158218 0.993717
vt 0.164078 0.989947
vt 0.158218 0.991203
vt 0.152358 0.99246
vt 0.158218 0.989947
vt 0.152358 0.991203
vt 0.146499 0.99246
vt 0.146499 0.993717
vt 0.140639 0.994973
vt 0.140639 0.993717
vt 0.146499 0.991203
vt 0.140639 0.99246
vt 0.152358 0.989947
vt 0.146499 0.989947
vt 0.140639 0.991203
vt 0.164078 0.98869
vt 0.187518 0.98492
vt 0.181658 0.98492
vt 0.181658 0.982407
vt 0.175798 0.98869
vt 0.187518 0.987433
vt 0.181658 0.986177
vt 0.181658 0.987433
vt 0.187518 0.98869
vt 0.175798 0.987433
vt 0.175798 0.986177
vt 0.175798 0.98492
vt 0.169938 0.987433
vt 0.169938 0.986177
vt 0.164078 0.987433
vt 0.164078 0.986177
vt 0.169938 0.98492
vt 0.164078 0.98492
vt 0.169938 0.983663
vt 0.187518 0.982407
vt 0.175798 0.983663
vt 0.175798 0.982407
vt 0.175798 0.979893
vt 0.169938 0.98115
vt 0.169938 0.982407
vt 0.164078 0.983663
vt 0.164078 0.982407
vt 0.164078 0.98115
vt 0.164078 0.979893
vt 0.158218 0.98492
vt 0.158218 0.983663
vt 0.152358 0.98869
vt 0.158218 0.987433
vt 0.158218 0.986177
vt 0.158218 0.98869
vt 0.152358 0.987433
vt 0.152358 0.986177
vt 0.152358 0.98492
vt 0.146499 0.987433
vt 0.146499 0.986177
vt 0.146499 0.98869
vt 0.140639 0.989947
vt 0.140639 0.98869
vt 0.146499 0.98492
vt 0.140639 0.987433
vt 0.140639 0.986177
vt 0.140639 0.98492
vt 0.146499 0.983663
vt 0.158218 0.982407
vt 0.158218 0.98115
vt 0.152358 0.983663
vt 0.152358 0.982407
vt 0.152358 0.98115
vt 0.158218 0.979893
vt 0.152358 0.979893
vt 0.146499 0.982407
vt 0.146499 0.98115
vt 0.140639 0.983663
vt 0.140639 0.982407
vt 0.140639 0.98115
vt 0.146499 0.979893
vt 0.140639 0.979893
vt 0.134779 0.989947
vt 0.117199 0.998743
vt 0.117199 1
vt 0.114269 1
vt 0.134779 0.994973
vt 0.128919 0.998743
vt 0.128919 1
vt 0.125989 1
vt 0.137709 0.997487
vt 0.134779 0.998743
vt 0.134779 1
vt 0.131849 1
vt 0.137709 0.998743
vt 0.134779 0.997487
vt 0.131849 0.998743
vt 0.131849 0.997487
vt 0.134779 0.99623
vt 0.137709 0.99623
vt 0.131849 0.99623
vt 0.128919 0.997487
vt 0.131849 0.994973
vt 0.128919 0.99623
vt 0.125989 0.997487
vt 0.123059 0.998743
vt 0.123059 1
vt 0.120129 1
vt 0.125989 0.998743
vt 0.123059 0.997487
vt 0.120129 0.998743
vt 0.120129 0.997487
vt 0.123059 0.99623
vt 0.128919 0.994973
vt 0.125989 0.99623
vt 0.125989 0.994973
vt 0.123059 0.994973
vt 0.120129 0.99623
vt 0.117199 0.997487
vt 0.120129 0.994973
vt 0.117199 0.99623
vt 0.128919 0.993717
vt 0.134779 0.99246
vt 0.134779 0.993717
vt 0.128919 0.99246
vt 0.131849 0.993717
vt 0.134779 0.991203
vt 0.128919 0.991203
vt 0.125989 0.99246
vt 0.123059 0.993717
vt 0.125989 0.993717
vt 0.123059 0.99246
vt 0.120129 0.993717
vt 0.117199 0.994973
vt 0.120129 0.99246
vt 0.117199 0.993717
vt 0.123059 0.991203
vt 0.123059 0.989947
vt 0.128919 0.989947
vt 0.125989 0.991203
vt 0.120129 0.991203
vt 0.117199 0.99246
vt 0.120129 0.989947
vt 0.117199 0.991203
vt 0.114269 0.994973
vt 0.105479 0.998743
vt 0.105479 1
vt 0.102549 1
vt 0.114269 0.997487
vt 0.111339 0.998743
vt 0.111339 1
vt 0.108409 1
vt 0.114269 0.998743
vt 0.111339 0.997487
vt 0.108409 0.998743
vt 0.108409 0.997487
vt 0.111339 0.99623
vt 0.114269 0.99623
vt 0.111339 0.994973
vt 0.108409 0.99623
vt 0.105479 0.997487
vt 0.108409 0.994973
vt 0.105479 0.99623
vt 0.102549 0.997487
vt 0.099619 0.998743
vt 0.099619 1
vt 0.096689 1
vt 0.102549 0.998743
vt 0.096689 0.998743
vt 0.096689 0.998115
vt 0.099619 0.997487
vt 0.093759 1
vt 0.093759 0.998743
vt 0.096689 0.997487
vt 0.093759 0.998115
vt 0.096689 0.996858
vt 0.099619 0.99623
vt 0.105479 0.994973
vt 0.102549 0.99623
vt 0.102549 0.994973
vt 0.096689 0.99623
vt 0.096689 0.995602
vt 0.099619 0.994973
vt 0.093759 0.997487
vt 0.093759 0.996858
vt 0.093759 0.99623
vt 0.096689 0.994973
vt 0.093759 0.995602
vt 0.105479 0.993717
vt 0.114269 0.99246
vt 0.111339 0.993717
vt 0.114269 0.993717
vt 0.111339 0.99246
vt 0.108409 0.993717
vt 0.108409 0.99246
vt 0.111339 0.991203
vt 0.117199 0.989947
vt 0.114269 0.991203
vt 0.114269 0.989947
vt 0.111339 0.989947
vt 0.108409 0.991203
vt 0.105479 0.99246
vt 0.108409 0.989947
vt 0.105479 0.991203
vt 0.102549 0.99246
vt 0.096689 0.994345
vt 0.099619 0.993717
vt 0.102549 0.993717
vt 0.099619 0.99246
vt 0.096689 0.993717
vt 0.093759 0.994973
vt 0.093759 0.994345
vt 0.093759 0.993717
vt 0.093759 0.993088
vt 0.096689 0.99246
vt 0.099619 0.991203
vt 0.105479 0.989947
vt 0.102549 0.991203
vt 0.102549 0.989947
vt 0.099619 0.989947
vt 0.096689 0.991203
vt 0.093759 0.99246
vt 0.096689 0.989947
vt 0.093759 0.991203
vt 0.117199 0.98869
vt 0.134779 0.98492
vt 0.134779 0.983663
vt 0.128919 0.98869
vt 0.134779 0.987433
vt 0.134779 0.986177
vt 0.134779 0.98869
vt 0.128919 0.987433
vt 0.128919 0.986177
vt 0.128919 0.98492
vt 0.123059 0.987433
vt 0.123059 0.98869
vt 0.123059 0.986177
vt 0.117199 0.987433
vt 0.123059 0.98492
vt 0.117199 0.986177
vt 0.123059 0.983663
vt 0.134779 0.982407
vt 0.134779 0.98115
vt 0.128919 0.983663
vt 0.128919 0.982407
vt 0.128919 0.98115
vt 0.134779 0.979893
vt 0.128919 0.979893
vt 0.123059 0.982407
vt 0.123059 0.98115
vt 0.117199 0.98492
vt 0.117199 0.983663
vt 0.117199 0.982407
vt 0.117199 0.98115
vt 0.123059 0.979893
vt 0.117199 0.979893
vt 0.111339 0.98492
vt 0.105479 0.98869
vt 0.111339 0.986177
vt 0.114269 0.987433
vt 0.111339 0.98869
vt 0.114269 0.98869
vt 0.111339 0.987433
vt 0.108409 0.98869
vt 0.108409 0.987433
vt 0.105479 0.98492
vt 0.108409 0.986177
vt 0.105479 0.987433
vt 0.105479 0.986177
vt 0.102549 0.987433
vt 0.099619 0.98869
vt 0.102549 0.98869
vt 0.099619 0.987433
vt 0.096689 0.98869
vt 0.093759 0.989947
vt 0.096689 0.987433
vt 0.093759 0.98869
vt 0.099619 0.986177
vt 0.102549 0.986177
vt 0.102549 0.98492
vt 0.099619 0.98492
vt 0.096689 0.986177
vt 0.093759 0.987433
vt 0.096689 0.98492
vt 0.093759 0.986177
vt 0.099619 0.983663
vt 0.105479 0.983663
vt 0.111339 0.98115
vt 0.111339 0.983663
vt 0.111339 0.982407
vt 0.105479 0.98115
vt 0.111339 0.979893
vt 0.105479 0.979893
vt 0.105479 0.982407
vt 0.099619 0.982407
vt 0.093759 0.982407
vt 0.096689 0.983663
vt 0.093759 0.98492
vt 0.099619 0.98115
vt 0.099619 0.979893
vt 0.093759 0.98115
vt 0.134779 0.978637
vt 0.187518 0.96984
vt 0.181658 0.96984
vt 0.181658 0.967327
vt 0.158218 0.978637
vt 0.187518 0.974867
vt 0.181658 0.974867
vt 0.181658 0.972353
vt 0.169938 0.979893
vt 0.169938 0.97738
vt 0.187518 0.97738
vt 0.175798 0.97738
vt 0.175798 0.974867
vt 0.169938 0.974867
vt 0.164078 0.978637
vt 0.164078 0.97738
vt 0.164078 0.974867
vt 0.169938 0.972353
vt 0.187518 0.972353
vt 0.175798 0.972353
vt 0.175798 0.96984
vt 0.169938 0.96984
vt 0.164078 0.972353
vt 0.164078 0.96984
vt 0.158218 0.974867
vt 0.158218 0.972353
vt 0.146499 0.978637
vt 0.158218 0.97738
vt 0.152358 0.978637
vt 0.152358 0.97738
vt 0.152358 0.976123
vt 0.146499 0.97738
vt 0.146499 0.976123
vt 0.140639 0.978637
vt 0.140639 0.97738
vt 0.140639 0.976123
vt 0.146499 0.974867
vt 0.152358 0.974867
vt 0.140639 0.974867
vt 0.146499 0.972353
vt 0.158218 0.96984
vt 0.152358 0.972353
vt 0.152358 0.96984
vt 0.146499 0.96984
vt 0.140639 0.972353
vt 0.140639 0.96984
vt 0.158218 0.967327
vt 0.175798 0.9623
vt 0.187518 0.9623
vt 0.187518 0.964813
vt 0.169938 0.967327
vt 0.175798 0.964813
vt 0.187518 0.967327
vt 0.175798 0.967327
vt 0.169938 0.964813
vt 0.164078 0.967327
vt 0.164078 0.964813
vt 0.164078 0.9623
vt 0.158218 0.964813
vt 0.158218 0.9623
vt 0.146499 0.967327
vt 0.152358 0.967327
vt 0.152358 0.964813
vt 0.146499 0.964813
vt 0.140639 0.967327
vt 0.140639 0.964813
vt 0.146499 0.9623
vt 0.152358 0.9623
vt 0.140639 0.9623
vt 0.134779 0.967327
vt 0.111339 0.978637
vt 0.117199 0.978637
vt 0.134779 0.974867
vt 0.134779 0.972353
vt 0.123059 0.978637
vt 0.128919 0.978637
vt 0.134779 0.976123
vt 0.134779 0.97738
vt 0.128919 0.97738
vt 0.128919 0.976123
vt 0.128919 0.974867
vt 0.123059 0.976123
vt 0.123059 0.97738
vt 0.117199 0.97738
vt 0.117199 0.976123
vt 0.123059 0.974867
vt 0.117199 0.974867
vt 0.123059 0.97361
vt 0.128919 0.97361
vt 0.134779 0.96984
vt 0.128919 0.972353
vt 0.128919 0.96984
vt 0.123059 0.96984
vt 0.117199 0.97361
vt 0.123059 0.972353
vt 0.117199 0.972353
vt 0.117199 0.96984
vt 0.111339 0.97361
vt 0.099619 0.978637
vt 0.105479 0.978637
vt 0.111339 0.976123
vt 0.111339 0.97738
vt 0.105479 0.97738
vt 0.105479 0.976123
vt 0.111339 0.974867
vt 0.105479 0.974867
vt 0.099619 0.976123
vt 0.093759 0.979893
vt 0.099619 0.97738
vt 0.093759 0.978637
vt 0.093759 0.976123
vt 0.099619 0.974867
vt 0.093759 0.974867
vt 0.099619 0.97361
vt 0.105479 0.97361
vt 0.111339 0.96984
vt 0.111339 0.972353
vt 0.105479 0.972353
vt 0.105479 0.96984
vt 0.099619 0.96984
vt 0.093759 0.97361
vt 0.099619 0.972353
vt 0.093759 0.972353
vt 0.093759 0.96984
vt 0.111339 0.967327
vt 0.117199 0.967327
vt 0.134779 0.9623
vt 0.123059 0.967327
vt 0.128919 0.967327
vt 0.134779 0.964813
vt 0.128919 0.964813
vt 0.123059 0.964813
vt 0.117199 0.964813
vt 0.123059 0.9623
vt 0.128919 0.9623
vt 0.117199 0.9623
vt 0.111339 0.9623
vt 0.099619 0.967327
vt 0.105479 0.967327
vt 0.111339 0.964813
vt 0.105479 0.964813
vt 0.099619 0.964813
vt 0.093759 0.967327
vt 0.093759 0.964813
vt 0.099619 0.9623
vt 0.105479 0.9623
vt 0.105479 0.959787
vt 0.093759 0.9623
vt 0.0439496 1
vt 0.0439496 0.998743
vt 0.0468795 0.998743
vt 0.0878991 0.979893
vt 0.0673893 0.998743
vt 0.0703193 0.998743
vt 0.0703193 0.999372
vt 0.0673893 1
vt 0.0908291 0.989947
vt 0.0791092 1
vt 0.0791092 0.999372
vt 0.0820392 0.999372
vt 0.0908291 0.994973
vt 0.0849691 1
vt 0.0849691 0.999372
vt 0.0878991 0.999372
vt 0.0908291 0.997487
vt 0.0908291 0.998743
vt 0.0878991 1
vt 0.0878991 0.998743
vt 0.0878991 0.998115
vt 0.0908291 0.998115
vt 0.0908291 0.99623
vt 0.0908291 0.996858
vt 0.0878991 0.997487
vt 0.0878991 0.996858
vt 0.0908291 0.995602
vt 0.0878991 0.99623
vt 0.0878991 0.995602
vt 0.0849691 0.997487
vt 0.0849691 0.998743
vt 0.0849691 0.998115
vt 0.0820392 1
vt 0.0820392 0.998743
vt 0.0820392 0.998115
vt 0.0820392 0.997487
vt 0.0849691 0.99623
vt 0.0820392 0.996858
vt 0.0849691 0.996858
vt 0.0849691 0.995602
vt 0.0820392 0.99623
vt 0.0878991 0.994973
vt 0.0849691 0.994973
vt 0.0820392 0.995602
vt 0.0878991 0.994345
vt 0.0908291 0.99246
vt 0.0908291 0.993717
vt 0.0908291 0.994345
vt 0.0908291 0.993088
vt 0.0878991 0.993717
vt 0.0878991 0.993088
vt 0.0908291 0.991203
vt 0.0878991 0.99246
vt 0.0878991 0.991832
vt 0.0878991 0.991203
vt 0.0849691 0.99246
vt 0.0849691 0.993717
vt 0.0849691 0.994345
vt 0.0820392 0.994973
vt 0.0820392 0.994345
vt 0.0849691 0.993088
vt 0.0820392 0.993717
vt 0.0820392 0.993088
vt 0.0878991 0.989947
vt 0.0849691 0.991203
vt 0.0849691 0.991832
vt 0.0820392 0.99246
vt 0.0820392 0.991832
vt 0.0820392 0.991203
vt 0.0820392 0.990575
vt 0.0849691 0.989947
vt 0.0791092 0.994973
vt 0.0732493 1
vt 0.0732493 0.999372
vt 0.0761792 0.999372
vt 0.0791092 0.997487
vt 0.0791092 0.996858
vt 0.0791092 0.998743
vt 0.0791092 0.998115
vt 0.0761792 1
vt 0.0761792 0.998743
vt 0.0761792 0.998115
vt 0.0761792 0.997487
vt 0.0791092 0.99623
vt 0.0761792 0.996858
vt 0.0761792 0.99623
vt 0.0761792 0.995602
vt 0.0791092 0.995602
vt 0.0732493 0.997487
vt 0.0732493 0.996858
vt 0.0732493 0.998743
vt 0.0732493 0.998115
vt 0.0703193 1
vt 0.0703193 0.998115
vt 0.0703193 0.997487
vt 0.0732493 0.99623
vt 0.0732493 0.995602
vt 0.0703193 0.996858
vt 0.0703193 0.99623
vt 0.0703193 0.995602
vt 0.0732493 0.994973
vt 0.0761792 0.994973
vt 0.0703193 0.994973
vt 0.0761792 0.994345
vt 0.0791092 0.99246
vt 0.0791092 0.993717
vt 0.0791092 0.994345
vt 0.0791092 0.993088
vt 0.0761792 0.993717
vt 0.0761792 0.993088
vt 0.0791092 0.991203
vt 0.0791092 0.991832
vt 0.0761792 0.99246
vt 0.0761792 0.991832
vt 0.0791092 0.990575
vt 0.0761792 0.991203
vt 0.0820392 0.989947
vt 0.0791092 0.989947
vt 0.0761792 0.990575
vt 0.0732493 0.99246
vt 0.0732493 0.993717
vt 0.0703193 0.994345
vt 0.0732493 0.994345
vt 0.0732493 0.993088
vt 0.0703193 0.993717
vt 0.0703193 0.993088
vt 0.0732493 0.991203
vt 0.0732493 0.991832
vt 0.0703193 0.99246
vt 0.0703193 0.991832
vt 0.0732493 0.990575
vt 0.0703193 0.991203
vt 0.0761792 0.989947
vt 0.0732493 0.989947
vt 0.0703193 0.990575
vt 0.0820392 0.98869
vt 0.093759 0.983663
vt 0.0908291 0.98492
vt 0.0878991 0.98869
vt 0.0908291 0.987433
vt 0.0908291 0.98869
vt 0.0908291 0.986177
vt 0.0878991 0.987433
vt 0.0878991 0.986177
vt 0.0849691 0.987433
vt 0.0849691 0.98869
vt 0.0878991 0.98492
vt 0.0849691 0.986177
vt 0.0820392 0.987433
vt 0.0849691 0.98492
vt 0.0820392 0.986177
vt 0.0878991 0.983663
vt 0.0878991 0.98115
vt 0.0908291 0.982407
vt 0.0908291 0.983663
vt 0.0878991 0.982407
vt 0.0849691 0.982407
vt 0.0849691 0.983663
vt 0.0820392 0.98492
vt 0.0820392 0.983663
vt 0.0820392 0.979893
vt 0.0849691 0.98115
vt 0.0820392 0.982407
vt 0.0791092 0.98492
vt 0.0761792 0.989318
vt 0.0791092 0.987433
vt 0.0791092 0.98869
vt 0.0761792 0.98869
vt 0.0791092 0.986177
vt 0.0761792 0.987433
vt 0.0761792 0.986177
vt 0.0732493 0.987433
vt 0.0732493 0.98869
vt 0.0732493 0.989318
vt 0.0703193 0.989947
vt 0.0703193 0.989318
vt 0.0703193 0.98869
vt 0.0761792 0.98492
vt 0.0732493 0.986177
vt 0.0703193 0.987433
vt 0.0732493 0.98492
vt 0.0703193 0.986177
vt 0.0761792 0.983663
vt 0.0820392 0.98115
vt 0.0791092 0.982407
vt 0.0791092 0.983663
vt 0.0791092 0.98115
vt 0.0761792 0.982407
vt 0.0791092 0.979893
vt 0.0761792 0.98115
vt 0.0732493 0.982407
vt 0.0732493 0.983663
vt 0.0703193 0.98492
vt 0.0703193 0.983663
vt 0.0761792 0.979893
vt 0.0732493 0.98115
vt 0.0703193 0.982407
vt 0.0732493 0.979893
vt 0.0703193 0.98115
vt 0.0673893 0.989947
vt 0.0556694 1
vt 0.0556694 0.998743
vt 0.0585994 0.998743
vt 0.0673893 0.994973
vt 0.0673893 0.994345
vt 0.0615294 1
vt 0.0615294 0.998743
vt 0.0644593 0.998743
vt 0.0673893 0.997487
vt 0.0673893 0.996858
vt 0.0673893 0.998115
vt 0.0644593 1
vt 0.0644593 0.998115
vt 0.0644593 0.997487
vt 0.0673893 0.99623
vt 0.0673893 0.995602
vt 0.0644593 0.996858
vt 0.0644593 0.99623
vt 0.0644593 0.995602
vt 0.0644593 0.994973
vt 0.0615294 0.997487
vt 0.0615294 0.996858
vt 0.0615294 0.998115
vt 0.0585994 1
vt 0.0585994 0.997487
vt 0.0615294 0.99623
vt 0.0615294 0.995602
vt 0.0585994 0.996858
vt 0.0585994 0.99623
vt 0.0585994 0.995602
vt 0.0615294 0.994973
vt 0.0585994 0.994973
vt 0.0615294 0.994345
vt 0.0644593 0.994345
vt 0.0673893 0.99246
vt 0.0673893 0.993717
vt 0.0644593 0.993717
vt 0.0644593 0.993088
vt 0.0673893 0.993088
vt 0.0673893 0.991203
vt 0.0673893 0.991832
vt 0.0644593 0.99246
vt 0.0644593 0.991832
vt 0.0673893 0.990575
vt 0.0644593 0.991203
vt 0.0644593 0.990575
vt 0.0615294 0.99246
vt 0.0615294 0.993717
vt 0.0615294 0.993088
vt 0.0585994 0.994345
vt 0.0585994 0.993717
vt 0.0585994 0.993088
vt 0.0585994 0.99246
vt 0.0615294 0.991203
vt 0.0585994 0.991832
vt 0.0615294 0.991832
vt 0.0615294 0.990575
vt 0.0585994 0.991203
vt 0.0644593 0.989947
vt 0.0615294 0.989947
vt 0.0585994 0.990575
vt 0.0556694 0.994973
vt 0.0556694 0.994345
vt 0.0498095 1
vt 0.0498095 0.998743
vt 0.0527395 0.998743
vt 0.0556694 0.997487
vt 0.0556694 0.996858
vt 0.0527395 1
vt 0.0527395 0.997487
vt 0.0556694 0.99623
vt 0.0556694 0.995602
vt 0.0527395 0.996858
vt 0.0527395 0.99623
vt 0.0527395 0.995602
vt 0.0527395 0.994973
vt 0.0498095 0.99623
vt 0.0498095 0.997487
vt 0.0468795 1
vt 0.0468795 0.997487
vt 0.0498095 0.995602
vt 0.0468795 0.99623
vt 0.0468795 0.995602
vt 0.0498095 0.994973
vt 0.0468795 0.994973
vt 0.0498095 0.994345
vt 0.0527395 0.994345
vt 0.0556694 0.99246
vt 0.0556694 0.991832
vt 0.0556694 0.993717
vt 0.0556694 0.993088
vt 0.0527395 0.993717
vt 0.0527395 0.993088
vt 0.0527395 0.99246
vt 0.0556694 0.991203
vt 0.0527395 0.991832
vt 0.0527395 0.991203
vt 0.0527395 0.990575
vt 0.0556694 0.990575
vt 0.0585994 0.989947
vt 0.0556694 0.989947
vt 0.0498095 0.99246
vt 0.0498095 0.991832
vt 0.0498095 0.993717
vt 0.0498095 0.993088
vt 0.0468795 0.994345
vt 0.0468795 0.993717
vt 0.0468795 0.993088
vt 0.0468795 0.99246
vt 0.0498095 0.991203
vt 0.0498095 0.990575
vt 0.0468795 0.991832
vt 0.0468795 0.991203
vt 0.0468795 0.990575
vt 0.0498095 0.989947
vt 0.0527395 0.989947
vt 0.0468795 0.989947
vt 0.0585994 0.989318
vt 0.0673893 0.98492
vt 0.0644593 0.989318
vt 0.0673893 0.987433
vt 0.0673893 0.98869
vt 0.0673893 0.988062
vt 0.0673893 0.989318
vt 0.0644593 0.98869
vt 0.0644593 0.988062
vt 0.0673893 0.986177
vt 0.0644593 0.987433
vt 0.0644593 0.986177
vt 0.0615294 0.987433
vt 0.0615294 0.98869
vt 0.0615294 0.989318
vt 0.0615294 0.988062
vt 0.0585994 0.98869
vt 0.0585994 0.988062
vt 0.0644593 0.98492
vt 0.0615294 0.986177
vt 0.0585994 0.987433
vt 0.0615294 0.98492
vt 0.0585994 0.986177
vt 0.0644593 0.983663
vt 0.0673893 0.982407
vt 0.0673893 0.983663
vt 0.0703193 0.979893
vt 0.0673893 0.98115
vt 0.0644593 0.982407
vt 0.0673893 0.979893
vt 0.0644593 0.98115
vt 0.0615294 0.982407
vt 0.0615294 0.983663
vt 0.0585994 0.98492
vt 0.0585994 0.983663
vt 0.0644593 0.979893
vt 0.0615294 0.98115
vt 0.0585994 0.982407
vt 0.0615294 0.979893
vt 0.0585994 0.98115
vt 0.0556694 0.98492
vt 0.0527395 0.989318
vt 0.0556694 0.987433
vt 0.0556694 0.98869
vt 0.0556694 0.989318
vt 0.0556694 0.988062
vt 0.0527395 0.98869
vt 0.0527395 0.988062
vt 0.0556694 0.986177
vt 0.0527395 0.987433
vt 0.0527395 0.986177
vt 0.0498095 0.987433
vt 0.0498095 0.98869
vt 0.0468795 0.989318
vt 0.0498095 0.989318
vt 0.0498095 0.988062
vt 0.0468795 0.98869
vt 0.0468795 0.988062
vt 0.0527395 0.98492
vt 0.0498095 0.986177
vt 0.0468795 0.987433
vt 0.0498095 0.98492
vt 0.0468795 0.986177
vt 0.0527395 0.983663
vt 0.0556694 0.982407
vt 0.0556694 0.983663
vt 0.0585994 0.979893
vt 0.0556694 0.98115
vt 0.0527395 0.982407
vt 0.0556694 0.979893
vt 0.0527395 0.98115
vt 0.0498095 0.982407
vt 0.0498095 0.983663
vt 0.0468795 0.98492
vt 0.0468795 0.983663
vt 0.0527395 0.979893
vt 0.0498095 0.98115
vt 0.0468795 0.982407
vt 0.0498095 0.979893
vt 0.0468795 0.98115
vt 0.0703193 0.978637
vt 0.0878991 0.967327
vt 0.0761792 0.978637
vt 0.0820392 0.978637
vt 0.0908291 0.974867
vt 0.0908291 0.972353
vt 0.0878991 0.978637
vt 0.0908291 0.976123
vt 0.093759 0.97738
vt 0.0908291 0.97738
vt 0.0878991 0.97738
vt 0.0878991 0.976123
vt 0.0849691 0.97738
vt 0.0820392 0.97738
vt 0.0849691 0.976123
vt 0.0878991 0.974867
vt 0.0849691 0.974867
vt 0.0820392 0.976123
vt 0.0878991 0.972353
vt 0.0878991 0.96984
vt 0.0820392 0.96984
vt 0.0849691 0.972353
vt 0.0820392 0.974867
vt 0.0820392 0.972353
vt 0.0791092 0.974867
vt 0.0791092 0.97738
vt 0.0761792 0.97738
vt 0.0791092 0.976123
vt 0.0761792 0.976123
vt 0.0703193 0.97738
vt 0.0732493 0.978637
vt 0.0703193 0.976123
vt 0.0732493 0.974867
vt 0.0703193 0.974867
vt 0.0761792 0.972353
vt 0.0761792 0.974867
vt 0.0791092 0.972353
vt 0.0791092 0.96984
vt 0.0761792 0.96984
vt 0.0732493 0.972353
vt 0.0703193 0.97361
vt 0.0732493 0.96984
vt 0.0703193 0.972353
vt 0.0761792 0.967327
vt 0.0820392 0.967327
vt 0.0878991 0.9623
vt 0.0878991 0.964813
vt 0.0820392 0.964813
vt 0.0820392 0.9623
vt 0.0761792 0.964813
vt 0.0703193 0.967327
vt 0.0761792 0.9623
vt 0.0703193 0.964813
vt 0.0703193 0.9623
vt 0.0644593 0.967327
vt 0.0673893 0.96984
vt 0.0703193 0.96984
vt 0.0585994 0.978637
vt 0.0673893 0.974867
vt 0.0644593 0.978637
vt 0.0644593 0.976123
vt 0.0673893 0.97738
vt 0.0673893 0.978637
vt 0.0644593 0.974867
vt 0.0644593 0.97738
vt 0.0615294 0.97738
vt 0.0615294 0.978637
vt 0.0615294 0.974867
vt 0.0615294 0.976123
vt 0.0585994 0.976123
vt 0.0585994 0.97738
vt 0.0644593 0.97361
vt 0.0673893 0.972353
vt 0.0673893 0.97361
vt 0.0644593 0.972353
vt 0.0644593 0.96984
vt 0.0615294 0.972353
vt 0.0615294 0.97361
vt 0.0585994 0.974867
vt 0.0585994 0.97361
vt 0.0615294 0.96984
vt 0.0585994 0.972353
vt 0.0556694 0.974867
vt 0.0527395 0.978637
vt 0.0556694 0.97738
vt 0.0556694 0.978637
vt 0.0556694 0.976123
vt 0.0527395 0.976123
vt 0.0527395 0.97738
vt 0.0498095 0.97738
vt 0.0498095 0.978637
vt 0.0468795 0.979893
vt 0.0468795 0.978637
vt 0.0527395 0.974867
vt 0.0498095 0.976123
vt 0.0468795 0.97738
vt 0.0498095 0.974867
vt 0.0468795 0.976123
vt 0.0527395 0.97361
vt 0.0585994 0.96984
vt 0.0556694 0.972353
vt 0.0556694 0.97361
vt 0.0556694 0.96984
vt 0.0527395 0.972353
vt 0.0527395 0.96984
vt 0.0498095 0.972353
vt 0.0498095 0.97361
vt 0.0468795 0.974867
vt 0.0468795 0.97361
vt 0.0498095 0.96984
vt 0.0468795 0.972353
vt 0.0585994 0.967327
vt 0.0644593 0.964813
vt 0.0585994 0.964813
vt 0.0615294 0.967327
vt 0.0644593 0.9623
vt 0.0585994 0.9623
vt 0.0527395 0.964813
vt 0.0527395 0.967327
vt 0.0556694 0.967327
vt 0.0498095 0.967327
vt 0.0468795 0.96984
vt 0.0498095 0.964813
vt 0.0468795 0.967327
vt 0.0527395 0.9623
vt 0.0468795 0.964813
vt 0.0468795 0.9623
vt 0.0439496 0.979893
vt 0.0234398 1
vt 0.0175798 1
vt 0.0205098 0.998743
vt 0.0175798 0.998743
vt 0.0439496 0.989947
vt 0.0439496 0.989318
vt 0.0322297 1
vt 0.0322297 0.998743
vt 0.0351596 0.998743
vt 0.0439496 0.994973
vt 0.0439496 0.994345
vt 0.0380896 1
vt 0.0380896 0.998743
vt 0.0410196 0.998743
vt 0.0439496 0.997487
vt 0.0439496 0.99623
vt 0.0410196 1
vt 0.0410196 0.997487
vt 0.0410196 0.99623
vt 0.0410196 0.994973
vt 0.0380896 0.997487
vt 0.0380896 0.99623
vt 0.0351596 1
vt 0.0351596 0.997487
vt 0.0380896 0.994973
vt 0.0351596 0.99623
vt 0.0351596 0.994973
vt 0.0380896 0.993717
vt 0.0410196 0.993717
vt 0.0439496 0.99246
vt 0.0439496 0.991832
vt 0.0439496 0.993717
vt 0.0439496 0.993088
vt 0.0410196 0.993088
vt 0.0410196 0.99246
vt 0.0439496 0.991203
vt 0.0439496 0.990575
vt 0.0410196 0.991832
vt 0.0410196 0.991203
vt 0.0410196 0.990575
vt 0.0410196 0.989947
vt 0.0380896 0.99246
vt 0.0380896 0.991832
vt 0.0351596 0.993717
vt 0.0351596 0.99246
vt 0.0380896 0.991203
vt 0.0380896 0.990575
vt 0.0351596 0.991203
vt 0.0351596 0.989947
vt 0.0380896 0.989947
vt 0.0322297 0.994973
vt 0.0322297 0.993717
vt 0.0263697 1
vt 0.0263697 0.998743
vt 0.0292997 0.998743
vt 0.0322297 0.997487
vt 0.0322297 0.99623
vt 0.0292997 1
vt 0.0292997 0.997487
vt 0.0292997 0.99623
vt 0.0292997 0.994973
vt 0.0263697 0.997487
vt 0.0263697 0.99623
vt 0.0234398 0.998743
vt 0.0234398 0.997487
vt 0.0263697 0.994973
vt 0.0234398 0.99623
vt 0.0234398 0.994973
vt 0.0263697 0.993717
vt 0.0292997 0.993717
vt 0.0322297 0.99246
vt 0.0322297 0.991203
vt 0.0292997 0.99246
vt 0.0322297 0.989947
vt 0.0292997 0.991203
vt 0.0292997 0.989947
vt 0.0263697 0.99246
vt 0.0263697 0.991203
vt 0.0234398 0.993717
vt 0.0234398 0.99246
vt 0.0263697 0.989947
vt 0.0234398 0.991203
vt 0.0234398 0.989947
vt 0.0322297 0.98869
vt 0.0351596 0.98869
vt 0.0439496 0.98492
vt 0.0380896 0.989318
vt 0.0410196 0.989318
vt 0.0439496 0.987433
vt 0.0439496 0.986177
vt 0.0439496 0.98869
vt 0.0410196 0.98869
vt 0.0410196 0.987433
vt 0.0439496 0.988062
vt 0.0410196 0.986177
vt 0.0410196 0.98492
vt 0.0380896 0.987433
vt 0.0380896 0.986177
vt 0.0380896 0.98869
vt 0.0351596 0.987433
vt 0.0380896 0.98492
vt 0.0351596 0.986177
vt 0.0351596 0.98492
vt 0.0380896 0.983663
vt 0.0410196 0.983663
vt 0.0439496 0.982407
vt 0.0439496 0.983663
vt 0.0439496 0.98115
vt 0.0410196 0.982407
vt 0.0410196 0.98115
vt 0.0380896 0.982407
vt 0.0351596 0.983663
vt 0.0410196 0.979893
vt 0.0380896 0.98115
vt 0.0351596 0.982407
vt 0.0380896 0.979893
vt 0.0351596 0.98115
vt 0.0322297 0.98492
vt 0.0322297 0.983663
vt 0.0263697 0.98869
vt 0.0292997 0.98869
vt 0.0322297 0.987433
vt 0.0322297 0.986177
vt 0.0292997 0.987433
vt 0.0292997 0.986177
vt 0.0292997 0.98492
vt 0.0263697 0.987433
vt 0.0263697 0.986177
vt 0.0234398 0.98869
vt 0.0234398 0.987433
vt 0.0263697 0.98492
vt 0.0234398 0.986177
vt 0.0234398 0.98492
vt 0.0263697 0.983663
vt 0.0292997 0.983663
vt 0.0322297 0.982407
vt 0.0292997 0.982407
vt 0.0351596 0.979893
vt 0.0322297 0.98115
vt 0.0292997 0.98115
vt 0.0322297 0.979893
vt 0.0263697 0.982407
vt 0.0263697 0.98115
vt 0.0234398 0.983663
vt 0.0234398 0.982407
vt 0.0292997 0.979893
vt 0.0234398 0.98115
vt 0.0234398 0.979893
vt 0.0263697 0.979893
vt 0.0205098 0.989947
vt 0.0205098 0.98869
vt 0.00585994 1
vt 0.00585994 0.998743
vt 0.0117199 0.998743
vt 0.0205098 0.994973
vt 0.0205098 0.993717
vt 0.0117199 1
vt 0.0205098 0.997487
vt 0.0205098 0.99623
vt 0.0175798 0.997487
vt 0.0175798 0.99623
vt 0.0175798 0.994973
vt 0.0146499 0.997487
vt 0.0146499 0.99623
vt 0.0117199 0.997487
vt 0.0146499 0.994973
vt 0.0117199 0.99623
vt 0.0117199 0.994973
vt 0.0146499 0.993717
vt 0.0175798 0.993717
vt 0.0205098 0.99246
vt 0.0205098 0.991203
vt 0.0175798 0.99246
vt 0.0175798 0.991203
vt 0.0175798 0.989947
vt 0.0146499 0.99246
vt 0.0146499 0.991203
vt 0.0117199 0.993717
vt 0.0117199 0.99246
vt 0.0146499 0.989947
vt 0.0117199 0.991203
vt 0.0117199 0.989947
vt 0.00878991 0.994973
vt 0.00878991 0.993717
vt 3.87314e-16 1
vt 3.87314e-16 0.998743
vt 0.00585994 0.997487
vt 0.00585994 0.99623
vt 0.00585994 0.994973
vt 3.87314e-16 0.997487
vt 3.87314e-16 0.99623
vt 3.87314e-16 0.994973
vt 0.00292997 0.993717
vt 3.87314e-16 0.993717
vt 0.00878991 0.99246
vt 0.00878991 0.991203
vt 0.00585994 0.993717
vt 0.00585994 0.99246
vt 0.00878991 0.989947
vt 0.00585994 0.991203
vt 0.00585994 0.989947
vt 0.00292997 0.99246
vt 0.00292997 0.991203
vt 3.87314e-16 0.99246
vt 0.00292997 0.989947
vt 3.87314e-16 0.991203
vt 3.87314e-16 0.989947
vt 0.00878991 0.98869
vt 0.0117199 0.98869
vt 0.0205098 0.98492
vt 0.0205098 0.983663
vt 0.0146499 0.98869
vt 0.0175798 0.98869
vt 0.0205098 0.987433
vt 0.0205098 0.986177
vt 0.0175798 0.987433
vt 0.0175798 0.986177
vt 0.0175798 0.98492
vt 0.0146499 0.987433
vt 0.0146499 0.986177
vt 0.0117199 0.987433
vt 0.0146499 0.98492
vt 0.0117199 0.986177
vt 0.0117199 0.98492
vt 0.0146499 0.983663
vt 0.0175798 0.983663
vt 0.0205098 0.982407
vt 0.0205098 0.98115
vt 0.0175798 0.982407
vt 0.0205098 0.979893
vt 0.0175798 0.98115
vt 0.0175798 0.979893
vt 0.0146499 0.982407
vt 0.0146499 0.98115
vt 0.0117199 0.983663
vt 0.0117199 0.982407
vt 0.0146499 0.979893
vt 0.0117199 0.98115
vt 0.0117199 0.979893
vt 0.00878991 0.98492
vt 0.00878991 0.983663
vt 0.00292997 0.98869
vt 0.00585994 0.98869
vt 0.00878991 0.987433
vt 0.00878991 0.986177
vt 0.00585994 0.987433
vt 0.00585994 0.986177
vt 0.00585994 0.98492
vt 0.00292997 0.987433
vt 0.00292997 0.986177
vt 3.87314e-16 0.98869
vt 3.87314e-16 0.987433
vt 0.00292997 0.98492
vt 3.87314e-16 0.986177
vt 3.87314e-16 0.98492
vt 0.00292997 0.983663
vt 0.00585994 0.983663
vt 0.00878991 0.982407
vt 0.00878991 0.98115
vt 0.00585994 0.982407
vt 0.00878991 0.979893
vt 0.00585994 0.98115
vt 0.00585994 0.979893
vt 0.00292997 0.982407
vt 0.00292997 0.98115
vt 3.87314e-16 0.983663
vt 3.87314e-16 0.982407
vt 0.00292997 0.979893
vt 3.87314e-16 0.98115
vt 3.87314e-16 0.979893
vt 0.0205098 0.978637
vt 0.0234398 0.978637
vt 0.0439496 0.96984
vt 0.0351596 0.978637
vt 0.0439496 0.974867
vt 0.0410196 0.978637
vt 0.0439496 0.97738
vt 0.0439496 0.978637
vt 0.0439496 0.976123
vt 0.0410196 0.97738
vt 0.0410196 0.976123
vt 0.0380896 0.97738
vt 0.0380896 0.978637
vt 0.0410196 0.974867
vt 0.0380896 0.976123
vt 0.0351596 0.97738
vt 0.0380896 0.974867
vt 0.0351596 0.976123
vt 0.0410196 0.97361
vt 0.0439496 0.972353
vt 0.0439496 0.971097
vt 0.0439496 0.97361
vt 0.0410196 0.972353
vt 0.0410196 0.971097
vt 0.0380896 0.972353
vt 0.0380896 0.97361
vt 0.0351596 0.974867
vt 0.0351596 0.97361
vt 0.0380896 0.971097
vt 0.0351596 0.972353
vt 0.0410196 0.96984
vt 0.0380896 0.96984
vt 0.0351596 0.971097
vt 0.0322297 0.974867
vt 0.0292997 0.978637
vt 0.0322297 0.97738
vt 0.0322297 0.978637
vt 0.0322297 0.976123
vt 0.0292997 0.97738
vt 0.0292997 0.976123
vt 0.0263697 0.97738
vt 0.0263697 0.978637
vt 0.0292997 0.974867
vt 0.0263697 0.976123
vt 0.0234398 0.97738
vt 0.0263697 0.974867
vt 0.0234398 0.976123
vt 0.0292997 0.97361
vt 0.0322297 0.972353
vt 0.0322297 0.97361
vt 0.0322297 0.971097
vt 0.0292997 0.972353
vt 0.0351596 0.96984
vt 0.0322297 0.96984
vt 0.0292997 0.971097
vt 0.0263697 0.972353
vt 0.0263697 0.97361
vt 0.0234398 0.974867
vt 0.0234398 0.97361
vt 0.0263697 0.971097
vt 0.0234398 0.972353
vt 0.0292997 0.96984
vt 0.0263697 0.96984
vt 0.0234398 0.971097
vt 0.0351596 0.967327
vt 0.0439496 0.964813
vt 0.0410196 0.964813
vt 0.0410196 0.967327
vt 0.0439496 0.967327
vt 0.0380896 0.967327
vt 0.0380896 0.964813
vt 0.0410196 0.9623
vt 0.0351596 0.964813
vt 0.0351596 0.9623
vt 0.0322297 0.964813
vt 0.0292997 0.964813
vt 0.0292997 0.967327
vt 0.0322297 0.967327
vt 0.0263697 0.967327
vt 0.0234398 0.96984
vt 0.0263697 0.964813
vt 0.0234398 0.967327
vt 0.0292997 0.9623
vt 0.0263697 0.9623
vt 0.0234398 0.9623
vt 0.0234398 0.964813
vt 0.0205098 0.96984
vt 0.00878991 0.978637
vt 0.0117199 0.978637
vt 0.0205098 0.974867
vt 0.0146499 0.978637
vt 0.0175798 0.978637
vt 0.0205098 0.97738
vt 0.0205098 0.976123
vt 0.0175798 0.97738
vt 0.0175798 0.976123
vt 0.0146499 0.97738
vt 0.0117199 0.97738
vt 0.0175798 0.974867
vt 0.0146499 0.976123
vt 0.0117199 0.976123
vt 0.0146499 0.974867
vt 0.0175798 0.97361
vt 0.0205098 0.972353
vt 0.0205098 0.97361
vt 0.0205098 0.971097
vt 0.0175798 0.972353
vt 0.0175798 0.971097
vt 0.0146499 0.972353
vt 0.0146499 0.97361
vt 0.0117199 0.974867
vt 0.0117199 0.97361
vt 0.0146499 0.971097
vt 0.0117199 0.972353
vt 0.0175798 0.96984
vt 0.0146499 0.96984
vt 0.0117199 0.971097
vt 0.00878991 0.974867
vt 0.00292997 0.978637
vt 0.00585994 0.978637
vt 0.00878991 0.97738
vt 0.00878991 0.976123
vt 0.00585994 0.97738
vt 0.00585994 0.976123
vt 0.00585994 0.974867
vt 0.00292997 0.97738
vt 0.00292997 0.976123
vt 3.87314e-16 0.978637
vt 3.87314e-16 0.97738
vt 0.00292997 0.974867
vt 3.87314e-16 0.976123
vt 3.87314e-16 0.974867
vt 0.00292997 0.97361
vt 0.00585994 0.97361
vt 0.00878991 0.972353
vt 0.00878991 0.97361
vt 0.00878991 0.971097
vt 0.00585994 0.972353
vt 0.0117199 0.96984
vt 0.00878991 0.96984
vt 0.00585994 0.971097
vt 0.00292997 0.972353
vt 3.87314e-16 0.97361
vt 0.00292997 0.971097
vt 3.87314e-16 0.972353
vt 0.00585994 0.96984
vt 0.00292997 0.96984
vt 3.87314e-16 0.971097
vt 0.0117199 0.967327
vt 0.0205098 0.964813
vt 0.0175798 0.967327
vt 0.0205098 0.967327
vt 0.0175798 0.964813
vt 0.0146499 0.967327
vt 0.0146499 0.964813
vt 0.0175798 0.9623
vt 0.0205098 0.9623
vt 0.0146499 0.9623
vt 0.0117199 0.9623
vt 0.0117199 0.964813
vt 0.00878991 0.964813
vt 0.00585994 0.968583
vt 0.00878991 0.967327
vt 0.00585994 0.967327
vt 0.00585994 0.964813
vt 0.00292997 0.967327
vt 0.00292997 0.968583
vt 3.87314e-16 0.96984
vt 3.87314e-16 0.968583
vt 0.00292997 0.964813
vt 3.87314e-16 0.967327
vt 0.00585994 0.9623
vt 0.00878991 0.9623
vt 0.00292997 0.9623
vt 3.87314e-16 0.9623
vt 3.87314e-16 0.964813
vt 3.87314e-16 0.919573
f 87/195/75 88/196/75 89/197/75
f 87/195/75 90/198/75 88/196/75
f 87/195/75 91/199/75 90/198/75
f 87/195/75 92/200/75 91/199/75
f 87/195/75 93/201/75 92/200/75
f 87/195/75 94/202/75 93/201/75
f 87/195/75 95/203/75 94/202/75
f 87/195/75 96/204/75 95/203/75
f 87/195/75 97/205/75 96/204/75
f 87/195/75 98/206/75 97/205/75
f 87/195/75 99/207/75 98/206/75
f 87/195/75 100/208/75 99/207/75
f 87/195/75 101/209/75 100/208/75
f 87/195/75 102/210/75 101/209/75
f 87/195/75 103/211/75 102/210/75
f 104/212/75 105/213/75 106/214/75
f 87/195/75 107/215/75 103/211/75
f 104/212/75 108/216/75 105/213/75
f 87/195/75 109/217/75 107/215/75
f 104/212/75 110/218/75 108/216/75
f 87/195/75 111/219/75 109/217/75
f 104/212/75 112/220/75 110/218/75
f 87/195/75 113/221/75 111/219/75
f 104/212/75 114/222/75 112/220/75
f 87/195/75 115/223/75 113/221/75
f 104/212/75 116/224/75 114/222/75
f 87/195/75 117/225/75 115/223/75
f 104/212/75 118/226/75 116/224/75
f 87/195/75 119/227/75 117/225/75
f 104/212/75 120/228/75 118/226/75
f 120/228/75 104/212/75 121/229/75
f 87/195/75 122/230/75 119/227/75
f 123/231/75 104/212/75 124/232/75
f 125/233/75 87/195/75 126/234/75
f 121/229/75 127/235/75 120/228/75
f 127/235/75 121/229/75 128/236/75
f 87/195/75 129/237/75 122/230/75
f 130/238/75 131/239/75 123/231/75
f 132/240/75 133/241/75 134/242/75
f 133/241/75 132/240/75 125/233/75
f 135/243/75 136/244/75 137/245/75
f 135/243/75 138/246/75 139/247/75
f 128/236/75 140/248/75 127/235/75
f 87/195/75 130/238/75 129/237/75
f 130/238/75 87/195/75 131/239/75
f 126/234/75 133/241/75 125/233/75
f 135/243/75 141/249/75 142/250/75
f 137/245/75 143/251/75 135/243/75
f 139/247/75 144/252/75 135/243/75
f 128/236/75 145/253/75 140/248/75
f 124/232/75 130/238/75 123/231/75
f 142/250/75 132/240/75 135/243/75
f 144/252/75 136/244/75 135/243/75
f 89/197/75 126/234/75 87/195/75
f 143/251/75 141/249/75 135/243/75
f 134/242/75 135/243/75 132/240/75
f 106/214/75 124/232/75 104/212/75
f 146/254/76 147/255/76 148/256/76
f 146/254/76 149/257/76 150/258/76
f 146/254/76 151/259/76 152/260/76
f 148/256/76 153/261/76 146/254/76
f 146/254/76 154/262/76 155/263/76
f 156/264/76 157/265/76 158/266/76
f 159/267/76 160/268/76 161/269/76
f 146/254/76 162/270/76 149/257/76
f 146/254/76 163/271/76 164/272/76
f 153/261/76 151/259/76 146/254/76
f 146/254/76 165/273/76 154/262/76
f 158/266/76 166/274/76 156/264/76
f 161/269/76 167/275/76 159/267/76
f 167/275/76 168/276/76 169/277/76
f 150/258/76 170/278/76 146/254/76
f 146/254/76 171/279/76 163/271/76
f 155/263/76 147/255/76 146/254/76
f 172/280/76 173/281/76 157/265/76
f 174/282/76 175/283/76 176/284/76
f 166/274/76 177/285/76 160/268/76
f 166/274/76 178/286/76 179/287/76
f 166/274/76 180/288/76 181/289/76
f 166/274/76 182/290/76 183/291/76
f 184/292/76 185/293/76 186/294/76
f 167/275/76 187/295/76 188/296/76
f 167/275/76 189/297/76 168/276/76
f 167/275/76 190/298/76 191/299/76
f 146/254/76 192/300/76 162/270/76
f 152/260/76 171/279/76 146/254/76
f 146/254/76 193/301/76 194/302/76
f 172/280/76 195/303/76 173/281/76
f 174/282/76 196/304/76 175/283/76
f 174/282/76 146/254/76 197/305/76
f 166/274/76 198/306/76 177/285/76
f 179/287/76 199/307/76 166/274/76
f 166/274/76 200/308/76 180/288/76
f 166/274/76 158/266/76 182/290/76
f 186/294/76 201/309/76 184/292/76
f 188/296/76 202/310/76 167/275/76
f 167/275/76 203/311/76 204/312/76
f 191/299/76 189/297/76 167/275/76
f 167/275/76 205/313/76 206/314/76
f 164/272/76 192/300/76 146/254/76
f 146/254/76 174/282/76 193/301/76
f 156/264/76 172/280/76 157/265/76
f 197/305/76 196/304/76 174/282/76
f 207/315/76 146/254/76 208/316/76
f 209/317/76 210/318/76 211/319/76
f 166/274/76 212/320/76 198/306/76
f 166/274/76 213/321/76 214/322/76
f 166/274/76 215/323/76 178/286/76
f 183/291/76 200/308/76 166/274/76
f 202/310/76 185/293/76 167/275/76
f 167/275/76 216/324/76 203/311/76
f 167/275/76 217/325/76 190/298/76
f 167/275/76 161/269/76 205/313/76
f 218/326/76 219/327/76 220/328/76
f 194/302/76 165/273/76 146/254/76
f 176/284/76 195/303/76 174/282/76
f 211/319/76 210/318/76 207/315/76
f 138/329/76 135/330/76 209/317/76
f 214/322/76 212/320/76 166/274/76
f 181/289/76 215/323/76 166/274/76
f 204/312/76 187/295/76 167/275/76
f 206/314/76 217/325/76 167/275/76
f 201/309/76 221/331/76 218/326/76
f 172/280/76 174/282/76 195/303/76
f 211/319/76 138/329/76 209/317/76
f 199/307/76 213/321/76 166/274/76
f 169/277/76 216/324/76 167/275/76
f 201/309/76 222/332/76 221/331/76
f 201/309/76 223/333/76 224/334/76
f 201/309/76 225/335/76 226/336/76
f 208/316/76 211/319/76 207/315/76
f 184/292/76 167/275/76 185/293/76
f 224/334/76 222/332/76 201/309/76
f 201/309/76 186/294/76 225/335/76
f 159/267/76 166/274/76 160/268/76
f 226/336/76 223/333/76 201/309/76
f 220/328/76 201/309/76 218/326/76
f 170/278/76 208/316/76 146/254/76
f 227/337/77 228/338/78 229/339/79
f 163/340/80 230/341/81 231/342/82
f 160/343/83 232/344/84 233/345/85
f 220/346/86 219/347/87 218/348/88
f 234/349/89 235/350/90 236/351/91
f 237/352/92 238/353/93 239/354/94
f 240/355/95 241/356/96 242/357/97
f 243/358/98 244/359/99 245/360/100
f 246/361/101 247/362/102 248/363/103
f 249/364/104 250/365/105 251/366/106
f 248/363/103 228/338/78 227/337/77
f 227/337/77 252/367/107 248/363/103
f 249/364/104 227/337/77 253/368/108
f 254/369/109 252/367/107 255/370/110
f 252/367/107 249/364/104 255/370/110
f 255/370/110 251/366/106 244/359/99
f 246/361/101 252/367/107 254/369/109
f 256/371/111 242/357/97 247/362/102
f 256/371/111 246/361/101 257/372/112
f 258/373/113 257/372/112 259/374/114
f 257/372/112 254/369/109 259/374/114
f 260/375/115 261/376/116 262/377/117
f 254/369/109 243/358/98 263/378/118
f 263/378/118 245/360/100 261/376/116
f 259/374/114 263/378/118 260/375/115
f 264/379/119 262/377/117 238/353/93
f 265/380/120 260/375/115 264/379/119
f 266/381/121 264/379/119 237/352/92
f 258/373/113 265/380/120 266/381/121
f 267/382/122 257/372/112 258/373/113
f 268/383/123 269/384/124 270/385/125
f 269/384/124 258/373/113 270/385/125
f 270/385/125 266/381/121 271/386/126
f 272/387/127 267/382/122 269/384/124
f 273/388/128 236/351/91 241/356/96
f 256/371/111 267/382/122 272/387/127
f 272/387/127 240/355/95 256/371/111
f 273/388/128 240/355/95 274/389/129
f 275/390/130 274/389/129 276/391/131
f 277/392/132 269/384/124 268/383/123
f 274/389/129 272/387/127 277/392/132
f 276/391/131 277/392/132 278/393/133
f 279/394/134 276/391/131 280/395/135
f 280/395/135 281/396/136 279/394/134
f 282/397/137 278/393/133 283/398/138
f 278/393/133 268/383/123 283/398/138
f 284/399/139 285/400/140 286/401/141
f 287/402/142 271/386/126 288/403/143
f 289/404/144 290/405/145 291/406/146
f 292/407/147 239/354/94 290/405/145
f 271/386/126 237/352/92 292/407/147
f 288/403/143 292/407/147 289/404/144
f 293/408/148 291/406/146 285/400/140
f 294/409/149 289/404/144 293/408/148
f 295/410/150 293/408/148 284/399/139
f 296/411/151 294/409/149 295/410/150
f 268/383/123 287/402/142 297/412/152
f 297/412/152 288/403/143 294/409/149
f 283/398/138 297/412/152 296/411/151
f 298/413/153 296/411/151 299/414/154
f 299/414/154 295/410/150 300/415/155
f 301/416/156 299/414/154 302/417/157
f 302/417/157 300/415/155 303/418/158
f 304/419/159 305/420/160 306/421/161
f 300/415/155 284/399/139 307/422/162
f 307/422/162 286/401/141 305/420/160
f 303/418/158 307/422/162 304/419/159
f 308/423/163 304/419/159 309/424/164
f 309/424/164 306/421/161 130/425/165
f 310/426/166 309/424/164 124/427/167
f 311/428/168 308/423/163 310/426/166
f 312/429/169 302/417/157 313/430/170
f 313/430/170 303/418/158 308/423/163
f 314/431/171 313/430/170 311/428/168
f 315/432/172 311/428/168 316/433/173
f 316/433/173 310/426/166 106/434/174
f 317/435/175 316/433/173 105/436/176
f 318/437/177 312/429/169 314/431/171
f 281/396/136 280/395/135 319/438/178
f 282/397/137 298/413/153 301/416/156
f 280/395/135 278/393/133 282/397/137
f 320/439/179 319/438/178 321/440/180
f 319/438/178 282/397/137 321/440/180
f 321/440/180 301/416/156 312/429/169
f 322/441/181 319/438/178 320/439/179
f 323/442/182 281/396/136 322/441/181
f 324/443/183 322/441/181 325/444/184
f 326/445/185 325/444/184 327/446/186
f 325/444/184 320/439/179 327/446/186
f 328/447/187 315/432/172 317/435/175
f 320/439/179 318/437/177 329/448/188
f 329/448/188 314/431/171 315/432/172
f 327/446/186 329/448/188 328/447/187
f 330/449/189 328/447/187 331/450/190
f 331/450/190 317/435/175 108/451/191
f 332/452/192 331/450/190 110/453/193
f 326/445/185 332/452/192 112/454/194
f 326/445/185 330/449/189 332/452/192
f 333/455/195 325/444/184 326/445/185
f 334/456/196 326/445/185 114/457/197
f 335/458/198 323/442/182 324/443/183
f 125/459/199 132/460/200 336/461/201
f 337/462/202 275/390/130 279/394/134
f 337/462/202 234/349/89 273/388/128
f 338/463/203 339/464/204 234/349/89
f 234/349/89 337/462/202 338/463/203
f 339/464/204 336/461/201 235/350/90
f 340/465/205 279/394/134 323/442/182
f 338/463/203 337/462/202 340/465/205
f 341/466/206 340/465/205 335/458/198
f 87/467/207 338/463/203 341/466/206
f 87/467/207 125/459/199 339/464/204
f 131/468/208 341/466/206 342/469/209
f 123/470/210 342/469/209 343/471/211
f 343/471/211 344/472/212 123/470/210
f 345/473/213 333/455/195 334/456/196
f 346/474/214 324/443/183 333/455/195
f 333/455/195 345/473/213 346/474/214
f 342/469/209 335/458/198 346/474/214
f 343/471/211 346/474/214 347/475/215
f 348/476/216 347/475/215 349/477/217
f 350/478/218 334/456/196 116/479/219
f 347/475/215 345/473/213 350/478/218
f 349/477/217 350/478/218 118/480/220
f 351/481/221 349/477/217 120/482/222
f 352/483/223 348/476/216 351/481/221
f 344/472/212 343/471/211 348/476/216
f 104/484/224 344/472/212 352/483/223
f 353/485/225 351/481/221 127/486/226
f 121/487/227 352/483/223 353/485/225
f 128/488/228 353/485/225 140/489/229
f 354/490/230 355/491/231 356/492/232
f 357/493/233 170/494/234 150/495/235
f 358/496/236 359/497/237 360/498/238
f 162/499/239 361/500/240 362/501/241
f 363/502/242 364/503/243 365/504/244
f 192/505/245 366/506/246 361/500/240
f 230/341/81 365/504/244 364/503/243
f 366/506/246 192/505/245 164/507/247
f 367/508/248 366/506/246 231/342/82
f 366/506/246 367/508/248 368/509/249
f 367/508/248 369/510/250 370/511/251
f 359/497/237 363/502/242 371/512/252
f 369/510/250 367/508/248 364/503/243
f 372/513/253 369/510/250 363/502/242
f 369/510/250 372/513/253 373/514/254
f 368/509/249 370/511/251 374/515/255
f 375/516/256 150/495/235 149/517/257
f 149/517/257 362/501/241 375/516/256
f 361/500/240 368/509/249 376/518/258
f 377/519/259 375/516/256 376/518/258
f 376/518/258 374/515/255 377/519/259
f 378/520/260 374/515/255 370/511/251
f 379/521/261 378/520/260 373/514/254
f 380/522/262 381/523/263 382/524/264
f 372/513/253 383/525/265 384/526/266
f 381/523/263 358/496/236 385/527/267
f 383/525/265 372/513/253 359/497/237
f 386/528/268 383/525/265 358/496/236
f 387/529/269 384/526/266 383/525/265
f 388/530/270 387/529/269 386/528/268
f 355/491/231 380/522/262 389/531/271
f 390/532/272 386/528/268 381/523/263
f 391/533/273 390/532/272 380/522/262
f 392/534/274 388/530/270 390/532/272
f 393/535/275 394/536/276 387/529/269
f 395/537/277 377/519/259 378/520/260
f 378/520/260 379/521/261 395/537/277
f 394/536/276 379/521/261 384/526/266
f 396/538/278 395/537/277 394/536/276
f 394/536/276 393/535/275 396/538/278
f 397/539/279 393/535/275 388/530/270
f 398/540/280 399/541/281 377/519/259
f 400/542/282 211/543/283 208/544/284
f 399/541/281 357/493/233 375/516/256
f 401/545/285 208/544/284 170/494/234
f 402/546/286 401/545/285 357/493/233
f 403/547/287 400/542/282 401/545/285
f 139/548/288 138/549/289 211/543/283
f 144/550/290 139/548/288 400/542/282
f 404/551/291 403/547/287 402/546/286
f 405/552/292 398/540/280 395/537/277
f 406/553/293 402/546/286 399/541/281
f 407/554/294 406/553/293 398/540/280
f 137/555/295 404/551/291 406/553/293
f 137/555/295 136/556/296 404/551/291
f 136/556/296 144/550/290 403/547/287
f 408/557/297 405/552/292 396/538/278
f 409/558/298 410/559/299 411/560/300
f 412/561/301 397/539/279 392/534/274
f 413/562/302 414/563/303 415/564/304
f 416/565/305 392/534/274 391/533/273
f 414/563/303 354/490/230 417/566/306
f 418/567/307 391/533/273 355/491/231
f 419/568/308 418/567/307 354/490/230
f 420/569/309 416/565/305 418/567/307
f 421/570/310 420/569/309 419/568/308
f 410/559/299 413/562/302 422/571/311
f 423/572/312 419/568/308 414/563/303
f 424/573/313 423/572/312 413/562/302
f 425/574/314 421/570/310 423/572/312
f 426/575/315 427/576/316 420/569/309
f 428/577/317 396/538/278 397/539/279
f 397/539/279 412/561/301 428/577/317
f 427/576/316 412/561/301 416/565/305
f 429/578/318 428/577/317 427/576/316
f 427/576/316 426/575/315 429/578/318
f 430/579/319 426/575/315 421/570/310
f 431/580/320 430/579/319 425/574/314
f 432/581/321 433/582/322 434/583/323
f 433/582/322 435/584/324 434/583/323
f 436/585/325 425/574/314 424/573/313
f 434/583/323 409/558/298 437/586/326
f 438/587/327 424/573/313 410/559/299
f 435/584/324 438/587/327 409/558/298
f 439/588/328 436/585/325 438/587/327
f 440/589/329 439/588/328 435/584/324
f 433/582/322 432/581/321 228/338/78
f 432/581/321 229/339/79 228/338/78
f 440/589/329 433/582/322 247/362/102
f 433/582/322 248/363/103 247/362/102
f 441/590/330 442/591/331 439/588/328
f 429/578/318 430/579/319 431/580/320
f 431/580/320 443/592/332 429/578/318
f 442/591/331 431/580/320 436/585/325
f 443/592/332 442/591/331 441/590/330
f 441/590/330 236/351/91 443/592/332
f 241/356/96 441/590/330 440/589/329
f 444/593/333 445/594/334 429/578/318
f 143/595/335 137/555/295 407/554/294
f 445/594/334 408/557/297 428/577/317
f 446/596/336 407/554/294 405/552/292
f 447/597/337 446/596/336 408/557/297
f 141/598/338 143/595/335 446/596/336
f 142/599/339 141/598/338 447/597/337
f 235/350/90 444/593/333 443/592/332
f 448/600/340 447/597/337 445/594/334
f 336/461/201 448/600/340 444/593/333
f 132/460/200 142/599/339 448/600/340
f 154/601/341 449/602/342 450/603/343
f 451/604/344 186/605/345 185/606/346
f 172/607/347 452/608/348 453/609/349
f 454/610/350 224/611/351 223/612/352
f 159/613/353 167/614/354 455/615/355
f 456/616/356 221/617/357 222/618/358
f 184/619/359 201/620/360 457/621/361
f 201/620/360 220/346/86 458/622/362
f 458/622/362 218/348/88 221/617/357
f 457/621/361 458/622/362 456/616/356
f 455/615/355 167/614/354 459/623/363
f 167/614/354 184/619/359 459/623/363
f 459/623/363 457/621/361 460/624/364
f 461/625/365 460/624/364 462/626/366
f 460/624/364 456/616/356 463/627/367
f 463/627/367 222/618/358 224/611/351
f 462/626/366 463/627/367 454/610/350
f 455/615/355 461/625/365 464/628/368
f 464/628/368 462/626/366 465/629/369
f 466/630/370 464/628/368 467/631/371
f 468/632/372 455/615/355 466/630/370
f 156/633/373 166/634/374 469/635/375
f 166/634/374 159/613/353 468/632/372
f 470/636/376 471/637/377 452/608/348
f 452/608/348 156/633/373 470/636/376
f 472/638/378 470/636/376 473/639/379
f 470/636/376 469/635/375 473/639/379
f 469/635/375 468/632/372 474/640/380
f 474/640/380 466/630/370 475/641/381
f 473/639/379 474/640/380 476/642/382
f 471/637/377 470/636/376 472/638/378
f 476/642/382 475/641/381 477/643/383
f 478/644/384 226/645/385 225/646/386
f 467/631/371 465/629/369 479/647/387
f 465/629/369 454/610/350 480/648/388
f 480/648/388 223/612/352 226/645/385
f 479/647/387 480/648/388 478/644/384
f 475/641/381 467/631/371 481/649/389
f 481/649/389 479/647/387 482/650/390
f 477/643/383 481/649/389 483/651/391
f 483/651/391 482/650/390 484/652/392
f 485/653/393 225/646/386 186/605/345
f 482/650/390 478/644/384 485/653/393
f 484/652/392 485/653/393 451/604/344
f 486/654/394 484/652/392 487/655/395
f 488/656/396 483/651/391 486/654/394
f 489/657/397 486/654/394 490/658/398
f 491/659/399 488/656/396 489/657/397
f 472/638/378 492/660/400 493/661/401
f 492/660/400 476/642/382 494/662/402
f 494/662/402 477/643/383 488/656/396
f 493/661/401 494/662/402 491/659/399
f 495/663/403 472/638/378 496/664/404
f 496/664/404 493/661/401 497/665/405
f 498/666/406 496/664/404 499/667/407
f 499/667/407 497/665/405 500/668/408
f 501/669/409 489/657/397 502/670/410
f 497/665/405 491/659/399 501/669/409
f 500/668/408 501/669/409 503/671/411
f 504/672/412 500/668/408 505/673/413
f 506/674/414 499/667/407 504/672/412
f 507/675/415 504/672/412 508/676/416
f 509/677/417 495/663/403 498/666/406
f 194/678/418 510/679/419 511/680/420
f 512/681/421 471/637/377 495/663/403
f 194/678/418 193/682/422 513/683/423
f 193/682/422 514/684/424 513/683/423
f 452/608/348 471/637/377 512/681/421
f 174/685/425 453/609/349 514/684/424
f 453/609/349 512/681/421 515/686/426
f 514/684/424 515/686/426 516/687/427
f 513/683/423 516/687/427 517/688/428
f 515/686/426 518/689/429 519/690/430
f 509/677/417 520/691/431 518/689/429
f 518/689/429 512/681/421 509/677/417
f 518/689/429 520/691/431 521/692/432
f 516/687/427 519/690/430 522/693/433
f 519/690/430 521/692/432 523/694/434
f 517/688/428 522/693/433 524/695/435
f 165/696/436 511/680/420 449/602/342
f 511/680/420 510/679/419 525/697/437
f 510/679/419 517/688/428 525/697/437
f 511/680/420 526/698/438 527/699/439
f 527/699/439 526/698/438 528/700/440
f 526/698/438 529/701/441 528/700/440
f 522/693/433 523/694/434 530/702/442
f 525/697/437 524/695/435 529/701/441
f 524/695/435 530/702/442 531/703/443
f 529/701/441 531/703/443 532/704/444
f 528/700/440 532/704/444 533/705/445
f 523/694/434 534/706/446 535/707/447
f 536/708/448 506/674/414 507/675/415
f 520/691/431 537/709/449 538/710/450
f 509/677/417 539/711/451 537/709/449
f 539/711/451 498/666/406 506/674/414
f 539/711/451 536/708/448 540/712/452
f 521/692/432 538/710/450 534/706/446
f 537/709/449 540/712/452 541/713/453
f 538/710/450 541/713/453 542/714/454
f 540/712/452 543/715/455 544/716/456
f 545/717/457 507/675/415 546/718/458
f 536/708/448 545/717/457 543/715/455
f 543/715/455 545/717/457 547/719/459
f 541/713/453 544/716/456 548/720/460
f 543/715/455 549/721/461 550/722/462
f 544/716/456 550/722/462 551/723/463
f 542/714/454 548/720/460 552/724/464
f 531/703/443 553/725/465 554/726/466
f 534/706/446 542/714/454 555/727/467
f 530/702/442 535/707/447 553/725/465
f 535/707/447 555/727/467 556/728/468
f 553/725/465 556/728/468 557/729/469
f 532/704/444 554/726/466 558/730/470
f 554/726/466 557/729/469 559/731/471
f 556/728/468 560/732/472 561/733/473
f 555/727/467 552/724/464 560/732/472
f 548/720/460 551/723/463 562/734/474
f 552/724/464 562/734/474 563/735/475
f 560/732/472 563/735/475 564/736/476
f 557/729/469 561/733/473 565/737/477
f 561/733/473 564/736/476 566/738/478
f 547/719/459 546/718/458 567/739/479
f 568/740/480 169/741/481 168/742/482
f 503/671/411 502/670/410 569/743/483
f 570/744/484 187/745/485 204/746/486
f 490/658/398 487/655/395 571/747/487
f 572/748/488 202/749/489 188/750/490
f 487/655/395 451/604/344 573/751/491
f 573/751/491 185/606/346 202/749/489
f 571/747/487 573/751/491 572/748/488
f 574/752/492 572/748/488 575/753/493
f 575/753/493 188/750/490 187/745/485
f 576/754/494 575/753/493 570/744/484
f 577/755/495 574/752/492 576/754/494
f 502/670/410 578/756/496 577/755/495
f 502/670/410 490/658/398 578/756/496
f 578/756/496 571/747/487 574/752/492
f 569/743/483 577/755/495 579/757/497
f 579/757/497 576/754/494 580/758/498
f 581/759/499 579/757/497 582/760/500
f 582/760/500 580/758/498 583/761/501
f 584/762/502 203/763/503 216/764/504
f 580/758/498 570/744/484 585/765/505
f 585/765/505 204/746/486 203/763/503
f 583/761/501 585/765/505 584/762/502
f 586/766/506 584/762/502 587/767/507
f 587/767/507 216/764/504 169/741/481
f 588/768/508 587/767/507 568/740/480
f 589/769/509 586/766/506 588/768/508
f 590/770/510 582/760/500 591/771/511
f 591/771/511 583/761/501 586/766/506
f 592/772/512 591/771/511 589/769/509
f 593/773/513 589/769/509 594/774/514
f 594/774/514 588/768/508 595/775/515
f 596/776/516 594/774/514 597/777/517
f 598/778/518 590/770/510 592/772/512
f 508/676/416 505/673/413 599/779/519
f 600/780/520 569/743/483 581/759/499
f 505/673/413 503/671/411 600/780/520
f 601/781/521 599/779/519 602/782/522
f 599/779/519 600/780/520 602/782/522
f 602/782/522 581/759/499 590/770/510
f 603/783/523 599/779/519 601/781/521
f 546/718/458 508/676/416 603/783/523
f 567/739/479 603/783/523 604/784/524
f 604/784/524 601/781/521 605/785/525
f 606/786/526 593/773/513 596/776/516
f 601/781/521 598/778/518 607/787/527
f 607/787/527 592/772/512 593/773/513
f 605/785/525 607/787/527 606/786/526
f 608/788/528 606/786/526 609/789/529
f 609/789/529 596/776/516 610/790/530
f 611/791/531 609/789/529 612/792/532
f 613/793/533 608/788/528 611/791/531
f 614/794/534 615/795/535 616/796/536
f 615/795/535 604/784/524 616/796/536
f 616/796/536 605/785/525 608/788/528
f 614/794/534 613/793/533 617/797/537
f 617/797/537 611/791/531 618/798/538
f 619/799/539 617/797/537 620/800/540
f 612/792/532 610/790/530 621/801/541
f 622/802/542 190/803/543 217/804/544
f 597/777/517 595/775/515 623/805/545
f 624/806/546 189/807/547 191/808/548
f 595/775/515 568/740/480 625/809/549
f 625/809/549 168/742/482 189/807/547
f 623/805/545 625/809/549 624/806/546
f 626/810/550 624/806/546 627/811/551
f 627/811/551 191/808/548 190/803/543
f 628/812/552 627/811/551 622/802/542
f 629/813/553 626/810/550 628/812/552
f 610/790/530 597/777/517 630/814/554
f 630/814/554 623/805/545 626/810/550
f 621/801/541 630/814/554 629/813/553
f 631/815/555 629/813/553 632/816/556
f 632/816/556 628/812/552 633/817/557
f 634/818/558 632/816/556 635/819/559
f 635/819/559 633/817/557 636/820/560
f 637/821/561 206/822/562 205/823/563
f 633/817/557 622/802/542 638/824/564
f 638/824/564 217/804/544 206/822/562
f 636/820/560 638/824/564 637/821/561
f 637/821/561 639/825/565 640/826/566
f 640/826/566 641/827/567 637/821/561
f 205/823/563 161/828/568 233/345/85
f 233/345/85 639/825/565 205/823/563
f 640/826/566 639/825/565 642/829/569
f 643/830/570 640/826/566 644/831/571
f 641/827/567 643/830/570 645/832/572
f 645/832/572 646/833/573 641/827/567
f 647/834/574 635/819/559 648/835/575
f 648/835/575 636/820/560 641/827/567
f 649/836/576 648/835/575 646/833/573
f 646/833/573 650/837/577 651/838/578
f 651/838/578 652/839/579 646/833/573
f 645/832/572 643/830/570 653/840/580
f 650/837/577 645/832/572 654/841/581
f 651/838/578 650/837/577 655/842/582
f 656/843/583 651/838/578 657/844/584
f 658/845/585 647/834/574 649/836/576
f 620/800/540 618/798/538 659/846/586
f 660/847/587 631/815/555 634/818/558
f 618/798/538 612/792/532 661/848/588
f 661/848/588 621/801/541 631/815/555
f 659/846/586 661/848/588 660/847/587
f 662/849/589 660/847/587 663/850/590
f 663/850/590 634/818/558 647/834/574
f 664/851/591 663/850/590 658/845/585
f 665/852/592 662/849/589 664/851/591
f 666/853/593 620/800/540 667/854/594
f 667/854/594 659/846/586 662/849/589
f 668/855/595 667/854/594 665/852/592
f 669/856/596 665/852/592 670/857/597
f 670/857/597 664/851/591 671/858/598
f 672/859/599 670/857/597 673/860/600
f 673/860/600 671/858/598 674/861/601
f 652/839/579 656/843/583 675/862/602
f 675/862/602 676/863/603 652/839/579
f 671/858/598 658/845/585 677/864/604
f 677/864/604 649/836/576 652/839/579
f 674/861/601 677/864/604 676/863/603
f 678/865/605 676/863/603 679/866/606
f 675/862/602 656/843/583 680/867/607
f 679/866/606 675/862/602 681/868/608
f 679/866/606 682/869/609 683/870/610
f 683/870/610 684/871/611 679/866/606
f 685/872/612 678/865/605 684/871/611
f 686/873/613 673/860/600 687/874/614
f 687/874/614 674/861/601 678/865/605
f 688/875/615 687/874/614 685/872/612
f 689/876/616 685/872/612 690/877/617
f 690/877/617 684/871/611 691/878/618
f 692/879/619 690/877/617 693/880/620
f 694/881/621 666/853/593 668/855/595
f 551/723/463 695/882/622 696/883/623
f 697/884/624 615/795/535 614/794/534
f 549/721/461 698/885/625 699/886/626
f 700/887/627 567/739/479 615/795/535
f 549/721/461 547/719/459 700/887/627
f 698/885/625 700/887/627 697/884/624
f 699/886/626 698/885/625 701/888/628
f 550/722/462 699/886/626 695/882/622
f 699/886/626 702/889/629 703/890/630
f 702/889/629 701/888/628 704/891/631
f 694/881/621 705/892/632 619/799/539
f 705/892/632 614/794/534 619/799/539
f 701/888/628 697/884/624 705/892/632
f 704/891/631 705/892/632 694/881/621
f 706/893/633 704/891/631 707/894/634
f 702/889/629 706/893/633 708/895/635
f 708/895/635 706/893/633 709/896/636
f 703/890/630 708/895/635 710/897/637
f 563/735/475 711/898/638 712/899/639
f 695/882/622 703/890/630 713/900/640
f 562/734/474 696/883/623 711/898/638
f 696/883/623 713/900/640 714/901/641
f 711/898/638 714/901/641 715/902/642
f 564/736/476 712/899/639 716/903/643
f 712/899/639 715/902/642 717/904/644
f 714/901/641 718/905/645 719/906/646
f 708/895/635 720/907/647 721/908/648
f 713/900/640 710/897/637 718/905/645
f 710/897/637 721/908/648 722/909/649
f 723/910/650 719/906/646 718/905/645
f 724/911/651 717/904/644 715/902/642
f 725/912/652 724/911/651 719/906/646
f 721/908/648 720/907/647 726/913/653
f 727/914/654 686/873/613 688/875/615
f 728/915/655 709/896/636 729/916/656
f 709/896/636 707/894/634 729/916/656
f 730/917/657 669/856/596 672/859/599
f 707/894/634 694/881/621 731/918/658
f 731/918/658 668/855/595 669/856/596
f 729/916/656 731/918/658 730/917/657
f 732/919/659 730/917/657 733/920/660
f 733/920/660 672/859/599 686/873/613
f 734/921/661 733/920/660 727/914/654
f 728/915/655 732/919/659 734/921/661
f 720/907/647 709/896/636 728/915/655
f 735/922/662 726/913/653 736/923/663
f 726/913/653 728/915/655 736/923/663
f 736/923/663 734/921/661 737/924/664
f 738/925/665 737/924/664 739/926/666
f 740/927/667 689/876/616 692/879/619
f 737/924/664 727/914/654 741/928/668
f 741/928/668 688/875/615 689/876/616
f 739/926/666 741/928/668 740/927/667
f 742/929/669 740/927/667 743/930/670
f 743/930/670 692/879/619 744/931/671
f 745/932/672 743/930/670 746/933/673
f 747/934/674 742/929/669 745/932/672
f 735/922/662 738/925/665 748/935/675
f 748/935/675 739/926/666 742/929/669
f 749/936/676 748/935/675 747/934/674
f 750/937/677 747/934/674 751/938/678
f 751/938/678 745/932/672 752/939/679
f 753/940/680 751/938/678 754/941/681
f 755/942/682 756/943/683 749/936/676
f 756/943/683 735/922/662 749/936/676
f 757/944/684 723/910/650 722/909/649
f 758/945/685 726/913/653 735/922/662
f 759/946/686 722/909/649 721/908/648
f 759/946/686 758/945/685 756/943/683
f 760/947/687 757/944/684 759/946/686
f 761/948/688 725/912/652 723/910/650
f 762/949/689 761/948/688 757/944/684
f 760/947/687 763/950/690 764/951/691
f 755/942/682 750/937/677 753/940/680
f 763/950/690 756/943/683 755/942/682
f 765/952/692 764/951/691 766/953/693
f 764/951/691 755/942/682 766/953/693
f 766/953/693 753/940/680 767/954/694
f 768/955/695 764/951/691 765/952/692
f 762/949/689 760/947/687 768/955/695
f 769/956/696 768/955/695 770/957/697
f 566/738/478 716/903/643 771/958/698
f 153/959/699 772/960/700 773/961/701
f 533/705/445 558/730/470 774/962/702
f 147/963/703 775/964/704 776/965/705
f 527/699/439 777/966/706 778/967/707
f 155/968/708 450/603/343 775/964/704
f 449/602/342 527/699/439 779/969/709
f 450/603/343 779/969/709 780/970/710
f 779/969/709 778/967/707 781/971/711
f 778/967/707 777/966/706 782/972/712
f 777/966/706 533/705/445 782/972/712
f 778/967/707 783/973/713 784/974/714
f 780/970/710 781/971/711 785/975/715
f 148/976/716 776/965/705 772/960/700
f 775/964/704 780/970/710 786/977/717
f 776/965/705 786/977/717 787/978/718
f 786/977/717 785/975/715 788/979/719
f 781/971/711 784/974/714 789/980/720
f 785/975/715 789/980/720 790/981/721
f 784/974/714 791/982/722 792/983/723
f 559/731/471 565/737/477 793/984/724
f 783/973/713 794/985/725 791/982/722
f 558/730/470 559/731/471 795/986/726
f 782/972/712 774/962/702 794/985/725
f 774/962/702 795/986/726 796/987/727
f 791/982/722 794/985/725 797/988/728
f 794/985/725 796/987/727 797/988/728
f 796/987/727 798/989/729 799/990/730
f 565/737/477 566/738/478 800/991/731
f 795/986/726 793/984/724 798/989/729
f 793/984/724 800/991/731 801/992/732
f 802/993/733 799/990/730 798/989/729
f 803/994/734 804/995/735 797/988/728
f 805/996/736 803/994/734 799/990/730
f 804/995/735 803/994/734 806/997/737
f 789/980/720 792/983/723 807/998/738
f 791/982/722 804/995/735 808/999/739
f 792/983/723 808/999/739 809/1000/740
f 808/999/739 806/997/737 810/1001/741
f 803/994/734 805/996/736 811/1002/742
f 806/997/737 811/1002/742 812/1003/743
f 790/981/721 807/998/738 813/1004/744
f 814/1005/745 171/1006/746 152/1007/747
f 787/978/718 788/979/719 815/1008/748
f 816/1009/749 152/1007/747 151/1010/750
f 151/1010/750 773/961/701 816/1009/749
f 772/960/700 787/978/718 817/1011/751
f 817/1011/751 815/1008/748 818/1012/752
f 788/979/719 790/981/721 819/1013/753
f 815/1008/748 819/1013/753 820/1014/754
f 821/1015/755 814/1005/745 816/1009/749
f 816/1009/749 818/1012/752 821/1015/755
f 171/1006/746 814/1005/745 365/504/244
f 365/504/244 230/341/81 171/1006/746
f 814/1005/745 821/1015/755 360/498/238
f 360/498/238 371/512/252 814/1005/745
f 820/1014/754 822/1016/756 823/1017/757
f 809/1000/740 810/1001/741 824/1018/758
f 819/1013/753 813/1004/744 822/1016/756
f 807/998/738 809/1000/740 825/1019/759
f 813/1004/744 825/1019/759 826/1020/760
f 827/1021/761 826/1020/760 825/1019/759
f 810/1001/741 812/1003/743 828/1022/762
f 829/1023/763 827/1021/761 824/1018/758
f 830/1024/764 831/1025/765 826/1020/760
f 385/527/267 821/1015/755 823/1017/757
f 823/1017/757 382/524/264 385/527/267
f 385/527/267 360/498/238 821/1015/755
f 831/1025/765 823/1017/757 822/1016/756
f 389/531/271 382/524/264 831/1025/765
f 832/1026/766 830/1024/764 827/1021/761
f 356/492/232 389/531/271 830/1024/764
f 833/1027/767 828/1022/762 812/1003/743
f 834/1028/768 835/1029/769 725/912/652
f 805/996/736 836/1030/770 837/1031/771
f 838/1032/772 839/1033/773 717/904/644
f 840/1034/774 802/993/733 801/992/732
f 839/1033/773 771/958/698 716/903/643
f 841/1035/775 801/992/732 800/991/731
f 842/1036/776 841/1035/775 771/958/698
f 843/1037/777 840/1034/774 841/1035/775
f 836/1030/770 805/996/736 802/993/733
f 844/1038/778 836/1030/770 840/1034/774
f 845/1039/779 843/1037/777 842/1036/776
f 835/1029/769 838/1032/772 724/911/651
f 846/1040/780 842/1036/776 839/1033/773
f 847/1041/781 846/1040/780 838/1032/772
f 848/1042/782 845/1039/779 846/1040/780
f 849/1043/783 844/1038/778 843/1037/777
f 850/1044/784 849/1043/783 845/1039/779
f 851/1045/785 852/1046/786 844/1038/778
f 811/1002/742 837/1031/771 853/1047/787
f 837/1031/771 836/1030/770 852/1046/786
f 836/1030/770 844/1038/778 852/1046/786
f 837/1031/771 854/1048/788 855/1049/789
f 856/1050/790 855/1049/789 854/1048/788
f 857/1051/791 851/1045/785 849/1043/783
f 858/1052/792 854/1048/788 852/1046/786
f 859/1053/793 858/1052/792 851/1045/785
f 860/1054/794 856/1050/790 858/1052/792
f 861/1055/795 857/1051/791 850/1044/784
f 862/1056/796 863/1057/797 762/949/689
f 864/1058/798 848/1042/782 847/1041/781
f 863/1057/797 834/1028/768 761/948/688
f 865/1059/799 847/1041/781 835/1029/769
f 866/1060/800 865/1059/799 834/1028/768
f 867/1061/801 864/1058/798 865/1059/799
f 868/1062/802 850/1044/784 848/1042/782
f 869/1063/803 868/1062/802 864/1058/798
f 870/1064/804 867/1061/801 866/1060/800
f 862/1056/796 769/956/696 871/1065/805
f 872/1066/806 866/1060/800 863/1057/797
f 872/1066/806 862/1056/796 873/1067/807
f 874/1068/808 870/1064/804 872/1066/806
f 875/1069/809 869/1063/803 867/1061/801
f 876/1070/810 875/1069/809 870/1064/804
f 877/1071/811 878/1072/812 869/1063/803
f 879/1073/813 860/1054/794 859/1053/793
f 878/1072/812 861/1055/795 868/1062/802
f 880/1074/814 859/1053/793 857/1051/791
f 881/1075/815 880/1074/814 861/1055/795
f 882/1076/816 879/1073/813 880/1074/814
f 883/1077/817 882/1076/816 881/1075/815
f 884/1078/818 877/1071/811 875/1069/809
f 885/1079/819 881/1075/815 878/1072/812
f 886/1080/820 885/1079/819 877/1071/811
f 887/1081/821 883/1077/817 885/1079/819
f 888/1082/822 889/1083/823 860/1054/794
f 890/1084/824 832/1026/766 829/1023/763
f 891/1085/825 892/1086/826 855/1049/789
f 893/1087/827 829/1023/763 828/1022/762
f 892/1086/826 833/1027/767 853/1047/787
f 894/1088/828 893/1087/827 833/1027/767
f 895/1089/829 894/1088/828 892/1086/826
f 889/1083/823 891/1085/825 856/1050/790
f 896/1090/830 895/1089/829 891/1085/825
f 897/1091/831 898/1092/832 894/1088/828
f 417/566/306 356/492/232 832/1026/766
f 898/1092/832 890/1084/824 893/1087/827
f 415/564/304 417/566/306 890/1084/824
f 422/571/311 415/564/304 898/1092/832
f 899/1093/833 897/1091/831 895/1089/829
f 411/560/300 422/571/311 897/1091/831
f 900/1094/834 899/1093/833 896/1090/830
f 901/1095/835 902/1096/836 882/1076/816
f 903/1097/837 896/1090/830 889/1083/823
f 902/1096/836 888/1082/822 879/1073/813
f 904/1098/838 903/1097/837 888/1082/822
f 905/1099/839 904/1098/838 902/1096/836
f 906/1100/840 901/1095/835 883/1077/817
f 907/1101/841 905/1099/839 901/1095/835
f 908/1102/842 909/1103/843 904/1098/838
f 437/586/326 411/560/300 899/1093/833
f 909/1103/843 900/1094/834 903/1097/837
f 910/1104/844 437/586/326 900/1094/834
f 432/581/321 910/1104/844 909/1103/843
f 911/1105/845 908/1102/842 905/1099/839
f 229/339/79 432/581/321 908/1102/842
f 157/1106/846 912/1107/847 913/1108/848
f 873/1067/807 871/1065/805 914/1109/849
f 915/1110/850 916/1111/851 917/1112/852
f 917/1112/852 178/1113/853 915/1110/850
f 746/933/673 744/931/671 918/1114/854
f 214/1115/855 919/1116/856 920/1117/857
f 681/868/608 680/867/607 921/1118/858
f 198/1119/859 922/1120/860 923/1121/861
f 654/841/581 653/840/580 924/1122/862
f 644/831/571 642/829/569 925/1123/863
f 177/1124/864 923/1121/861 232/344/84
f 642/829/569 233/345/85 232/344/84
f 923/1121/861 926/1125/865 925/1123/863
f 926/1125/865 927/1126/866 928/1127/867
f 653/840/580 644/831/571 928/1127/867
f 924/1122/862 928/1127/867 927/1126/866
f 657/844/584 655/842/582 929/1128/868
f 930/1129/869 924/1122/862 931/1130/870
f 655/842/582 654/841/581 930/1129/869
f 929/1128/868 930/1129/869 932/1131/871
f 933/1132/872 929/1128/868 934/1133/873
f 680/867/607 657/844/584 933/1132/872
f 921/1118/858 933/1132/872 935/1134/874
f 932/1131/871 931/1130/870 936/1135/875
f 937/1136/876 938/1137/877 927/1126/866
f 212/1138/878 920/1117/857 922/1120/860
f 922/1120/860 937/1136/876 926/1125/865
f 920/1117/857 939/1139/879 937/1136/876
f 939/1139/879 940/1140/880 938/1137/877
f 938/1137/877 936/1135/875 931/1130/870
f 940/1140/880 941/1141/881 936/1135/875
f 935/1134/874 934/1133/873 942/1142/882
f 941/1141/881 943/1143/883 944/1144/884
f 934/1133/873 932/1131/871 944/1144/884
f 942/1142/882 944/1144/884 943/1143/883
f 945/1145/885 942/1142/882 946/1146/886
f 947/1147/887 935/1134/874 945/1145/885
f 948/1148/888 945/1145/885 949/1149/889
f 950/1150/890 947/1147/887 948/1148/888
f 693/880/620 691/878/618 951/1151/891
f 683/870/610 682/869/609 952/1152/892
f 953/1153/893 921/1118/858 947/1147/887
f 682/869/609 681/868/608 953/1153/893
f 952/1152/892 953/1153/893 950/1150/890
f 954/1154/894 952/1152/892 955/1155/895
f 691/878/618 683/870/610 954/1154/894
f 951/1151/891 954/1154/894 956/1156/896
f 744/931/671 693/880/620 957/1157/897
f 951/1151/891 958/1158/898 959/1159/899
f 959/1159/899 957/1157/897 951/1151/891
f 918/1114/854 957/1157/897 960/1160/900
f 959/1159/899 958/1158/898 961/1161/901
f 956/1156/896 955/1155/895 962/1162/902
f 963/1163/903 948/1148/888 964/1164/904
f 955/1155/895 950/1150/890 963/1163/903
f 962/1162/902 963/1163/903 965/1165/905
f 966/1166/906 962/1162/902 967/1167/907
f 958/1158/898 956/1156/896 966/1166/906
f 961/1161/901 966/1166/906 968/1168/908
f 969/1169/909 960/1160/900 970/1170/910
f 971/1171/911 961/1161/901 972/1172/912
f 960/1160/900 959/1159/899 971/1171/911
f 970/1170/910 971/1171/911 973/1173/913
f 970/1170/910 974/1174/914 975/1175/915
f 975/1175/915 976/1176/916 970/1170/910
f 965/1165/905 964/1164/904 977/1177/917
f 199/1178/918 978/1179/919 979/1180/920
f 980/1181/921 981/1182/922 943/1143/883
f 982/1183/923 983/1184/924 940/1140/880
f 213/1185/925 979/1180/920 919/1116/856
f 919/1116/856 982/1183/923 939/1139/879
f 979/1180/920 984/1186/926 982/1183/923
f 984/1186/926 985/1187/927 983/1184/924
f 983/1184/924 980/1181/921 941/1141/881
f 985/1187/927 986/1188/928 980/1181/921
f 949/1149/889 946/1146/886 987/1189/929
f 986/1188/928 988/1190/930 981/1182/922
f 981/1182/922 987/1189/929 946/1146/886
f 988/1190/930 989/1191/931 987/1189/929
f 989/1191/931 990/1192/932 991/1193/933
f 964/1164/904 949/1149/889 991/1193/933
f 977/1177/917 991/1193/933 990/1192/932
f 992/1194/934 993/1195/935 988/1190/930
f 994/1196/936 995/1197/937 985/1187/927
f 179/1198/938 917/1112/852 978/1179/919
f 978/1179/919 994/1196/936 984/1186/926
f 917/1112/852 916/1111/851 994/1196/936
f 916/1111/851 996/1199/939 995/1197/937
f 995/1197/937 992/1194/934 986/1188/928
f 996/1199/939 997/1200/940 992/1194/934
f 998/1201/941 999/1202/942 990/1192/932
f 997/1200/940 1000/1203/943 993/1195/935
f 993/1195/935 998/1201/941 989/1191/931
f 1000/1203/943 1001/1204/944 998/1201/941
f 1001/1204/944 1002/1205/945 999/1202/942
f 999/1202/942 1003/1206/946 1004/1207/947
f 1002/1205/945 1005/1208/948 1003/1206/946
f 1006/1209/949 1004/1207/947 1003/1206/946
f 973/1173/913 972/1172/912 1007/1210/950
f 968/1168/908 967/1167/907 1008/1211/951
f 1009/1212/952 977/1177/917 1004/1207/947
f 967/1167/907 965/1165/905 1009/1212/952
f 1008/1211/951 1009/1212/952 1006/1209/949
f 1010/1213/953 1008/1211/951 1011/1214/954
f 972/1172/912 968/1168/908 1010/1213/953
f 1007/1210/950 1010/1213/953 1012/1215/955
f 975/1175/915 974/1174/914 1013/1216/956
f 1014/1217/957 1007/1210/950 1015/1218/958
f 974/1174/914 973/1173/913 1014/1217/957
f 1013/1216/956 1014/1217/957 1016/1219/959
f 1017/1220/960 1013/1216/956 1018/1221/961
f 1019/1222/962 975/1175/915 1017/1220/960
f 1020/1223/963 1017/1220/960 1021/1224/964
f 1016/1219/959 1015/1218/958 1022/1225/965
f 1012/1215/955 1011/1214/954 1023/1226/966
f 1005/1208/948 1024/1227/967 1025/1228/968
f 1011/1214/954 1006/1209/949 1025/1228/968
f 1023/1226/966 1025/1228/968 1024/1227/967
f 1026/1229/969 1023/1226/966 1027/1230/970
f 1015/1218/958 1012/1215/955 1026/1229/969
f 1022/1225/965 1026/1229/969 1028/1231/971
f 1021/1224/964 1018/1221/961 1029/1232/972
f 1030/1233/973 1022/1225/965 1031/1234/974
f 1018/1221/961 1016/1219/959 1030/1233/973
f 1029/1232/972 1030/1233/973 1032/1235/975
f 1033/1236/976 1029/1232/972 1034/1237/977
f 1035/1238/978 1021/1224/964 1033/1236/976
f 1036/1239/979 1033/1236/976 1037/1240/980
f 1038/1241/981 1019/1222/962 1020/1223/963
f 1039/1242/982 767/954/694 1040/1243/983
f 1041/1244/984 969/1169/909 976/1176/916
f 754/941/681 752/939/679 1042/1245/985
f 752/939/679 746/933/673 1043/1246/986
f 1043/1246/986 918/1114/854 969/1169/909
f 1042/1245/985 1043/1246/986 1041/1244/984
f 767/954/694 754/941/681 1044/1247/987
f 1044/1247/987 1042/1245/985 1045/1248/988
f 1040/1243/983 1044/1247/987 1046/1249/989
f 1046/1249/989 1045/1248/988 1047/1250/990
f 1045/1248/988 1041/1244/984 1048/1251/991
f 1048/1251/991 976/1176/916 1019/1222/962
f 1047/1250/990 1048/1251/991 1038/1241/981
f 1049/1252/992 1046/1249/989 1050/1253/993
f 1050/1253/993 1047/1250/990 1051/1254/994
f 1052/1255/995 1050/1253/993 1053/1256/996
f 1054/1257/997 1049/1252/992 1052/1255/995
f 1055/1258/998 770/957/697 1056/1259/999
f 770/957/697 765/952/692 1056/1259/999
f 765/952/692 1039/1242/982 1057/1260/1000
f 1057/1260/1000 1040/1243/983 1049/1252/992
f 1056/1259/999 1057/1260/1000 1054/1257/997
f 871/1065/805 770/957/697 1055/1258/998
f 1055/1258/998 1058/1261/1001 1059/1262/1002
f 1058/1261/1001 1054/1257/997 1060/1263/1003
f 1060/1263/1003 1052/1255/995 1061/1264/1004
f 1059/1262/1002 1060/1263/1003 1062/1265/1005
f 1063/1266/1006 914/1109/849 1064/1267/1007
f 914/1109/849 1055/1258/998 1064/1267/1007
f 1064/1267/1007 1059/1262/1002 1065/1268/1008
f 1062/1265/1005 1061/1264/1004 1066/1269/1009
f 1067/1270/1010 1035/1238/978 1036/1239/979
f 1053/1256/996 1051/1254/994 1068/1271/1011
f 1051/1254/994 1038/1241/981 1069/1272/1012
f 1020/1223/963 1035/1238/978 1067/1270/1010
f 1067/1270/1010 1069/1272/1012 1020/1223/963
f 1068/1271/1011 1069/1272/1012 1070/1273/1013
f 1061/1264/1004 1053/1256/996 1071/1274/1014
f 1071/1274/1014 1068/1271/1011 1072/1275/1015
f 1066/1269/1009 1071/1274/1014 1073/1276/1016
f 1073/1276/1016 1072/1275/1015 1074/1277/1017
f 1072/1275/1015 1070/1273/1013 1075/1278/1018
f 1076/1279/1019 1036/1239/979 1077/1280/1020
f 1070/1273/1013 1067/1270/1010 1076/1279/1019
f 1075/1278/1018 1076/1279/1019 1078/1281/1021
f 1074/1277/1017 1075/1278/1018 1079/1282/1022
f 1080/1283/1023 1073/1276/1016 1081/1284/1024
f 1081/1284/1024 1074/1277/1017 1082/1285/1025
f 1083/1286/1026 1081/1284/1024 1084/1287/1027
f 1085/1288/1028 1080/1283/1023 1083/1286/1026
f 1086/1289/1029 1065/1268/1008 1087/1290/1030
f 1065/1268/1008 1062/1265/1005 1088/1291/1031
f 1088/1291/1031 1066/1269/1009 1080/1283/1023
f 1087/1290/1030 1088/1291/1031 1085/1288/1028
f 1063/1266/1006 1086/1289/1029 1089/1292/1032
f 1089/1292/1032 1087/1290/1030 1090/1293/1033
f 1091/1294/1034 1089/1292/1032 1092/1295/1035
f 1092/1295/1035 1090/1293/1033 1093/1296/1036
f 1090/1293/1033 1085/1288/1028 1094/1297/1037
f 1094/1297/1037 1083/1286/1026 1095/1298/1038
f 1093/1296/1036 1094/1297/1037 1096/1299/1039
f 1097/1300/1040 1092/1295/1035 1098/1301/1041
f 1098/1301/1041 1093/1296/1036 1099/1302/1042
f 1100/1303/1043 1098/1301/1041 1101/1304/1044
f 1078/1281/1021 1077/1280/1020 1102/1305/1045
f 200/1306/1046 1103/1307/1047 1104/1308/1048
f 1105/1309/1049 1106/1310/1050 1024/1227/967
f 181/1311/1051 1107/1312/1052 1108/1313/1053
f 1109/1314/1054 1110/1315/1055 1000/1203/943
f 915/1110/850 1111/1316/1056 996/1199/939
f 215/1317/1057 1108/1313/1053 915/1110/850
f 1108/1313/1053 1112/1318/1058 1111/1316/1056
f 1111/1316/1056 1109/1314/1054 997/1200/940
f 1112/1318/1058 1113/1319/1059 1109/1314/1054
f 1114/1320/1060 1115/1321/1061 1002/1205/945
f 1113/1319/1059 1116/1322/1062 1110/1315/1055
f 1110/1315/1055 1114/1320/1060 1001/1204/944
f 1116/1322/1062 1117/1323/1063 1114/1320/1060
f 1117/1323/1063 1118/1324/1064 1115/1321/1061
f 1115/1321/1061 1105/1309/1049 1005/1208/948
f 1118/1324/1064 1119/1325/1065 1105/1309/1049
f 1120/1326/1066 1121/1327/1067 1116/1322/1062
f 1107/1312/1052 1122/1328/1068 1112/1318/1058
f 180/1329/1069 1104/1308/1048 1107/1312/1052
f 1123/1330/1070 1120/1326/1066 1122/1328/1068
f 1122/1328/1068 1104/1308/1048 1123/1330/1070
f 1122/1328/1068 1120/1326/1066 1113/1319/1059
f 1124/1331/1071 1125/1332/1072 1118/1324/1064
f 1123/1330/1070 1126/1333/1073 1121/1327/1067
f 1121/1327/1067 1124/1331/1071 1117/1323/1063
f 1126/1333/1073 1127/1334/1074 1124/1331/1071
f 1127/1334/1074 1128/1335/1075 1125/1332/1072
f 1125/1332/1072 1129/1336/1076 1119/1325/1065
f 1128/1335/1075 1130/1337/1077 1129/1336/1076
f 1129/1336/1076 1131/1338/1078 1132/1339/1079
f 1032/1235/975 1031/1234/974 1133/1340/1080
f 1028/1231/971 1027/1230/970 1134/1341/1081
f 1119/1325/1065 1132/1339/1079 1106/1310/1050
f 1106/1310/1050 1134/1341/1081 1027/1230/970
f 1132/1339/1079 1135/1342/1082 1134/1341/1081
f 1135/1342/1082 1136/1343/1083 1137/1344/1084
f 1031/1234/974 1028/1231/971 1137/1344/1084
f 1133/1340/1080 1137/1344/1084 1136/1343/1083
f 1037/1240/980 1034/1237/977 1138/1345/1085
f 1139/1346/1086 1133/1340/1080 1140/1347/1087
f 1034/1237/977 1032/1235/975 1139/1346/1086
f 1138/1345/1085 1139/1346/1086 1141/1348/1088
f 1142/1349/1089 1138/1345/1085 1143/1350/1090
f 1077/1280/1020 1037/1240/980 1142/1349/1089
f 1102/1305/1045 1142/1349/1089 1144/1351/1091
f 1141/1348/1088 1140/1347/1087 1145/1352/1092
f 1146/1353/1093 1147/1354/1094 1136/1343/1083
f 1130/1337/1077 1148/1355/1095 1131/1338/1078
f 1131/1338/1078 1146/1353/1093 1135/1342/1082
f 1148/1355/1095 1149/1356/1096 1146/1353/1093
f 1149/1356/1096 1150/1357/1097 1147/1354/1094
f 1147/1354/1094 1145/1352/1092 1140/1347/1087
f 1150/1357/1097 1151/1358/1098 1145/1352/1092
f 1144/1351/1091 1143/1350/1090 1152/1359/1099
f 1151/1358/1098 1153/1360/1100 1154/1361/1101
f 1143/1350/1090 1141/1348/1088 1154/1361/1101
f 1152/1359/1099 1154/1361/1101 1153/1360/1100
f 1155/1362/1102 1152/1359/1099 1156/1363/1103
f 1157/1364/1104 1144/1351/1091 1155/1362/1102
f 1158/1365/1105 1155/1362/1102 1159/1366/1106
f 1160/1367/1107 1161/1368/1108 1148/1355/1095
f 182/1369/1109 1162/1370/1110 1163/1371/1111
f 1164/1372/1112 1165/1373/1113 1126/1333/1073
f 1103/1307/1047 1164/1372/1112 1123/1330/1070
f 183/1374/1114 1163/1371/1111 1103/1307/1047
f 1163/1371/1111 1166/1375/1115 1164/1372/1112
f 1167/1376/1116 1168/1377/1117 1128/1335/1075
f 1166/1375/1115 1169/1378/1118 1165/1373/1113
f 1165/1373/1113 1167/1376/1116 1127/1334/1074
f 1169/1378/1118 1170/1379/1119 1167/1376/1116
f 1170/1379/1119 1171/1380/1120 1168/1377/1117
f 1168/1377/1117 1160/1367/1107 1130/1337/1077
f 1171/1380/1120 1172/1381/1121 1160/1367/1107
f 1173/1382/1122 1170/1379/1119 1169/1378/1118
f 1169/1378/1118 1174/1383/1123 1173/1382/1122
f 1162/1370/1110 1174/1383/1123 1166/1375/1115
f 158/1384/1124 913/1108/848 1162/1370/1110
f 913/1108/848 1175/1385/1125 1174/1383/1123
f 1173/1382/1122 1176/1386/1126 1171/1380/1120
f 1175/1385/1125 1177/1387/1127 1173/1382/1122
f 1177/1387/1127 1178/1388/1128 1176/1386/1126
f 1176/1386/1126 1179/1389/1129 1172/1381/1121
f 1178/1388/1128 1180/1390/1130 1179/1389/1129
f 1179/1389/1129 1181/1391/1131 1182/1392/1132
f 1183/1393/1133 1184/1394/1134 1153/1360/1100
f 1185/1395/1135 1186/1396/1136 1150/1357/1097
f 1172/1381/1121 1182/1392/1132 1161/1368/1108
f 1161/1368/1108 1185/1395/1135 1149/1356/1096
f 1182/1392/1132 1187/1397/1137 1185/1395/1135
f 1187/1397/1137 1188/1398/1138 1186/1396/1136
f 1186/1396/1136 1183/1393/1133 1151/1358/1098
f 1188/1398/1138 1189/1399/1139 1183/1393/1133
f 1159/1366/1106 1156/1363/1103 1190/1400/1140
f 1189/1399/1139 1191/1401/1141 1184/1394/1134
f 1184/1394/1134 1190/1400/1140 1156/1363/1103
f 1191/1401/1141 1192/1402/1142 1190/1400/1140
f 1192/1402/1142 1193/1403/1143 1194/1404/1144
f 1195/1405/1145 1159/1366/1106 1194/1404/1144
f 1196/1406/1146 1194/1404/1144 1193/1403/1143
f 1197/1407/1147 1198/1408/1148 1191/1401/1141
f 1199/1409/1149 1200/1410/1150 1188/1398/1138
f 1180/1390/1130 1201/1411/1151 1181/1391/1131
f 1181/1391/1131 1199/1409/1149 1187/1397/1137
f 1201/1411/1151 1202/1412/1152 1199/1409/1149
f 1202/1412/1152 1203/1413/1153 1200/1410/1150
f 1200/1410/1150 1197/1407/1147 1189/1399/1139
f 1203/1413/1153 1204/1414/1154 1197/1407/1147
f 1205/1415/1155 1206/1416/1156 1193/1403/1143
f 1204/1414/1154 1207/1417/1157 1198/1408/1148
f 1198/1408/1148 1205/1415/1155 1192/1402/1142
f 1207/1417/1157 1208/1418/1158 1205/1415/1155
f 1208/1418/1158 1209/1419/1159 1206/1416/1156
f 1206/1416/1156 1210/1420/1160 1211/1421/1161
f 1209/1419/1159 1212/1422/1162 1210/1420/1160
f 1213/1423/1163 1195/1405/1145 1196/1406/1146
f 1096/1299/1039 1095/1298/1038 1214/1424/1164
f 1215/1425/1165 1157/1364/1104 1158/1365/1105
f 1084/1287/1027 1082/1285/1025 1216/1426/1166
f 1079/1282/1022 1217/1427/1167 1218/1428/1168
f 1218/1428/1168 1082/1285/1025 1079/1282/1022
f 1219/1429/1169 1102/1305/1045 1157/1364/1104
f 1079/1282/1022 1078/1281/1021 1219/1429/1169
f 1217/1427/1167 1219/1429/1169 1215/1425/1165
f 1218/1428/1168 1217/1427/1167 1220/1430/1170
f 1216/1426/1166 1218/1428/1168 1221/1431/1171
f 1095/1298/1038 1084/1287/1027 1222/1432/1172
f 1222/1432/1172 1216/1426/1166 1223/1433/1173
f 1214/1424/1164 1222/1432/1172 1224/1434/1174
f 1224/1434/1174 1223/1433/1173 1225/1435/1175
f 1221/1431/1171 1220/1430/1170 1226/1436/1176
f 1227/1437/1177 1158/1365/1105 1195/1405/1145
f 1220/1430/1170 1215/1425/1165 1227/1437/1177
f 1226/1436/1176 1227/1437/1177 1213/1423/1163
f 1228/1438/1178 1226/1436/1176 1229/1439/1179
f 1223/1433/1173 1221/1431/1171 1228/1438/1178
f 1225/1435/1175 1228/1438/1178 1230/1440/1180
f 1231/1441/1181 1224/1434/1174 1232/1442/1182
f 1232/1442/1182 1225/1435/1175 1233/1443/1183
f 1234/1444/1184 1232/1442/1182 1235/1445/1185
f 1236/1446/1186 1231/1441/1181 1234/1444/1184
f 1101/1304/1044 1099/1302/1042 1237/1447/1187
f 1099/1302/1042 1096/1299/1039 1238/1448/1188
f 1238/1448/1188 1214/1424/1164 1231/1441/1181
f 1237/1447/1187 1238/1448/1188 1236/1446/1186
f 1239/1449/1189 1101/1304/1044 1240/1450/1190
f 1240/1450/1190 1237/1447/1187 1241/1451/1191
f 1242/1452/1192 1240/1450/1190 1243/1453/1193
f 1243/1453/1193 1241/1451/1191 1244/1454/1194
f 1241/1451/1191 1236/1446/1186 1245/1455/1195
f 1245/1455/1195 1234/1444/1184 1246/1456/1196
f 1244/1454/1194 1245/1455/1195 1247/1457/1197
f 1248/1458/1198 1243/1453/1193 1249/1459/1199
f 1249/1459/1199 1244/1454/1194 1250/1460/1200
f 1251/1461/1201 1249/1459/1199 1252/1462/1202
f 1247/1457/1197 1246/1456/1196 1253/1463/1203
f 1254/1464/1204 1211/1421/1161 1210/1420/1160
f 1235/1445/1185 1233/1443/1183 1255/1465/1205
f 1230/1440/1180 1229/1439/1179 1256/1466/1206
f 1257/1467/1207 1196/1406/1146 1211/1421/1161
f 1229/1439/1179 1213/1423/1163 1257/1467/1207
f 1256/1466/1206 1257/1467/1207 1254/1464/1204
f 1258/1468/1208 1256/1466/1206 1259/1469/1209
f 1233/1443/1183 1230/1440/1180 1258/1468/1208
f 1255/1465/1205 1258/1468/1208 1260/1470/1210
f 1246/1456/1196 1235/1445/1185 1261/1471/1211
f 1261/1471/1211 1255/1465/1205 1262/1472/1212
f 1253/1463/1203 1261/1471/1211 1263/1473/1213
f 1263/1473/1213 1262/1472/1212 1264/1474/1214
f 1260/1470/1210 1259/1469/1209 1265/1475/1215
f 1212/1422/1162 1266/1476/1216 1267/1477/1217
f 1259/1469/1209 1254/1464/1204 1267/1477/1217
f 1265/1475/1215 1267/1477/1217 1266/1476/1216
f 1268/1478/1218 1265/1475/1215 1269/1479/1219
f 1262/1472/1212 1260/1470/1210 1268/1478/1218
f 1264/1474/1214 1268/1478/1218 1270/1480/1220
f 1271/1481/1221 1263/1473/1213 1272/1482/1222
f 1272/1482/1222 1264/1474/1214 1273/1483/1223
f 1274/1484/1224 1272/1482/1222 1275/1485/1225
f 1276/1486/1226 1271/1481/1221 1274/1484/1224
f 1252/1462/1202 1250/1460/1200 1277/1487/1227
f 1250/1460/1200 1247/1457/1197 1278/1488/1228
f 1278/1488/1228 1253/1463/1203 1271/1481/1221
f 1277/1487/1227 1278/1488/1228 1276/1486/1226
f 1279/1489/1229 1252/1462/1202 1280/1490/1230
f 1280/1490/1230 1277/1487/1227 1281/1491/1231
f 1282/1492/1232 1280/1490/1230 1283/1493/1233
f 1283/1493/1233 1281/1491/1231 1284/1494/1234
f 1281/1491/1231 1276/1486/1226 1285/1495/1235
f 1285/1495/1235 1274/1484/1224 1286/1496/1236
f 1284/1494/1234 1285/1495/1235 1287/1497/1237
f 1288/1498/1238 1283/1493/1233 1289/1499/1239
f 1289/1499/1239 1284/1494/1234 1290/1500/1240
f 1291/1501/1241 1289/1499/1239 1292/1502/1242
f 1293/1503/1243 1239/1449/1189 1242/1452/1192
f 1294/1504/1244 906/1100/840 887/1081/821
f 1295/1505/1245 1296/1506/1246 1091/1294/1034
f 1296/1506/1246 1063/1266/1006 1091/1294/1034
f 1297/1507/1247 1298/1508/1248 884/1078/818
f 1298/1508/1248 886/1080/820 884/1078/818
f 1299/1509/1249 914/1109/849 1063/1266/1006
f 876/1070/810 874/1068/808 1300/1510/1250
f 874/1068/808 1301/1511/1251 1302/1512/1252
f 1302/1512/1252 1300/1510/1250 874/1068/808
f 873/1067/807 1299/1509/1249 1302/1512/1252
f 1299/1509/1249 1303/1513/1253 1302/1512/1252
f 1300/1510/1250 1302/1512/1252 1303/1513/1253
f 1297/1507/1247 1300/1510/1250 1304/1514/1254
f 1304/1514/1254 1303/1513/1253 1305/1515/1255
f 1299/1509/1249 1296/1506/1246 1305/1515/1255
f 1296/1506/1246 1306/1516/1256 1305/1515/1255
f 1307/1517/1257 1305/1515/1255 1306/1516/1256
f 1308/1518/1258 1304/1514/1254 1307/1517/1257
f 1309/1519/1259 1307/1517/1257 1310/1520/1260
f 1311/1521/1261 1308/1518/1258 1309/1519/1259
f 887/1081/821 886/1080/820 1298/1508/1248
f 1298/1508/1248 1312/1522/1262 887/1081/821
f 1298/1508/1248 1297/1507/1247 1308/1518/1258
f 1313/1523/1263 1312/1522/1262 1314/1524/1264
f 1312/1522/1262 1311/1521/1261 1314/1524/1264
f 1314/1524/1264 1309/1519/1259 1315/1525/1265
f 1316/1526/1266 1315/1525/1265 1317/1527/1267
f 1295/1505/1245 1097/1300/1040 1100/1303/1043
f 1310/1520/1260 1306/1516/1256 1318/1528/1268
f 1296/1506/1246 1295/1505/1245 1318/1528/1268
f 1295/1505/1245 1319/1529/1269 1318/1528/1268
f 1320/1530/1270 1318/1528/1268 1319/1529/1269
f 1315/1525/1265 1310/1520/1260 1320/1530/1270
f 1317/1527/1267 1320/1530/1270 1321/1531/1271
f 1321/1531/1271 1319/1529/1269 1322/1532/1272
f 1322/1532/1272 1319/1529/1269 1323/1533/1273
f 1319/1529/1269 1295/1505/1245 1323/1533/1273
f 1323/1533/1273 1100/1303/1043 1239/1449/1189
f 1321/1531/1271 1324/1534/1274 1325/1535/1275
f 1324/1534/1274 1326/1536/1276 1325/1535/1275
f 1327/1537/1277 1328/1538/1278 1325/1535/1275
f 1313/1523/1263 1316/1526/1266 1329/1539/1279
f 1329/1539/1279 1317/1527/1267 1328/1538/1278
f 1330/1540/1280 1329/1539/1279 1327/1537/1277
f 1331/1541/1281 1327/1537/1277 1332/1542/1282
f 1325/1535/1275 1326/1536/1276 1333/1543/1283
f 1333/1543/1283 1332/1542/1282 1325/1535/1275
f 1334/1544/1284 1332/1542/1282 1335/1545/1285
f 1336/1546/1286 1337/1547/1287 1330/1540/1280
f 1337/1547/1287 1313/1523/1263 1330/1540/1280
f 1338/1548/1288 911/1105/845 907/1101/841
f 1294/1504/1244 1312/1522/1262 1313/1523/1263
f 1339/1549/1289 907/1101/841 906/1100/840
f 1340/1550/1290 1339/1549/1289 1294/1504/1244
f 1341/1551/1291 1338/1548/1288 1339/1549/1289
f 253/368/108 229/339/79 911/1105/845
f 250/365/105 253/368/108 1338/1548/1288
f 1341/1551/1291 1340/1550/1290 1342/1552/1292
f 1343/1553/1293 1336/1546/1286 1334/1544/1284
f 1336/1546/1286 1331/1541/1281 1334/1544/1284
f 1340/1550/1290 1337/1547/1287 1336/1546/1286
f 1342/1552/1292 1336/1546/1286 1343/1553/1293
f 1344/1554/1294 1342/1552/1292 1345/1555/1295
f 250/365/105 1341/1551/1291 1344/1554/1294
f 251/366/106 1344/1554/1294 1346/1556/1296
f 1347/1557/1297 1343/1553/1293 1348/1558/1298
f 1343/1553/1293 1349/1559/1299 1348/1558/1298
f 1350/1560/1300 1279/1489/1229 1282/1492/1232
f 1333/1543/1283 1326/1536/1276 1351/1561/1301
f 1352/1562/1302 1248/1458/1198 1251/1461/1201
f 1353/1563/1303 1324/1534/1274 1354/1564/1304
f 1324/1534/1274 1322/1532/1272 1354/1564/1304
f 1322/1532/1272 1293/1503/1243 1355/1565/1305
f 1355/1565/1305 1242/1452/1192 1248/1458/1198
f 1354/1564/1304 1355/1565/1305 1352/1562/1302
f 1324/1534/1274 1353/1563/1303 1351/1561/1301
f 1353/1563/1303 1356/1566/1306 1351/1561/1301
f 1353/1563/1303 1357/1567/1307 1358/1568/1308
f 1357/1567/1307 1352/1562/1302 1359/1569/1309
f 1359/1569/1309 1251/1461/1201 1279/1489/1229
f 1358/1568/1308 1359/1569/1309 1350/1560/1300
f 1360/1570/1310 1361/1571/1311 1362/1572/1312
f 1356/1566/1306 1353/1563/1303 1361/1571/1311
f 1361/1571/1311 1360/1570/1310 1356/1566/1306
f 1361/1571/1311 1358/1568/1308 1363/1573/1313
f 1364/1574/1314 1356/1566/1306 1360/1570/1310
f 1349/1559/1299 1335/1545/1285 1365/1575/1315
f 1366/1576/1316 1351/1561/1301 1356/1566/1306
f 1335/1545/1285 1333/1543/1283 1366/1576/1316
f 1365/1575/1315 1366/1576/1316 1364/1574/1314
f 1348/1558/1298 1365/1575/1315 1367/1577/1317
f 1368/1578/1318 1367/1577/1317 1369/1579/1319
f 1370/1580/1320 1360/1570/1310 1371/1581/1321
f 1367/1577/1317 1364/1574/1314 1370/1580/1320
f 1369/1579/1319 1370/1580/1320 1372/1582/1322
f 1373/1583/1323 1369/1579/1319 1374/1584/1324
f 1372/1582/1322 1371/1581/1321 1375/1585/1325
f 1376/1586/1326 1288/1498/1238 1291/1501/1241
f 1362/1572/1312 1363/1573/1313 1377/1587/1327
f 1363/1573/1313 1350/1560/1300 1378/1588/1328
f 1378/1588/1328 1282/1492/1232 1288/1498/1238
f 1377/1587/1327 1378/1588/1328 1376/1586/1326
f 1375/1585/1325 1379/1589/1329 1380/1590/1330
f 1371/1581/1321 1362/1572/1312 1379/1589/1329
f 1379/1589/1329 1375/1585/1325 1371/1581/1321
f 1379/1589/1329 1377/1587/1327 1381/1591/1331
f 1380/1590/1330 1381/1591/1331 1382/1592/1332
f 1381/1591/1331 1376/1586/1326 1383/1593/1333
f 1383/1593/1333 1291/1501/1241 1384/1594/1334
f 1382/1592/1332 1383/1593/1333 1385/1595/1335
f 1386/1596/1336 1380/1590/1330 1387/1597/1337
f 1387/1597/1337 1382/1592/1332 1388/1598/1338
f 1389/1599/1339 1387/1597/1337 1390/1600/1340
f 1391/1601/1341 1386/1596/1336 1389/1599/1339
f 1392/1602/1342 1374/1584/1324 1393/1603/1343
f 1394/1604/1344 1375/1585/1325 1386/1596/1336
f 1374/1584/1324 1372/1582/1322 1394/1604/1344
f 1393/1603/1343 1394/1604/1344 1391/1601/1341
f 1395/1605/1345 1393/1603/1343 1396/1606/1346
f 1397/1607/1347 1396/1606/1346 1398/1608/1348
f 1399/1609/1349 1389/1599/1339 1400/1610/1350
f 1396/1606/1346 1391/1601/1341 1399/1609/1349
f 1398/1608/1348 1399/1609/1349 1401/1611/1351
f 1402/1612/1352 1398/1608/1348 1403/1613/1353
f 1404/1614/1354 1392/1602/1342 1395/1605/1345
f 1346/1556/1296 1345/1555/1295 1405/1615/1355
f 1347/1557/1297 1368/1578/1318 1373/1583/1323
f 1345/1555/1295 1343/1553/1293 1347/1557/1297
f 1406/1616/1356 1405/1615/1355 1407/1617/1357
f 1405/1615/1355 1347/1557/1297 1407/1617/1357
f 1407/1617/1357 1373/1583/1323 1392/1602/1342
f 1408/1618/1358 1405/1615/1355 1406/1616/1356
f 244/359/99 1346/1556/1296 1408/1618/1358
f 245/360/100 1408/1618/1358 1409/1619/1359
f 1409/1619/1359 1406/1616/1356 1410/1620/1360
f 1411/1621/1361 1397/1607/1347 1402/1612/1352
f 1406/1616/1356 1412/1622/1362 1411/1621/1361
f 1406/1616/1356 1404/1614/1354 1412/1622/1362
f 1412/1622/1362 1395/1605/1345 1397/1607/1347
f 1410/1620/1360 1411/1621/1361 1413/1623/1363
f 1413/1623/1363 1402/1612/1352 1414/1624/1364
f 1415/1625/1365 1413/1623/1363 1416/1626/1366
f 1417/1627/1367 1415/1625/1365 1418/1628/1368
f 1417/1627/1367 1410/1620/1360 1415/1625/1365
f 261/376/116 1409/1619/1359 1417/1627/1367
f 262/377/117 1417/1627/1367 1419/1629/1369
f 1385/1595/1335 1384/1594/1334 1420/1630/1370
f 146/1631/1371 207/1632/1372 1421/1633/1373
f 207/1632/1372 1422/1634/1374 1421/1633/1373
f 1423/1635/1375 1424/1636/1376 1266/1476/1216
f 175/1637/1377 1425/1638/1378 1426/1639/1379
f 1427/1640/1380 1428/1641/1381 1201/1411/1151
f 195/1642/1382 1429/1643/1383 1430/1644/1384
f 1431/1645/1385 1432/1646/1386 1177/1387/1127
f 912/1107/847 1431/1645/1385 1175/1385/1125
f 173/1647/1387 1430/1644/1384 912/1107/847
f 1430/1644/1384 1433/1648/1388 1431/1645/1385
f 1427/1640/1380 1180/1390/1130 1178/1388/1128
f 1178/1388/1128 1432/1646/1386 1427/1640/1380
f 1433/1648/1388 1434/1649/1389 1432/1646/1386
f 1434/1649/1389 1435/1650/1390 1427/1640/1380
f 1436/1651/1391 1437/1652/1392 1434/1649/1389
f 1429/1643/1383 1436/1651/1391 1433/1648/1388
f 176/1653/1393 1426/1639/1379 1429/1643/1383
f 1426/1639/1379 1438/1654/1394 1436/1651/1391
f 1437/1652/1392 1439/1655/1395 1435/1650/1390
f 1438/1654/1394 1440/1656/1396 1437/1652/1392
f 1440/1656/1396 1441/1657/1397 1439/1655/1395
f 1439/1655/1395 1442/1658/1398 1443/1659/1399
f 1444/1660/1400 1445/1661/1401 1207/1417/1157
f 1446/1662/1402 1447/1663/1403 1203/1413/1153
f 1443/1659/1399 1446/1662/1402 1428/1641/1381
f 1428/1641/1381 1435/1650/1390 1443/1659/1399
f 1428/1641/1381 1446/1662/1402 1202/1412/1152
f 1443/1659/1399 1448/1664/1404 1447/1663/1403
f 1447/1663/1403 1444/1660/1400 1204/1414/1154
f 1448/1664/1404 1449/1665/1405 1444/1660/1400
f 1450/1666/1406 1451/1667/1407 1209/1419/1159
f 1449/1665/1405 1452/1668/1408 1445/1661/1401
f 1445/1661/1401 1450/1666/1406 1208/1418/1158
f 1452/1668/1408 1453/1669/1409 1450/1666/1406
f 1453/1669/1409 1454/1670/1410 1451/1667/1407
f 1451/1667/1407 1423/1635/1375 1212/1422/1162
f 1454/1670/1410 1455/1671/1411 1423/1635/1375
f 1456/1672/1412 1457/1673/1413 1452/1668/1408
f 1456/1672/1412 1449/1665/1405 1448/1664/1404
f 1448/1664/1404 1442/1658/1398 1456/1672/1412
f 1441/1657/1397 1458/1674/1414 1442/1658/1398
f 1458/1674/1414 1459/1675/1415 1456/1672/1412
f 1460/1676/1416 1461/1677/1417 1454/1670/1410
f 1462/1678/1418 1460/1676/1416 1457/1673/1413
f 1457/1673/1413 1459/1675/1415 1462/1678/1418
f 1457/1673/1413 1460/1676/1416 1453/1669/1409
f 1463/1679/1419 1464/1680/1420 1461/1677/1417
f 1461/1677/1417 1462/1678/1418 1463/1679/1419
f 1461/1677/1417 1464/1680/1420 1455/1671/1411
f 1465/1681/1421 1466/1682/1422 1458/1674/1414
f 197/1683/1423 1467/1684/1424 1468/1685/1425
f 1469/1686/1426 1470/1687/1427 1440/1656/1396
f 1425/1638/1378 1469/1686/1426 1438/1654/1394
f 196/1688/1428 1468/1685/1425 1425/1638/1378
f 1468/1685/1425 1471/1689/1429 1469/1686/1426
f 1470/1687/1427 1465/1681/1421 1441/1657/1397
f 1471/1689/1429 1472/1690/1430 1470/1687/1427
f 1472/1690/1430 1473/1691/1431 1465/1681/1421
f 1474/1692/1432 1475/1693/1433 1472/1690/1430
f 1467/1684/1424 1474/1692/1432 1471/1689/1429
f 146/1631/1371 1476/1694/1434 1467/1684/1424
f 1476/1694/1434 1477/1695/1435 1474/1692/1432
f 1475/1693/1433 1478/1696/1436 1473/1691/1431
f 1477/1695/1435 1479/1697/1437 1475/1693/1433
f 1479/1697/1437 1480/1698/1438 1478/1696/1436
f 1478/1696/1436 1481/1699/1439 1482/1700/1440
f 1483/1701/1441 1484/1702/1442 1462/1678/1418
f 1466/1682/1422 1483/1701/1441 1459/1675/1415
f 1473/1691/1431 1482/1700/1440 1466/1682/1422
f 1482/1700/1440 1485/1703/1443 1483/1701/1441
f 1484/1702/1442 1486/1704/1444 1463/1679/1419
f 1485/1703/1443 1487/1705/1445 1484/1702/1442
f 1487/1705/1445 1488/1706/1446 1486/1704/1444
f 1489/1707/1447 1490/1708/1448 1487/1705/1445
f 1481/1699/1439 1489/1707/1447 1485/1703/1443
f 1480/1698/1438 1491/1709/1449 1481/1699/1439
f 1491/1709/1449 1492/1710/1450 1489/1707/1447
f 1490/1708/1448 1493/1711/1451 1488/1706/1446
f 1492/1710/1450 1494/1712/1452 1490/1708/1448
f 1494/1712/1452 1495/1713/1453 1493/1711/1451
f 1486/1704/1444 1496/1714/1454 1497/1715/1455
f 1287/1497/1237 1286/1496/1236 1498/1716/1456
f 1464/1680/1420 1499/1717/1457 1500/1718/1458
f 1501/1719/1459 1502/1720/1460 1275/1485/1225
f 1270/1480/1220 1269/1479/1219 1503/1721/1461
f 1455/1671/1411 1500/1718/1458 1424/1636/1376
f 1424/1636/1376 1503/1721/1461 1269/1479/1219
f 1500/1718/1458 1504/1722/1462 1503/1721/1461
f 1505/1723/1463 1501/1719/1459 1506/1724/1464
f 1506/1724/1464 1504/1722/1462 1505/1723/1463
f 1273/1483/1223 1270/1480/1220 1506/1724/1464
f 1286/1496/1236 1275/1485/1225 1502/1720/1460
f 1505/1723/1463 1507/1725/1465 1502/1720/1460
f 1507/1725/1465 1508/1726/1466 1498/1716/1456
f 1509/1727/1467 1510/1728/1468 1507/1725/1465
f 1511/1729/1469 1509/1727/1467 1505/1723/1463
f 1497/1715/1455 1511/1729/1469 1499/1717/1457
f 1499/1717/1457 1463/1679/1419 1497/1715/1455
f 1499/1717/1457 1511/1729/1469 1504/1722/1462
f 1497/1715/1455 1512/1730/1470 1509/1727/1467
f 1510/1728/1468 1513/1731/1471 1508/1726/1466
f 1512/1730/1470 1514/1732/1472 1510/1728/1468
f 1514/1732/1472 1515/1733/1473 1513/1731/1471
f 1513/1731/1471 1516/1734/1474 1517/1735/1475
f 1292/1502/1242 1290/1500/1240 1518/1736/1476
f 1290/1500/1240 1287/1497/1237 1519/1737/1477
f 1519/1737/1477 1498/1716/1456 1508/1726/1466
f 1518/1736/1476 1519/1737/1477 1517/1735/1475
f 1384/1594/1334 1292/1502/1242 1520/1738/1478
f 1520/1738/1478 1518/1736/1476 1521/1739/1479
f 1420/1630/1370 1520/1738/1478 1522/1740/1480
f 1522/1740/1480 1521/1739/1479 1523/1741/1481
f 1521/1739/1479 1517/1735/1475 1516/1734/1474
f 1515/1733/1473 1524/1742/1482 1516/1734/1474
f 1523/1741/1481 1516/1734/1474 1524/1742/1482
f 1525/1743/1483 1522/1740/1480 1526/1744/1484
f 1526/1744/1484 1523/1741/1481 1527/1745/1485
f 1528/1746/1486 1526/1744/1484 1529/1747/1487
f 1530/1748/1488 1531/1749/1489 1524/1742/1482
f 1493/1711/1451 1532/1750/1490 1533/1751/1491
f 1534/1752/1492 1535/1753/1493 1514/1732/1472
f 1496/1714/1454 1534/1752/1492 1512/1730/1470
f 1488/1706/1446 1533/1751/1491 1496/1714/1454
f 1533/1751/1491 1536/1754/1494 1534/1752/1492
f 1535/1753/1493 1530/1748/1488 1515/1733/1473
f 1536/1754/1494 1537/1755/1495 1535/1753/1493
f 1537/1755/1495 1538/1756/1496 1530/1748/1488
f 1539/1757/1497 1540/1758/1498 1537/1755/1495
f 1532/1750/1490 1539/1757/1497 1536/1754/1494
f 1495/1713/1453 1541/1759/1499 1532/1750/1490
f 1541/1759/1499 1542/1760/1500 1539/1757/1497
f 1540/1758/1498 1543/1761/1501 1538/1756/1496
f 1542/1760/1500 1544/1762/1502 1540/1758/1498
f 1544/1762/1502 1545/1763/1503 1543/1761/1501
f 1543/1761/1501 1546/1764/1504 1547/1765/1505
f 1529/1747/1487 1527/1745/1485 1548/1766/1506
f 1531/1749/1489 1548/1766/1506 1527/1745/1485
f 1538/1756/1496 1547/1765/1505 1531/1749/1489
f 1547/1765/1505 1549/1767/1507 1548/1766/1506
f 1550/1768/1508 1529/1747/1487 1551/1769/1509
f 1549/1767/1507 1552/1770/1510 1551/1769/1509
f 1553/1771/1511 1551/1769/1509 1552/1770/1510
f 1554/1772/1512 1555/1773/1513 1552/1770/1510
f 1546/1764/1504 1554/1772/1512 1549/1767/1507
f 1545/1763/1503 1556/1774/1514 1546/1764/1504
f 1556/1774/1514 1557/1775/1515 1554/1772/1512
f 1558/1776/1516 1552/1770/1510 1555/1773/1513
f 1557/1775/1515 1559/1777/1517 1555/1773/1513
f 1559/1777/1517 1560/1778/1518 1561/1779/1519
f 1562/1780/1520 1563/1781/1521 1541/1759/1499
f 209/1782/1522 1564/1783/1523 1565/1784/1524
f 1566/1785/1525 1567/1786/1526 1491/1709/1449
f 210/1787/1527 1565/1784/1524 1422/1634/1374
f 1568/1788/1528 1569/1789/1529 1479/1697/1437
f 1421/1633/1373 1568/1788/1528 1477/1695/1435
f 1422/1634/1374 1570/1790/1530 1568/1788/1528
f 1569/1789/1529 1566/1785/1525 1480/1698/1438
f 1570/1790/1530 1571/1791/1531 1569/1789/1529
f 1571/1791/1531 1572/1792/1532 1566/1785/1525
f 1573/1793/1533 1574/1794/1534 1571/1791/1531
f 1422/1634/1374 1565/1784/1524 1573/1793/1533
f 1565/1784/1524 1575/1795/1535 1573/1793/1533
f 1574/1794/1534 1576/1796/1536 1572/1792/1532
f 1575/1795/1535 1577/1797/1537 1574/1794/1534
f 1577/1797/1537 1578/1798/1538 1576/1796/1536
f 1576/1796/1536 1579/1799/1539 1580/1800/1540
f 1581/1801/1541 1582/1802/1542 1494/1712/1452
f 1567/1786/1526 1581/1801/1541 1492/1710/1450
f 1572/1792/1532 1580/1800/1540 1567/1786/1526
f 1580/1800/1540 1583/1803/1543 1581/1801/1541
f 1582/1802/1542 1562/1780/1520 1495/1713/1453
f 1583/1803/1543 1584/1804/1544 1582/1802/1542
f 1584/1804/1544 1585/1805/1545 1562/1780/1520
f 1586/1806/1546 1587/1807/1547 1584/1804/1544
f 1579/1799/1539 1586/1806/1546 1583/1803/1543
f 1578/1798/1538 1588/1808/1548 1579/1799/1539
f 1588/1808/1548 1589/1809/1549 1586/1806/1546
f 1587/1807/1547 1590/1810/1550 1585/1805/1545
f 1589/1809/1549 1591/1811/1551 1587/1807/1547
f 1591/1811/1551 1592/1812/1552 1590/1810/1550
f 1593/1813/1553 1594/1814/1554 1588/1808/1548
f 135/1815/1555 134/1816/1556 1564/1783/1523
f 1595/1817/1557 1596/1818/1558 1577/1797/1537
f 1564/1783/1523 1595/1817/1557 1575/1795/1535
f 1577/1797/1537 1596/1818/1558 1593/1813/1553
f 1596/1818/1558 1597/1819/1559 1593/1813/1553
f 133/1820/1560 126/1821/1561 1596/1818/1558
f 134/1816/1556 133/1820/1560 1595/1817/1557
f 126/1821/1561 89/1822/1562 1597/1819/1559
f 1597/1819/1559 89/1822/1562 1598/1823/1563
f 89/1822/1562 88/1824/1564 1598/1823/1563
f 1599/1825/1565 1600/1826/1566 1591/1811/1551
f 1594/1814/1554 1599/1825/1565 1589/1809/1549
f 1597/1819/1559 1601/1827/1567 1594/1814/1554
f 1601/1827/1567 1602/1828/1568 1599/1825/1565
f 1600/1826/1566 1603/1829/1569 1592/1812/1552
f 1602/1828/1568 1604/1830/1570 1600/1826/1566
f 1604/1830/1570 1605/1831/1571 1603/1829/1569
f 1606/1832/1572 1607/1833/1573 1604/1830/1570
f 1598/1823/1563 1606/1832/1572 1602/1828/1568
f 88/1824/1564 90/1834/1574 1606/1832/1572
f 1607/1833/1573 1608/1835/1575 1605/1831/1571
f 90/1834/1574 91/1836/1576 1607/1833/1573
f 91/1836/1576 92/1837/1577 1608/1835/1575
f 1603/1829/1569 1609/1838/1578 1610/1839/1579
f 1611/1840/1580 1612/1841/1581 1556/1774/1514
f 1590/1810/1550 1613/1842/1582 1614/1843/1583
f 1615/1844/1584 1616/1845/1585 1544/1762/1502
f 1563/1781/1521 1615/1844/1584 1542/1760/1500
f 1585/1805/1545 1614/1843/1583 1563/1781/1521
f 1614/1843/1583 1617/1846/1586 1615/1844/1584
f 1616/1845/1585 1611/1840/1580 1545/1763/1503
f 1617/1846/1586 1618/1847/1587 1616/1845/1585
f 1618/1847/1587 1619/1848/1588 1611/1840/1580
f 1620/1849/1589 1621/1850/1590 1618/1847/1587
f 1613/1842/1582 1620/1849/1589 1617/1846/1586
f 1592/1812/1552 1610/1839/1579 1613/1842/1582
f 1610/1839/1579 1622/1851/1591 1620/1849/1589
f 1621/1850/1590 1623/1852/1592 1619/1848/1588
f 1622/1851/1591 1624/1853/1593 1621/1850/1590
f 1624/1853/1593 1625/1854/1594 1623/1852/1592
f 1623/1852/1592 1626/1855/1595 1627/1856/1596
f 1628/1857/1597 1629/1858/1598 1559/1777/1517
f 1612/1841/1581 1628/1857/1597 1557/1775/1515
f 1619/1848/1588 1627/1856/1596 1612/1841/1581
f 1627/1856/1596 1630/1859/1599 1628/1857/1597
f 1629/1858/1598 1631/1860/1600 1560/1778/1518
f 1630/1859/1599 1632/1861/1601 1629/1858/1598
f 1632/1861/1601 1633/1862/1602 1631/1860/1600
f 1634/1863/1603 1635/1864/1604 1632/1861/1601
f 1626/1855/1595 1634/1863/1603 1630/1859/1599
f 1625/1854/1594 1636/1865/1605 1626/1855/1595
f 1636/1865/1605 1637/1866/1606 1634/1863/1603
f 1635/1864/1604 1638/1867/1607 1633/1862/1602
f 1637/1866/1606 1639/1868/1608 1635/1864/1604
f 1639/1868/1608 1640/1869/1609 1638/1867/1607
f 1641/1870/1610 1642/1871/1611 1636/1865/1605
f 1608/1835/1575 1643/1872/1612 1644/1873/1613
f 1645/1874/1614 1646/1875/1615 1624/1853/1593
f 1609/1838/1578 1645/1874/1614 1622/1851/1591
f 1605/1831/1571 1644/1873/1613 1609/1838/1578
f 1644/1873/1613 1647/1876/1616 1645/1874/1614
f 1646/1875/1615 1641/1870/1610 1625/1854/1594
f 1647/1876/1616 1648/1877/1617 1646/1875/1615
f 1648/1877/1617 1649/1878/1618 1641/1870/1610
f 1650/1879/1619 1651/1880/1620 1648/1877/1617
f 1643/1872/1612 1650/1879/1619 1647/1876/1616
f 92/1837/1577 93/1881/1621 1643/1872/1612
f 93/1881/1621 94/1882/1622 1650/1879/1619
f 1651/1880/1620 1652/1883/1623 1649/1878/1618
f 94/1882/1622 95/1884/1624 1651/1880/1620
f 95/1884/1624 96/1885/1625 1652/1883/1623
f 1652/1883/1623 1653/1886/1626 1654/1887/1627
f 1655/1888/1628 1656/1889/1629 1639/1868/1608
f 1642/1871/1611 1655/1888/1628 1637/1866/1606
f 1649/1878/1618 1654/1887/1627 1642/1871/1611
f 1654/1887/1627 1657/1890/1630 1655/1888/1628
f 1656/1889/1629 1658/1891/1631 1640/1869/1609
f 1657/1890/1630 1659/1892/1632 1656/1889/1629
f 1659/1892/1632 1660/1893/1633 1658/1891/1631
f 1661/1894/1634 1662/1895/1635 1659/1892/1632
f 1653/1886/1626 1661/1894/1634 1657/1890/1630
f 96/1885/1625 97/1896/1636 1653/1886/1626
f 97/1896/1636 98/1897/1637 1661/1894/1634
f 1662/1895/1635 1663/1898/1638 1660/1893/1633
f 98/1897/1637 99/1899/1639 1662/1895/1635
f 99/1899/1639 100/1900/1640 1663/1898/1638
f 1631/1860/1600 1664/1901/1641 1665/1902/1642
f 1416/1626/1366 1414/1624/1364 1666/1903/1643
f 1667/1904/1644 1550/1768/1508 1553/1771/1511
f 1401/1611/1351 1400/1610/1350 1668/1905/1645
f 1669/1906/1646 1525/1743/1483 1528/1746/1486
f 1390/1600/1340 1388/1598/1338 1670/1907/1647
f 1388/1598/1338 1385/1595/1335 1671/1908/1648
f 1671/1908/1648 1420/1630/1370 1525/1743/1483
f 1670/1907/1647 1671/1908/1648 1669/1906/1646
f 1400/1610/1350 1390/1600/1340 1672/1909/1649
f 1672/1909/1649 1670/1907/1647 1673/1910/1650
f 1668/1905/1645 1672/1909/1649 1674/1911/1651
f 1674/1911/1651 1673/1910/1650 1675/1912/1652
f 1673/1910/1650 1669/1906/1646 1676/1913/1653
f 1676/1913/1653 1528/1746/1486 1550/1768/1508
f 1675/1912/1652 1676/1913/1653 1667/1904/1644
f 1677/1914/1654 1674/1911/1651 1678/1915/1655
f 1678/1915/1655 1675/1912/1652 1679/1916/1656
f 1680/1917/1657 1678/1915/1655 1681/1918/1658
f 1682/1919/1659 1677/1914/1654 1680/1917/1657
f 1403/1613/1353 1683/1920/1660 1684/1921/1661
f 1684/1921/1661 1414/1624/1364 1403/1613/1353
f 1685/1922/1662 1668/1905/1645 1677/1914/1654
f 1403/1613/1353 1401/1611/1351 1685/1922/1662
f 1683/1920/1660 1685/1922/1662 1682/1919/1659
f 1684/1921/1661 1683/1920/1660 1686/1923/1663
f 1666/1903/1643 1684/1921/1661 1687/1924/1664
f 1687/1924/1664 1686/1923/1663 1688/1925/1665
f 1689/1926/1666 1680/1917/1657 1690/1927/1667
f 1686/1923/1663 1682/1919/1659 1689/1926/1666
f 1688/1925/1665 1689/1926/1666 1691/1928/1668
f 1692/1929/1669 1688/1925/1665 1693/1930/1670
f 1694/1931/1671 1687/1924/1664 1692/1929/1669
f 1695/1932/1672 1692/1929/1669 1696/1933/1673
f 1691/1928/1668 1690/1927/1667 1697/1934/1674
f 1698/1935/1675 1558/1776/1516 1561/1779/1519
f 1681/1918/1658 1679/1916/1656 1699/1936/1676
f 1679/1916/1656 1667/1904/1644 1700/1937/1677
f 1700/1937/1677 1553/1771/1511 1558/1776/1516
f 1699/1936/1676 1700/1937/1677 1698/1935/1675
f 1690/1927/1667 1681/1918/1658 1701/1938/1678
f 1701/1938/1678 1699/1936/1676 1702/1939/1679
f 1697/1934/1674 1701/1938/1678 1703/1940/1680
f 1703/1940/1680 1702/1939/1679 1704/1941/1681
f 1702/1939/1679 1698/1935/1675 1705/1942/1682
f 1705/1942/1682 1561/1779/1519 1560/1778/1518
f 1704/1941/1681 1705/1942/1682 1665/1902/1642
f 1706/1943/1683 1703/1940/1680 1707/1944/1684
f 1707/1944/1684 1704/1941/1681 1708/1945/1685
f 1709/1946/1686 1707/1944/1684 1710/1947/1687
f 1711/1948/1688 1706/1943/1683 1709/1946/1686
f 1696/1933/1673 1693/1930/1670 1712/1949/1689
f 1713/1950/1690 1697/1934/1674 1706/1943/1683
f 1693/1930/1670 1691/1928/1668 1713/1950/1690
f 1712/1949/1689 1713/1950/1690 1711/1948/1688
f 1714/1951/1691 1712/1949/1689 1715/1952/1692
f 1716/1953/1693 1696/1933/1673 1714/1951/1691
f 1717/1954/1694 1714/1951/1691 1718/1955/1695
f 1718/1955/1695 1715/1952/1692 1719/1956/1696
f 1720/1957/1697 1709/1946/1686 1721/1958/1698
f 1715/1952/1692 1711/1948/1688 1720/1957/1697
f 1719/1956/1696 1720/1957/1697 1722/1959/1699
f 1723/1960/1700 1719/1956/1696 1724/1961/1701
f 1725/1962/1702 1718/1955/1695 1723/1960/1700
f 1726/1963/1703 1723/1960/1700 1727/1964/1704
f 1728/1965/1705 1716/1953/1693 1717/1954/1694
f 1419/1629/1369 1729/1966/1706 1730/1967/1707
f 1419/1629/1369 1418/1628/1368 1729/1966/1706
f 1731/1968/1708 1694/1931/1671 1695/1932/1672
f 1418/1628/1368 1416/1626/1366 1732/1969/1709
f 1732/1969/1709 1666/1903/1643 1694/1931/1671
f 1729/1966/1706 1732/1969/1709 1731/1968/1708
f 1730/1967/1707 1731/1968/1708 1733/1970/1710
f 1733/1970/1710 1695/1932/1672 1716/1953/1693
f 1734/1971/1711 1733/1970/1710 1728/1965/1705
f 1735/1972/1712 1734/1971/1711 1736/1973/1713
f 1735/1972/1712 1730/1967/1707 1734/1971/1711
f 238/353/93 1419/1629/1369 1735/1972/1712
f 239/354/94 1735/1972/1712 1737/1974/1714
f 1737/1974/1714 1738/1975/1715 1739/1976/1716
f 1737/1974/1714 1736/1973/1713 1738/1975/1715
f 1740/1977/1717 1725/1962/1702 1726/1963/1703
f 1736/1973/1713 1728/1965/1705 1741/1978/1718
f 1741/1978/1718 1717/1954/1694 1725/1962/1702
f 1738/1975/1715 1741/1978/1718 1740/1977/1717
f 1739/1976/1716 1740/1977/1717 1742/1979/1719
f 1742/1979/1719 1726/1963/1703 1743/1980/1720
f 1744/1981/1721 1742/1979/1719 1745/1982/1722
f 1746/1983/1723 1739/1976/1716 1744/1981/1721
f 290/405/145 1737/1974/1714 1746/1983/1723
f 291/406/146 1747/1984/1724 1748/1985/1725
f 291/406/146 1746/1983/1723 1747/1984/1724
f 1747/1984/1724 1744/1981/1721 1749/1986/1726
f 1745/1982/1722 1743/1980/1720 1750/1987/1727
f 1658/1891/1631 1751/1988/1728 1752/1989/1729
f 1722/1959/1699 1721/1958/1698 1753/1990/1730
f 1638/1867/1607 1754/1991/1731 1755/1992/1732
f 1710/1947/1687 1708/1945/1685 1756/1993/1733
f 1708/1945/1685 1665/1902/1642 1664/1901/1641
f 1633/1862/1602 1755/1992/1732 1664/1901/1641
f 1756/1993/1733 1664/1901/1641 1755/1992/1732
f 1721/1958/1698 1710/1947/1687 1757/1994/1734
f 1757/1994/1734 1756/1993/1733 1758/1995/1735
f 1753/1990/1730 1757/1994/1734 1759/1996/1736
f 1759/1996/1736 1758/1995/1735 1760/1997/1737
f 1754/1991/1731 1760/1997/1737 1758/1995/1735
f 1640/1869/1609 1752/1989/1729 1754/1991/1731
f 1752/1989/1729 1761/1998/1738 1760/1997/1737
f 1762/1999/1739 1759/1996/1736 1763/2000/1740
f 1761/1998/1738 1764/2001/1741 1763/2000/1740
f 1765/2002/1742 1763/2000/1740 1764/2001/1741
f 1766/2003/1743 1762/1999/1739 1765/2002/1742
f 1727/1964/1704 1724/1961/1701 1767/2004/1744
f 1768/2005/1745 1753/1990/1730 1762/1999/1739
f 1724/1961/1701 1722/1959/1699 1768/2005/1745
f 1767/2004/1744 1768/2005/1745 1766/2003/1743
f 1769/2006/1746 1767/2004/1744 1770/2007/1747
f 1743/1980/1720 1727/1964/1704 1769/2006/1746
f 1750/1987/1727 1769/2006/1746 1771/2008/1748
f 1771/2008/1748 1770/2007/1747 1772/2009/1749
f 1773/2010/1750 1765/2002/1742 1774/2011/1751
f 1770/2007/1747 1766/2003/1743 1773/2010/1750
f 1772/2009/1749 1773/2010/1750 1775/2012/1752
f 1776/2013/1753 1772/2009/1749 1777/2014/1754
f 1778/2015/1755 1771/2008/1748 1776/2013/1753
f 1779/2016/1756 1776/2013/1753 1780/2017/1757
f 1775/2012/1752 1774/2011/1751 1781/2018/1758
f 1663/1898/1638 1782/2019/1759 1783/2020/1760
f 1784/2021/1761 1785/2022/1762 1764/2001/1741
f 1751/1988/1728 1784/2021/1761 1761/1998/1738
f 1660/1893/1633 1783/2020/1760 1751/1988/1728
f 1783/2020/1760 1786/2023/1763 1784/2021/1761
f 1774/2011/1751 1764/2001/1741 1785/2022/1762
f 1786/2023/1763 1787/2024/1764 1785/2022/1762
f 1787/2024/1764 1788/2025/1765 1781/2018/1758
f 1789/2026/1766 1790/2027/1767 1787/2024/1764
f 1782/2019/1759 1789/2026/1766 1786/2023/1763
f 100/1900/1640 101/2028/1768 1782/2019/1759
f 101/2028/1768 102/2029/1769 1789/2026/1766
f 1791/2030/1770 1788/2025/1765 1790/2027/1767
f 1788/2025/1765 1787/2024/1764 1790/2027/1767
f 103/2031/1771 107/2032/1772 1791/2030/1770
f 102/2029/1769 103/2031/1771 1790/2027/1767
f 1791/2030/1770 1792/2033/1773 1793/2034/1774
f 1780/2017/1757 1777/2014/1754 1794/2035/1775
f 1795/2036/1776 1781/2018/1758 1788/2025/1765
f 1777/2014/1754 1775/2012/1752 1795/2036/1776
f 1794/2035/1775 1795/2036/1776 1793/2034/1774
f 1796/2037/1777 1794/2035/1775 1797/2038/1778
f 1798/2039/1779 1780/2017/1757 1796/2037/1777
f 1799/2040/1780 1796/2037/1777 1800/2041/1781
f 1800/2041/1781 1797/2038/1778 1801/2042/1782
f 107/2032/1772 109/2043/1783 1792/2033/1773
f 1797/2038/1778 1793/2034/1774 1792/2033/1773
f 1801/2042/1782 1792/2033/1773 109/2043/1783
f 1802/2044/1784 1801/2042/1782 111/2045/1785
f 1803/2046/1786 1800/2041/1781 1802/2044/1784
f 1804/2047/1787 1802/2044/1784 113/2048/1788
f 1805/2049/1789 1798/2039/1779 1799/2040/1780
f 1748/1985/1725 1749/1986/1726 1806/2050/1790
f 1807/2051/1791 1778/2015/1755 1779/2016/1756
f 1749/1986/1726 1745/1982/1722 1808/2052/1792
f 1808/2052/1792 1750/1987/1727 1778/2015/1755
f 1806/2050/1790 1808/2052/1792 1807/2051/1791
f 1809/2053/1793 1807/2051/1791 1810/2054/1794
f 1810/2054/1794 1779/2016/1756 1798/2039/1779
f 1811/2055/1795 1810/2054/1794 1805/2049/1789
f 1812/2056/1796 1809/2053/1793 1811/2055/1795
f 285/400/140 1813/2057/1797 1812/2056/1796
f 285/400/140 1748/1985/1725 1813/2057/1797
f 1813/2057/1797 1806/2050/1790 1809/2053/1793
f 286/401/141 1814/2058/1798 1815/2059/1799
f 286/401/141 1812/2056/1796 1814/2058/1798
f 1814/2058/1798 1811/2055/1795 1816/2060/1800
f 1815/2059/1799 1816/2060/1800 1817/2061/1801
f 1818/2062/1802 1803/2046/1786 1804/2047/1787
f 1816/2060/1800 1805/2049/1789 1819/2063/1803
f 1799/2040/1780 1803/2046/1786 1818/2062/1802
f 1818/2062/1802 1819/2063/1803 1799/2040/1780
f 1817/2061/1801 1819/2063/1803 1820/2064/1804
f 1821/2065/1805 1820/2064/1804 1822/2066/1806
f 1823/2067/1807 1804/2047/1787 115/2068/1808
f 1820/2064/1804 1818/2062/1802 1823/2067/1807
f 1822/2066/1806 1823/2067/1807 117/2069/1809
f 1824/2070/1810 1822/2066/1806 119/2071/1811
f 1825/2072/1812 1821/2065/1805 1824/2070/1810
f 305/420/160 1826/2073/1813 1825/2072/1812
f 305/420/160 1815/2059/1799 1826/2073/1813
f 1826/2073/1813 1817/2061/1801 1821/2065/1805
f 306/421/161 1827/2074/1814 129/2075/1815
f 306/421/161 1825/2072/1812 1827/2074/1814
f 1827/2074/1814 1824/2070/1810 122/2076/1816
f 122/2076/1816 129/2075/1815 1827/2074/1814
f 129/2075/1815 130/425/165 306/421/161
f 1821/2065/1805 1825/2072/1812 1826/2073/1813
f 1825/2072/1812 306/421/161 305/420/160
f 1824/2070/1810 1827/2074/1814 1825/2072/1812
f 119/2071/1811 122/2076/1816 1824/2070/1810
f 117/2069/1809 119/2071/1811 1822/2066/1806
f 1823/2067/1807 1822/2066/1806 1820/2064/1804
f 115/2068/1808 117/2069/1809 1823/2067/1807
f 1822/2066/1806 1824/2070/1810 1821/2065/1805
f 1820/2064/1804 1821/2065/1805 1817/2061/1801
f 1818/2062/1802 1820/2064/1804 1819/2063/1803
f 1819/2063/1803 1817/2061/1801 1816/2060/1800
f 1804/2047/1787 1823/2067/1807 1818/2062/1802
f 1817/2061/1801 1826/2073/1813 1815/2059/1799
f 1816/2060/1800 1815/2059/1799 1814/2058/1798
f 1815/2059/1799 305/420/160 286/401/141
f 1809/2053/1793 1812/2056/1796 1813/2057/1797
f 1812/2056/1796 286/401/141 285/400/140
f 1811/2055/1795 1814/2058/1798 1812/2056/1796
f 1805/2049/1789 1816/2060/1800 1811/2055/1795
f 1798/2039/1779 1805/2049/1789 1810/2054/1794
f 1810/2054/1794 1811/2055/1795 1809/2053/1793
f 1807/2051/1791 1809/2053/1793 1806/2050/1790
f 1778/2015/1755 1807/2051/1791 1808/2052/1792
f 1808/2052/1792 1806/2050/1790 1749/1986/1726
f 1779/2016/1756 1810/2054/1794 1807/2051/1791
f 1806/2050/1790 1813/2057/1797 1748/1985/1725
f 1799/2040/1780 1819/2063/1803 1805/2049/1789
f 113/2048/1788 115/2068/1808 1804/2047/1787
f 1802/2044/1784 1804/2047/1787 1803/2046/1786
f 111/2045/1785 113/2048/1788 1802/2044/1784
f 109/2043/1783 111/2045/1785 1801/2042/1782
f 1792/2033/1773 1801/2042/1782 1797/2038/1778
f 1792/2033/1773 1791/2030/1770 107/2032/1772
f 1801/2042/1782 1802/2044/1784 1800/2041/1781
f 1800/2041/1781 1803/2046/1786 1799/2040/1780
f 1796/2037/1777 1799/2040/1780 1798/2039/1779
f 1797/2038/1778 1800/2041/1781 1796/2037/1777
f 1793/2034/1774 1797/2038/1778 1794/2035/1775
f 1795/2036/1776 1794/2035/1775 1777/2014/1754
f 1788/2025/1765 1793/2034/1774 1795/2036/1776
f 1794/2035/1775 1796/2037/1777 1780/2017/1757
f 1793/2034/1774 1788/2025/1765 1791/2030/1770
f 1790/2027/1767 1789/2026/1766 102/2029/1769
f 1790/2027/1767 103/2031/1771 1791/2030/1770
f 1789/2026/1766 1782/2019/1759 101/2028/1768
f 1782/2019/1759 1663/1898/1638 100/1900/1640
f 1786/2023/1763 1783/2020/1760 1782/2019/1759
f 1787/2024/1764 1786/2023/1763 1789/2026/1766
f 1781/2018/1758 1785/2022/1762 1787/2024/1764
f 1785/2022/1762 1784/2021/1761 1786/2023/1763
f 1785/2022/1762 1781/2018/1758 1774/2011/1751
f 1784/2021/1761 1751/1988/1728 1783/2020/1760
f 1751/1988/1728 1658/1891/1631 1660/1893/1633
f 1761/1998/1738 1752/1989/1729 1751/1988/1728
f 1764/2001/1741 1761/1998/1738 1784/2021/1761
f 1783/2020/1760 1660/1893/1633 1663/1898/1638
f 1781/2018/1758 1795/2036/1776 1775/2012/1752
f 1780/2017/1757 1798/2039/1779 1779/2016/1756
f 1776/2013/1753 1779/2016/1756 1778/2015/1755
f 1777/2014/1754 1780/2017/1757 1776/2013/1753
f 1775/2012/1752 1777/2014/1754 1772/2009/1749
f 1773/2010/1750 1772/2009/1749 1770/2007/1747
f 1774/2011/1751 1775/2012/1752 1773/2010/1750
f 1772/2009/1749 1776/2013/1753 1771/2008/1748
f 1771/2008/1748 1778/2015/1755 1750/1987/1727
f 1769/2006/1746 1750/1987/1727 1743/1980/1720
f 1770/2007/1747 1771/2008/1748 1769/2006/1746
f 1766/2003/1743 1770/2007/1747 1767/2004/1744
f 1768/2005/1745 1767/2004/1744 1724/1961/1701
f 1762/1999/1739 1766/2003/1743 1768/2005/1745
f 1767/2004/1744 1769/2006/1746 1727/1964/1704
f 1765/2002/1742 1773/2010/1750 1766/2003/1743
f 1764/2001/1741 1774/2011/1751 1765/2002/1742
f 1763/2000/1740 1760/1997/1737 1761/1998/1738
f 1763/2000/1740 1765/2002/1742 1762/1999/1739
f 1760/1997/1737 1754/1991/1731 1752/1989/1729
f 1754/1991/1731 1638/1867/1607 1640/1869/1609
f 1758/1995/1735 1755/1992/1732 1754/1991/1731
f 1760/1997/1737 1763/2000/1740 1759/1996/1736
f 1759/1996/1736 1762/1999/1739 1753/1990/1730
f 1758/1995/1735 1759/1996/1736 1757/1994/1734
f 1757/1994/1734 1753/1990/1730 1721/1958/1698
f 1755/1992/1732 1758/1995/1735 1756/1993/1733
f 1664/1901/1641 1631/1860/1600 1633/1862/1602
f 1664/1901/1641 1756/1993/1733 1708/1945/1685
f 1756/1993/1733 1757/1994/1734 1710/1947/1687
f 1755/1992/1732 1633/1862/1602 1638/1867/1607
f 1753/1990/1730 1768/2005/1745 1722/1959/1699
f 1752/1989/1729 1640/1869/1609 1658/1891/1631
f 1750/1987/1727 1808/2052/1792 1745/1982/1722
f 1749/1986/1726 1748/1985/1725 1747/1984/1724
f 1748/1985/1725 285/400/140 291/406/146
f 1746/1983/1723 291/406/146 290/405/145
f 1744/1981/1721 1747/1984/1724 1746/1983/1723
f 1745/1982/1722 1749/1986/1726 1744/1981/1721
f 1743/1980/1720 1745/1982/1722 1742/1979/1719
f 1742/1979/1719 1744/1981/1721 1739/1976/1716
f 1740/1977/1717 1739/1976/1716 1738/1975/1715
f 1725/1962/1702 1740/1977/1717 1741/1978/1718
f 1741/1978/1718 1738/1975/1715 1736/1973/1713
f 1726/1963/1703 1742/1979/1719 1740/1977/1717
f 1739/1976/1716 1746/1983/1723 1737/1974/1714
f 1737/1974/1714 290/405/145 239/354/94
f 1735/1972/1712 239/354/94 238/353/93
f 1736/1973/1713 1737/1974/1714 1735/1972/1712
f 1728/1965/1705 1736/1973/1713 1734/1971/1711
f 1716/1953/1693 1728/1965/1705 1733/1970/1710
f 1733/1970/1710 1734/1971/1711 1730/1967/1707
f 1731/1968/1708 1730/1967/1707 1729/1966/1706
f 1694/1931/1671 1731/1968/1708 1732/1969/1709
f 1732/1969/1709 1729/1966/1706 1418/1628/1368
f 1695/1932/1672 1733/1970/1710 1731/1968/1708
f 1730/1967/1707 1735/1972/1712 1419/1629/1369
f 1717/1954/1694 1741/1978/1718 1728/1965/1705
f 1727/1964/1704 1743/1980/1720 1726/1963/1703
f 1723/1960/1700 1726/1963/1703 1725/1962/1702
f 1724/1961/1701 1727/1964/1704 1723/1960/1700
f 1722/1959/1699 1724/1961/1701 1719/1956/1696
f 1720/1957/1697 1719/1956/1696 1715/1952/1692
f 1721/1958/1698 1722/1959/1699 1720/1957/1697
f 1719/1956/1696 1723/1960/1700 1718/1955/1695
f 1718/1955/1695 1725/1962/1702 1717/1954/1694
f 1714/1951/1691 1717/1954/1694 1716/1953/1693
f 1715/1952/1692 1718/1955/1695 1714/1951/1691
f 1711/1948/1688 1715/1952/1692 1712/1949/1689
f 1713/1950/1690 1712/1949/1689 1693/1930/1670
f 1706/1943/1683 1711/1948/1688 1713/1950/1690
f 1712/1949/1689 1714/1951/1691 1696/1933/1673
f 1709/1946/1686 1720/1957/1697 1711/1948/1688
f 1710/1947/1687 1721/1958/1698 1709/1946/1686
f 1708/1945/1685 1710/1947/1687 1707/1944/1684
f 1707/1944/1684 1709/1946/1686 1706/1943/1683
f 1665/1902/1642 1708/1945/1685 1704/1941/1681
f 1560/1778/1518 1665/1902/1642 1705/1942/1682
f 1705/1942/1682 1704/1941/1681 1702/1939/1679
f 1704/1941/1681 1707/1944/1684 1703/1940/1680
f 1703/1940/1680 1706/1943/1683 1697/1934/1674
f 1702/1939/1679 1703/1940/1680 1701/1938/1678
f 1701/1938/1678 1697/1934/1674 1690/1927/1667
f 1698/1935/1675 1702/1939/1679 1699/1936/1676
f 1558/1776/1516 1698/1935/1675 1700/1937/1677
f 1700/1937/1677 1699/1936/1676 1679/1916/1656
f 1699/1936/1676 1701/1938/1678 1681/1918/1658
f 1561/1779/1519 1705/1942/1682 1698/1935/1675
f 1697/1934/1674 1713/1950/1690 1691/1928/1668
f 1696/1933/1673 1716/1953/1693 1695/1932/1672
f 1692/1929/1669 1695/1932/1672 1694/1931/1671
f 1693/1930/1670 1696/1933/1673 1692/1929/1669
f 1691/1928/1668 1693/1930/1670 1688/1925/1665
f 1689/1926/1666 1688/1925/1665 1686/1923/1663
f 1690/1927/1667 1691/1928/1668 1689/1926/1666
f 1688/1925/1665 1692/1929/1669 1687/1924/1664
f 1687/1924/1664 1694/1931/1671 1666/1903/1643
f 1686/1923/1663 1687/1924/1664 1684/1921/1661
f 1682/1919/1659 1686/1923/1663 1683/1920/1660
f 1685/1922/1662 1683/1920/1660 1403/1613/1353
f 1677/1914/1654 1682/1919/1659 1685/1922/1662
f 1684/1921/1661 1666/1903/1643 1414/1624/1364
f 1680/1917/1657 1689/1926/1666 1682/1919/1659
f 1681/1918/1658 1690/1927/1667 1680/1917/1657
f 1679/1916/1656 1681/1918/1658 1678/1915/1655
f 1678/1915/1655 1680/1917/1657 1677/1914/1654
f 1667/1904/1644 1679/1916/1656 1675/1912/1652
f 1550/1768/1508 1667/1904/1644 1676/1913/1653
f 1676/1913/1653 1675/1912/1652 1673/1910/1650
f 1675/1912/1652 1678/1915/1655 1674/1911/1651
f 1674/1911/1651 1677/1914/1654 1668/1905/1645
f 1673/1910/1650 1674/1911/1651 1672/1909/1649
f 1672/1909/1649 1668/1905/1645 1400/1610/1350
f 1669/1906/1646 1673/1910/1650 1670/1907/1647
f 1525/1743/1483 1669/1906/1646 1671/1908/1648
f 1671/1908/1648 1670/1907/1647 1388/1598/1338
f 1670/1907/1647 1672/1909/1649 1390/1600/1340
f 1528/1746/1486 1676/1913/1653 1669/1906/1646
f 1668/1905/1645 1685/1922/1662 1401/1611/1351
f 1553/1771/1511 1700/1937/1677 1667/1904/1644
f 1666/1903/1643 1732/1969/1709 1416/1626/1366
f 1665/1902/1642 1560/1778/1518 1631/1860/1600
f 1663/1898/1638 1662/1895/1635 99/1899/1639
f 1662/1895/1635 1661/1894/1634 98/1897/1637
f 1660/1893/1633 1659/1892/1632 1662/1895/1635
f 1661/1894/1634 1653/1886/1626 97/1896/1636
f 1653/1886/1626 1652/1883/1623 96/1885/1625
f 1657/1890/1630 1654/1887/1627 1653/1886/1626
f 1659/1892/1632 1657/1890/1630 1661/1894/1634
f 1658/1891/1631 1656/1889/1629 1659/1892/1632
f 1656/1889/1629 1655/1888/1628 1657/1890/1630
f 1640/1869/1609 1639/1868/1608 1656/1889/1629
f 1655/1888/1628 1642/1871/1611 1654/1887/1627
f 1642/1871/1611 1641/1870/1610 1649/1878/1618
f 1637/1866/1606 1636/1865/1605 1642/1871/1611
f 1639/1868/1608 1637/1866/1606 1655/1888/1628
f 1654/1887/1627 1649/1878/1618 1652/1883/1623
f 1652/1883/1623 1651/1880/1620 95/1884/1624
f 1651/1880/1620 1650/1879/1619 94/1882/1622
f 1649/1878/1618 1648/1877/1617 1651/1880/1620
f 1650/1879/1619 1643/1872/1612 93/1881/1621
f 1643/1872/1612 1608/1835/1575 92/1837/1577
f 1647/1876/1616 1644/1873/1613 1643/1872/1612
f 1648/1877/1617 1647/1876/1616 1650/1879/1619
f 1641/1870/1610 1646/1875/1615 1648/1877/1617
f 1646/1875/1615 1645/1874/1614 1647/1876/1616
f 1625/1854/1594 1624/1853/1593 1646/1875/1615
f 1645/1874/1614 1609/1838/1578 1644/1873/1613
f 1609/1838/1578 1603/1829/1569 1605/1831/1571
f 1622/1851/1591 1610/1839/1579 1609/1838/1578
f 1624/1853/1593 1622/1851/1591 1645/1874/1614
f 1644/1873/1613 1605/1831/1571 1608/1835/1575
f 1636/1865/1605 1625/1854/1594 1641/1870/1610
f 1638/1867/1607 1635/1864/1604 1639/1868/1608
f 1635/1864/1604 1634/1863/1603 1637/1866/1606
f 1633/1862/1602 1632/1861/1601 1635/1864/1604
f 1634/1863/1603 1626/1855/1595 1636/1865/1605
f 1626/1855/1595 1623/1852/1592 1625/1854/1594
f 1630/1859/1599 1627/1856/1596 1626/1855/1595
f 1632/1861/1601 1630/1859/1599 1634/1863/1603
f 1631/1860/1600 1629/1858/1598 1632/1861/1601
f 1629/1858/1598 1628/1857/1597 1630/1859/1599
f 1560/1778/1518 1559/1777/1517 1629/1858/1598
f 1628/1857/1597 1612/1841/1581 1627/1856/1596
f 1612/1841/1581 1611/1840/1580 1619/1848/1588
f 1557/1775/1515 1556/1774/1514 1612/1841/1581
f 1559/1777/1517 1557/1775/1515 1628/1857/1597
f 1627/1856/1596 1619/1848/1588 1623/1852/1592
f 1623/1852/1592 1621/1850/1590 1624/1853/1593
f 1621/1850/1590 1620/1849/1589 1622/1851/1591
f 1619/1848/1588 1618/1847/1587 1621/1850/1590
f 1620/1849/1589 1613/1842/1582 1610/1839/1579
f 1613/1842/1582 1590/1810/1550 1592/1812/1552
f 1617/1846/1586 1614/1843/1583 1613/1842/1582
f 1618/1847/1587 1617/1846/1586 1620/1849/1589
f 1611/1840/1580 1616/1845/1585 1618/1847/1587
f 1616/1845/1585 1615/1844/1584 1617/1846/1586
f 1545/1763/1503 1544/1762/1502 1616/1845/1585
f 1615/1844/1584 1563/1781/1521 1614/1843/1583
f 1563/1781/1521 1562/1780/1520 1585/1805/1545
f 1542/1760/1500 1541/1759/1499 1563/1781/1521
f 1544/1762/1502 1542/1760/1500 1615/1844/1584
f 1614/1843/1583 1585/1805/1545 1590/1810/1550
f 1556/1774/1514 1545/1763/1503 1611/1840/1580
f 1610/1839/1579 1592/1812/1552 1603/1829/1569
f 1608/1835/1575 1607/1833/1573 91/1836/1576
f 1607/1833/1573 1606/1832/1572 90/1834/1574
f 1605/1831/1571 1604/1830/1570 1607/1833/1573
f 1606/1832/1572 1598/1823/1563 88/1824/1564
f 1602/1828/1568 1601/1827/1567 1598/1823/1563
f 1604/1830/1570 1602/1828/1568 1606/1832/1572
f 1603/1829/1569 1600/1826/1566 1604/1830/1570
f 1600/1826/1566 1599/1825/1565 1602/1828/1568
f 1592/1812/1552 1591/1811/1551 1600/1826/1566
f 1599/1825/1565 1594/1814/1554 1601/1827/1567
f 1594/1814/1554 1593/1813/1553 1597/1819/1559
f 1589/1809/1549 1588/1808/1548 1594/1814/1554
f 1591/1811/1551 1589/1809/1549 1599/1825/1565
f 1598/1823/1563 1601/1827/1567 1597/1819/1559
f 1597/1819/1559 1596/1818/1558 126/1821/1561
f 1595/1817/1557 1564/1783/1523 134/1816/1556
f 1596/1818/1558 1595/1817/1557 133/1820/1560
f 1593/1813/1553 1578/1798/1538 1577/1797/1537
f 1575/1795/1535 1565/1784/1524 1564/1783/1523
f 1577/1797/1537 1575/1795/1535 1595/1817/1557
f 1564/1783/1523 209/1782/1522 135/1815/1555
f 1588/1808/1548 1578/1798/1538 1593/1813/1553
f 1590/1810/1550 1587/1807/1547 1591/1811/1551
f 1587/1807/1547 1586/1806/1546 1589/1809/1549
f 1585/1805/1545 1584/1804/1544 1587/1807/1547
f 1586/1806/1546 1579/1799/1539 1588/1808/1548
f 1579/1799/1539 1576/1796/1536 1578/1798/1538
f 1583/1803/1543 1580/1800/1540 1579/1799/1539
f 1584/1804/1544 1583/1803/1543 1586/1806/1546
f 1562/1780/1520 1582/1802/1542 1584/1804/1544
f 1582/1802/1542 1581/1801/1541 1583/1803/1543
f 1495/1713/1453 1494/1712/1452 1582/1802/1542
f 1581/1801/1541 1567/1786/1526 1580/1800/1540
f 1567/1786/1526 1566/1785/1525 1572/1792/1532
f 1492/1710/1450 1491/1709/1449 1567/1786/1526
f 1494/1712/1452 1492/1710/1450 1581/1801/1541
f 1580/1800/1540 1572/1792/1532 1576/1796/1536
f 1576/1796/1536 1574/1794/1534 1577/1797/1537
f 1574/1794/1534 1573/1793/1533 1575/1795/1535
f 1572/1792/1532 1571/1791/1531 1574/1794/1534
f 1573/1793/1533 1570/1790/1530 1422/1634/1374
f 1571/1791/1531 1570/1790/1530 1573/1793/1533
f 1566/1785/1525 1569/1789/1529 1571/1791/1531
f 1569/1789/1529 1568/1788/1528 1570/1790/1530
f 1480/1698/1438 1479/1697/1437 1569/1789/1529
f 1568/1788/1528 1421/1633/1373 1422/1634/1374
f 1477/1695/1435 1476/1694/1434 1421/1633/1373
f 1479/1697/1437 1477/1695/1435 1568/1788/1528
f 1422/1634/1374 207/1632/1372 210/1787/1527
f 1491/1709/1449 1480/1698/1438 1566/1785/1525
f 1565/1784/1524 210/1787/1527 209/1782/1522
f 1541/1759/1499 1495/1713/1453 1562/1780/1520
f 1561/1779/1519 1555/1773/1513 1559/1777/1517
f 1555/1773/1513 1554/1772/1512 1557/1775/1515
f 1555/1773/1513 1561/1779/1519 1558/1776/1516
f 1554/1772/1512 1546/1764/1504 1556/1774/1514
f 1546/1764/1504 1543/1761/1501 1545/1763/1503
f 1549/1767/1507 1547/1765/1505 1546/1764/1504
f 1552/1770/1510 1549/1767/1507 1554/1772/1512
f 1552/1770/1510 1558/1776/1516 1553/1771/1511
f 1551/1769/1509 1548/1766/1506 1549/1767/1507
f 1551/1769/1509 1553/1771/1511 1550/1768/1508
f 1548/1766/1506 1531/1749/1489 1547/1765/1505
f 1531/1749/1489 1530/1748/1488 1538/1756/1496
f 1527/1745/1485 1524/1742/1482 1531/1749/1489
f 1548/1766/1506 1551/1769/1509 1529/1747/1487
f 1547/1765/1505 1538/1756/1496 1543/1761/1501
f 1543/1761/1501 1540/1758/1498 1544/1762/1502
f 1540/1758/1498 1539/1757/1497 1542/1760/1500
f 1538/1756/1496 1537/1755/1495 1540/1758/1498
f 1539/1757/1497 1532/1750/1490 1541/1759/1499
f 1532/1750/1490 1493/1711/1451 1495/1713/1453
f 1536/1754/1494 1533/1751/1491 1532/1750/1490
f 1537/1755/1495 1536/1754/1494 1539/1757/1497
f 1530/1748/1488 1535/1753/1493 1537/1755/1495
f 1535/1753/1493 1534/1752/1492 1536/1754/1494
f 1515/1733/1473 1514/1732/1472 1535/1753/1493
f 1534/1752/1492 1496/1714/1454 1533/1751/1491
f 1496/1714/1454 1486/1704/1444 1488/1706/1446
f 1512/1730/1470 1497/1715/1455 1496/1714/1454
f 1514/1732/1472 1512/1730/1470 1534/1752/1492
f 1533/1751/1491 1488/1706/1446 1493/1711/1451
f 1524/1742/1482 1515/1733/1473 1530/1748/1488
f 1529/1747/1487 1550/1768/1508 1528/1746/1486
f 1527/1745/1485 1529/1747/1487 1526/1744/1484
f 1526/1744/1484 1528/1746/1486 1525/1743/1483
f 1524/1742/1482 1527/1745/1485 1523/1741/1481
f 1516/1734/1474 1513/1731/1471 1515/1733/1473
f 1516/1734/1474 1523/1741/1481 1521/1739/1479
f 1523/1741/1481 1526/1744/1484 1522/1740/1480
f 1522/1740/1480 1525/1743/1483 1420/1630/1370
f 1521/1739/1479 1522/1740/1480 1520/1738/1478
f 1520/1738/1478 1420/1630/1370 1384/1594/1334
f 1517/1735/1475 1521/1739/1479 1518/1736/1476
f 1508/1726/1466 1517/1735/1475 1519/1737/1477
f 1519/1737/1477 1518/1736/1476 1290/1500/1240
f 1518/1736/1476 1520/1738/1478 1292/1502/1242
f 1517/1735/1475 1508/1726/1466 1513/1731/1471
f 1513/1731/1471 1510/1728/1468 1514/1732/1472
f 1510/1728/1468 1509/1727/1467 1512/1730/1470
f 1508/1726/1466 1507/1725/1465 1510/1728/1468
f 1509/1727/1467 1511/1729/1469 1497/1715/1455
f 1504/1722/1462 1500/1718/1458 1499/1717/1457
f 1499/1717/1457 1464/1680/1420 1463/1679/1419
f 1505/1723/1463 1504/1722/1462 1511/1729/1469
f 1507/1725/1465 1505/1723/1463 1509/1727/1467
f 1498/1716/1456 1502/1720/1460 1507/1725/1465
f 1502/1720/1460 1501/1719/1459 1505/1723/1463
f 1502/1720/1460 1498/1716/1456 1286/1496/1236
f 1506/1724/1464 1501/1719/1459 1273/1483/1223
f 1506/1724/1464 1503/1721/1461 1504/1722/1462
f 1503/1721/1461 1424/1636/1376 1500/1718/1458
f 1269/1479/1219 1266/1476/1216 1424/1636/1376
f 1424/1636/1376 1423/1635/1375 1455/1671/1411
f 1503/1721/1461 1506/1724/1464 1270/1480/1220
f 1275/1485/1225 1273/1483/1223 1501/1719/1459
f 1500/1718/1458 1455/1671/1411 1464/1680/1420
f 1498/1716/1456 1519/1737/1477 1287/1497/1237
f 1497/1715/1455 1463/1679/1419 1486/1704/1444
f 1493/1711/1451 1490/1708/1448 1494/1712/1452
f 1490/1708/1448 1489/1707/1447 1492/1710/1450
f 1488/1706/1446 1487/1705/1445 1490/1708/1448
f 1489/1707/1447 1481/1699/1439 1491/1709/1449
f 1481/1699/1439 1478/1696/1436 1480/1698/1438
f 1485/1703/1443 1482/1700/1440 1481/1699/1439
f 1487/1705/1445 1485/1703/1443 1489/1707/1447
f 1486/1704/1444 1484/1702/1442 1487/1705/1445
f 1484/1702/1442 1483/1701/1441 1485/1703/1443
f 1463/1679/1419 1462/1678/1418 1484/1702/1442
f 1483/1701/1441 1466/1682/1422 1482/1700/1440
f 1466/1682/1422 1465/1681/1421 1473/1691/1431
f 1459/1675/1415 1458/1674/1414 1466/1682/1422
f 1462/1678/1418 1459/1675/1415 1483/1701/1441
f 1482/1700/1440 1473/1691/1431 1478/1696/1436
f 1478/1696/1436 1475/1693/1433 1479/1697/1437
f 1475/1693/1433 1474/1692/1432 1477/1695/1435
f 1473/1691/1431 1472/1690/1430 1475/1693/1433
f 1474/1692/1432 1467/1684/1424 1476/1694/1434
f 1467/1684/1424 197/1683/1423 146/1631/1371
f 1471/1689/1429 1468/1685/1425 1467/1684/1424
f 1472/1690/1430 1471/1689/1429 1474/1692/1432
f 1465/1681/1421 1470/1687/1427 1472/1690/1430
f 1470/1687/1427 1469/1686/1426 1471/1689/1429
f 1441/1657/1397 1440/1656/1396 1470/1687/1427
f 1469/1686/1426 1425/1638/1378 1468/1685/1425
f 1425/1638/1378 175/1637/1377 196/1688/1428
f 1438/1654/1394 1426/1639/1379 1425/1638/1378
f 1440/1656/1396 1438/1654/1394 1469/1686/1426
f 1468/1685/1425 196/1688/1428 197/1683/1423
f 1458/1674/1414 1441/1657/1397 1465/1681/1421
f 1455/1671/1411 1454/1670/1410 1461/1677/1417
f 1461/1677/1417 1460/1676/1416 1462/1678/1418
f 1453/1669/1409 1452/1668/1408 1457/1673/1413
f 1457/1673/1413 1456/1672/1412 1459/1675/1415
f 1454/1670/1410 1453/1669/1409 1460/1676/1416
f 1456/1672/1412 1442/1658/1398 1458/1674/1414
f 1442/1658/1398 1439/1655/1395 1441/1657/1397
f 1448/1664/1404 1443/1659/1399 1442/1658/1398
f 1452/1668/1408 1449/1665/1405 1456/1672/1412
f 1423/1635/1375 1451/1667/1407 1454/1670/1410
f 1212/1422/1162 1209/1419/1159 1451/1667/1407
f 1451/1667/1407 1450/1666/1406 1453/1669/1409
f 1450/1666/1406 1445/1661/1401 1452/1668/1408
f 1208/1418/1158 1207/1417/1157 1445/1661/1401
f 1445/1661/1401 1444/1660/1400 1449/1665/1405
f 1209/1419/1159 1208/1418/1158 1450/1666/1406
f 1444/1660/1400 1447/1663/1403 1448/1664/1404
f 1204/1414/1154 1203/1413/1153 1447/1663/1403
f 1447/1663/1403 1446/1662/1402 1443/1659/1399
f 1202/1412/1152 1201/1411/1151 1428/1641/1381
f 1428/1641/1381 1427/1640/1380 1435/1650/1390
f 1203/1413/1153 1202/1412/1152 1446/1662/1402
f 1207/1417/1157 1204/1414/1154 1444/1660/1400
f 1443/1659/1399 1435/1650/1390 1439/1655/1395
f 1439/1655/1395 1437/1652/1392 1440/1656/1396
f 1437/1652/1392 1436/1651/1391 1438/1654/1394
f 1435/1650/1390 1434/1649/1389 1437/1652/1392
f 1436/1651/1391 1429/1643/1383 1426/1639/1379
f 1429/1643/1383 195/1642/1382 176/1653/1393
f 1433/1648/1388 1430/1644/1384 1429/1643/1383
f 1434/1649/1389 1433/1648/1388 1436/1651/1391
f 1427/1640/1380 1432/1646/1386 1434/1649/1389
f 1432/1646/1386 1431/1645/1385 1433/1648/1388
f 1178/1388/1128 1177/1387/1127 1432/1646/1386
f 1431/1645/1385 912/1107/847 1430/1644/1384
f 912/1107/847 157/1106/846 173/1647/1387
f 1175/1385/1125 913/1108/848 912/1107/847
f 1177/1387/1127 1175/1385/1125 1431/1645/1385
f 1430/1644/1384 173/1647/1387 195/1642/1382
f 1201/1411/1151 1180/1390/1130 1427/1640/1380
f 1426/1639/1379 176/1653/1393 175/1637/1377
f 1266/1476/1216 1212/1422/1162 1423/1635/1375
f 1421/1633/1373 1476/1694/1434 146/1631/1371
f 1420/1630/1370 1671/1908/1648 1385/1595/1335
f 1419/1629/1369 238/353/93 262/377/117
f 1417/1627/1367 262/377/117 261/376/116
f 1418/1628/1368 1419/1629/1369 1417/1627/1367
f 1416/1626/1366 1418/1628/1368 1415/1625/1365
f 1414/1624/1364 1416/1626/1366 1413/1623/1363
f 1413/1623/1363 1415/1625/1365 1410/1620/1360
f 1397/1607/1347 1411/1621/1361 1412/1622/1362
f 1411/1621/1361 1410/1620/1360 1406/1616/1356
f 1402/1612/1352 1413/1623/1363 1411/1621/1361
f 1410/1620/1360 1417/1627/1367 1409/1619/1359
f 1409/1619/1359 261/376/116 245/360/100
f 1408/1618/1358 245/360/100 244/359/99
f 1406/1616/1356 1409/1619/1359 1408/1618/1358
f 1392/1602/1342 1404/1614/1354 1407/1617/1357
f 1407/1617/1357 1404/1614/1354 1406/1616/1356
f 1347/1557/1297 1405/1615/1355 1345/1555/1295
f 1373/1583/1323 1407/1617/1357 1347/1557/1297
f 1405/1615/1355 1408/1618/1358 1346/1556/1296
f 1395/1605/1345 1412/1622/1362 1404/1614/1354
f 1403/1613/1353 1414/1624/1364 1402/1612/1352
f 1401/1611/1351 1403/1613/1353 1398/1608/1348
f 1399/1609/1349 1398/1608/1348 1396/1606/1346
f 1400/1610/1350 1401/1611/1351 1399/1609/1349
f 1398/1608/1348 1402/1612/1352 1397/1607/1347
f 1396/1606/1346 1397/1607/1347 1395/1605/1345
f 1391/1601/1341 1396/1606/1346 1393/1603/1343
f 1394/1604/1344 1393/1603/1343 1374/1584/1324
f 1386/1596/1336 1391/1601/1341 1394/1604/1344
f 1393/1603/1343 1395/1605/1345 1392/1602/1342
f 1389/1599/1339 1399/1609/1349 1391/1601/1341
f 1390/1600/1340 1400/1610/1350 1389/1599/1339
f 1388/1598/1338 1390/1600/1340 1387/1597/1337
f 1387/1597/1337 1389/1599/1339 1386/1596/1336
f 1385/1595/1335 1388/1598/1338 1382/1592/1332
f 1384/1594/1334 1385/1595/1335 1383/1593/1333
f 1383/1593/1333 1382/1592/1332 1381/1591/1331
f 1382/1592/1332 1387/1597/1337 1380/1590/1330
f 1381/1591/1331 1380/1590/1330 1379/1589/1329
f 1380/1590/1330 1386/1596/1336 1375/1585/1325
f 1376/1586/1326 1381/1591/1331 1377/1587/1327
f 1288/1498/1238 1376/1586/1326 1378/1588/1328
f 1378/1588/1328 1377/1587/1327 1363/1573/1313
f 1377/1587/1327 1379/1589/1329 1362/1572/1312
f 1291/1501/1241 1383/1593/1333 1376/1586/1326
f 1375/1585/1325 1394/1604/1344 1372/1582/1322
f 1374/1584/1324 1392/1602/1342 1373/1583/1323
f 1372/1582/1322 1374/1584/1324 1369/1579/1319
f 1370/1580/1320 1369/1579/1319 1367/1577/1317
f 1371/1581/1321 1372/1582/1322 1370/1580/1320
f 1369/1579/1319 1373/1583/1323 1368/1578/1318
f 1367/1577/1317 1368/1578/1318 1348/1558/1298
f 1364/1574/1314 1367/1577/1317 1365/1575/1315
f 1366/1576/1316 1365/1575/1315 1335/1545/1285
f 1356/1566/1306 1364/1574/1314 1366/1576/1316
f 1365/1575/1315 1348/1558/1298 1349/1559/1299
f 1360/1570/1310 1370/1580/1320 1364/1574/1314
f 1363/1573/1313 1362/1572/1312 1361/1571/1311
f 1362/1572/1312 1371/1581/1321 1360/1570/1310
f 1350/1560/1300 1363/1573/1313 1358/1568/1308
f 1279/1489/1229 1350/1560/1300 1359/1569/1309
f 1359/1569/1309 1358/1568/1308 1357/1567/1307
f 1358/1568/1308 1361/1571/1311 1353/1563/1303
f 1351/1561/1301 1326/1536/1276 1324/1534/1274
f 1352/1562/1302 1357/1567/1307 1354/1564/1304
f 1248/1458/1198 1352/1562/1302 1355/1565/1305
f 1355/1565/1305 1354/1564/1304 1322/1532/1272
f 1354/1564/1304 1357/1567/1307 1353/1563/1303
f 1251/1461/1201 1359/1569/1309 1352/1562/1302
f 1351/1561/1301 1366/1576/1316 1333/1543/1283
f 1282/1492/1232 1378/1588/1328 1350/1560/1300
f 1348/1558/1298 1368/1578/1318 1347/1557/1297
f 1346/1556/1296 244/359/99 251/366/106
f 1344/1554/1294 251/366/106 250/365/105
f 1345/1555/1295 1346/1556/1296 1344/1554/1294
f 1343/1553/1293 1345/1555/1295 1342/1552/1292
f 1336/1546/1286 1342/1552/1292 1340/1550/1290
f 1334/1544/1284 1349/1559/1299 1343/1553/1293
f 1342/1552/1292 1344/1554/1294 1341/1551/1291
f 1338/1548/1288 1341/1551/1291 250/365/105
f 911/1105/845 1338/1548/1288 253/368/108
f 1339/1549/1289 1340/1550/1290 1341/1551/1291
f 1294/1504/1244 1337/1547/1287 1340/1550/1290
f 906/1100/840 1294/1504/1244 1339/1549/1289
f 1313/1523/1263 1337/1547/1287 1294/1504/1244
f 907/1101/841 1339/1549/1289 1338/1548/1288
f 1330/1540/1280 1331/1541/1281 1336/1546/1286
f 1335/1545/1285 1349/1559/1299 1334/1544/1284
f 1333/1543/1283 1335/1545/1285 1332/1542/1282
f 1332/1542/1282 1334/1544/1284 1331/1541/1281
f 1327/1537/1277 1331/1541/1281 1330/1540/1280
f 1328/1538/1278 1327/1537/1277 1329/1539/1279
f 1329/1539/1279 1330/1540/1280 1313/1523/1263
f 1325/1535/1275 1332/1542/1282 1327/1537/1277
f 1325/1535/1275 1328/1538/1278 1321/1531/1271
f 1239/1449/1189 1293/1503/1243 1323/1533/1273
f 1323/1533/1273 1293/1503/1243 1322/1532/1272
f 1322/1532/1272 1324/1534/1274 1321/1531/1271
f 1321/1531/1271 1328/1538/1278 1317/1527/1267
f 1320/1530/1270 1317/1527/1267 1315/1525/1265
f 1319/1529/1269 1321/1531/1271 1320/1530/1270
f 1318/1528/1268 1306/1516/1256 1296/1506/1246
f 1318/1528/1268 1320/1530/1270 1310/1520/1260
f 1100/1303/1043 1323/1533/1273 1295/1505/1245
f 1317/1527/1267 1329/1539/1279 1316/1526/1266
f 1315/1525/1265 1316/1526/1266 1314/1524/1264
f 1314/1524/1264 1316/1526/1266 1313/1523/1263
f 1308/1518/1258 1311/1521/1261 1298/1508/1248
f 1298/1508/1248 1311/1521/1261 1312/1522/1262
f 1309/1519/1259 1314/1524/1264 1311/1521/1261
f 1310/1520/1260 1315/1525/1265 1309/1519/1259
f 1307/1517/1257 1309/1519/1259 1308/1518/1258
f 1306/1516/1256 1310/1520/1260 1307/1517/1257
f 1305/1515/1255 1303/1513/1253 1299/1509/1249
f 1305/1515/1255 1307/1517/1257 1304/1514/1254
f 1304/1514/1254 1308/1518/1258 1297/1507/1247
f 1303/1513/1253 1304/1514/1254 1300/1510/1250
f 1302/1512/1252 1301/1511/1251 873/1067/807
f 1300/1510/1250 1297/1507/1247 876/1070/810
f 1063/1266/1006 1296/1506/1246 1299/1509/1249
f 884/1078/818 876/1070/810 1297/1507/1247
f 1091/1294/1034 1097/1300/1040 1295/1505/1245
f 887/1081/821 1312/1522/1262 1294/1504/1244
f 1242/1452/1192 1355/1565/1305 1293/1503/1243
f 1292/1502/1242 1384/1594/1334 1291/1501/1241
f 1290/1500/1240 1292/1502/1242 1289/1499/1239
f 1289/1499/1239 1291/1501/1241 1288/1498/1238
f 1287/1497/1237 1290/1500/1240 1284/1494/1234
f 1286/1496/1236 1287/1497/1237 1285/1495/1235
f 1285/1495/1235 1284/1494/1234 1281/1491/1231
f 1284/1494/1234 1289/1499/1239 1283/1493/1233
f 1283/1493/1233 1288/1498/1238 1282/1492/1232
f 1281/1491/1231 1283/1493/1233 1280/1490/1230
f 1280/1490/1230 1282/1492/1232 1279/1489/1229
f 1276/1486/1226 1281/1491/1231 1277/1487/1227
f 1271/1481/1221 1276/1486/1226 1278/1488/1228
f 1278/1488/1228 1277/1487/1227 1250/1460/1200
f 1277/1487/1227 1280/1490/1230 1252/1462/1202
f 1274/1484/1224 1285/1495/1235 1276/1486/1226
f 1275/1485/1225 1286/1496/1236 1274/1484/1224
f 1273/1483/1223 1275/1485/1225 1272/1482/1222
f 1272/1482/1222 1274/1484/1224 1271/1481/1221
f 1270/1480/1220 1273/1483/1223 1264/1474/1214
f 1268/1478/1218 1264/1474/1214 1262/1472/1212
f 1269/1479/1219 1270/1480/1220 1268/1478/1218
f 1266/1476/1216 1269/1479/1219 1265/1475/1215
f 1267/1477/1217 1265/1475/1215 1259/1469/1209
f 1267/1477/1217 1210/1420/1160 1212/1422/1162
f 1265/1475/1215 1268/1478/1218 1260/1470/1210
f 1264/1474/1214 1272/1482/1222 1263/1473/1213
f 1263/1473/1213 1271/1481/1221 1253/1463/1203
f 1262/1472/1212 1263/1473/1213 1261/1471/1211
f 1261/1471/1211 1253/1463/1203 1246/1456/1196
f 1260/1470/1210 1262/1472/1212 1255/1465/1205
f 1258/1468/1208 1255/1465/1205 1233/1443/1183
f 1259/1469/1209 1260/1470/1210 1258/1468/1208
f 1254/1464/1204 1259/1469/1209 1256/1466/1206
f 1257/1467/1207 1256/1466/1206 1229/1439/1179
f 1211/1421/1161 1254/1464/1204 1257/1467/1207
f 1256/1466/1206 1258/1468/1208 1230/1440/1180
f 1255/1465/1205 1261/1471/1211 1235/1445/1185
f 1210/1420/1160 1267/1477/1217 1254/1464/1204
f 1253/1463/1203 1278/1488/1228 1247/1457/1197
f 1252/1462/1202 1279/1489/1229 1251/1461/1201
f 1250/1460/1200 1252/1462/1202 1249/1459/1199
f 1249/1459/1199 1251/1461/1201 1248/1458/1198
f 1247/1457/1197 1250/1460/1200 1244/1454/1194
f 1246/1456/1196 1247/1457/1197 1245/1455/1195
f 1245/1455/1195 1244/1454/1194 1241/1451/1191
f 1244/1454/1194 1249/1459/1199 1243/1453/1193
f 1243/1453/1193 1248/1458/1198 1242/1452/1192
f 1241/1451/1191 1243/1453/1193 1240/1450/1190
f 1240/1450/1190 1242/1452/1192 1239/1449/1189
f 1236/1446/1186 1241/1451/1191 1237/1447/1187
f 1231/1441/1181 1236/1446/1186 1238/1448/1188
f 1238/1448/1188 1237/1447/1187 1099/1302/1042
f 1237/1447/1187 1240/1450/1190 1101/1304/1044
f 1234/1444/1184 1245/1455/1195 1236/1446/1186
f 1235/1445/1185 1246/1456/1196 1234/1444/1184
f 1233/1443/1183 1235/1445/1185 1232/1442/1182
f 1232/1442/1182 1234/1444/1184 1231/1441/1181
f 1230/1440/1180 1233/1443/1183 1225/1435/1175
f 1228/1438/1178 1225/1435/1175 1223/1433/1173
f 1229/1439/1179 1230/1440/1180 1228/1438/1178
f 1213/1423/1163 1229/1439/1179 1226/1436/1176
f 1227/1437/1177 1226/1436/1176 1220/1430/1170
f 1195/1405/1145 1213/1423/1163 1227/1437/1177
f 1226/1436/1176 1228/1438/1178 1221/1431/1171
f 1225/1435/1175 1232/1442/1182 1224/1434/1174
f 1224/1434/1174 1231/1441/1181 1214/1424/1164
f 1223/1433/1173 1224/1434/1174 1222/1432/1172
f 1222/1432/1172 1214/1424/1164 1095/1298/1038
f 1221/1431/1171 1223/1433/1173 1216/1426/1166
f 1220/1430/1170 1221/1431/1171 1218/1428/1168
f 1215/1425/1165 1220/1430/1170 1217/1427/1167
f 1219/1429/1169 1217/1427/1167 1079/1282/1022
f 1157/1364/1104 1215/1425/1165 1219/1429/1169
f 1218/1428/1168 1216/1426/1166 1082/1285/1025
f 1216/1426/1166 1222/1432/1172 1084/1287/1027
f 1158/1365/1105 1227/1437/1177 1215/1425/1165
f 1214/1424/1164 1238/1448/1188 1096/1299/1039
f 1196/1406/1146 1257/1467/1207 1213/1423/1163
f 1210/1420/1160 1206/1416/1156 1209/1419/1159
f 1211/1421/1161 1193/1403/1143 1206/1416/1156
f 1206/1416/1156 1205/1415/1155 1208/1418/1158
f 1205/1415/1155 1198/1408/1148 1207/1417/1157
f 1192/1402/1142 1191/1401/1141 1198/1408/1148
f 1198/1408/1148 1197/1407/1147 1204/1414/1154
f 1193/1403/1143 1192/1402/1142 1205/1415/1155
f 1197/1407/1147 1200/1410/1150 1203/1413/1153
f 1189/1399/1139 1188/1398/1138 1200/1410/1150
f 1200/1410/1150 1199/1409/1149 1202/1412/1152
f 1199/1409/1149 1181/1391/1131 1201/1411/1151
f 1187/1397/1137 1182/1392/1132 1181/1391/1131
f 1181/1391/1131 1179/1389/1129 1180/1390/1130
f 1188/1398/1138 1187/1397/1137 1199/1409/1149
f 1191/1401/1141 1189/1399/1139 1197/1407/1147
f 1193/1403/1143 1211/1421/1161 1196/1406/1146
f 1194/1404/1144 1196/1406/1146 1195/1405/1145
f 1194/1404/1144 1190/1400/1140 1192/1402/1142
f 1190/1400/1140 1184/1394/1134 1191/1401/1141
f 1156/1363/1103 1153/1360/1100 1184/1394/1134
f 1184/1394/1134 1183/1393/1133 1189/1399/1139
f 1190/1400/1140 1194/1404/1144 1159/1366/1106
f 1183/1393/1133 1186/1396/1136 1188/1398/1138
f 1151/1358/1098 1150/1357/1097 1186/1396/1136
f 1186/1396/1136 1185/1395/1135 1187/1397/1137
f 1185/1395/1135 1161/1368/1108 1182/1392/1132
f 1149/1356/1096 1148/1355/1095 1161/1368/1108
f 1161/1368/1108 1160/1367/1107 1172/1381/1121
f 1150/1357/1097 1149/1356/1096 1185/1395/1135
f 1153/1360/1100 1151/1358/1098 1183/1393/1133
f 1182/1392/1132 1172/1381/1121 1179/1389/1129
f 1179/1389/1129 1176/1386/1126 1178/1388/1128
f 1172/1381/1121 1171/1380/1120 1176/1386/1126
f 1176/1386/1126 1173/1382/1122 1177/1387/1127
f 1173/1382/1122 1174/1383/1123 1175/1385/1125
f 1171/1380/1120 1170/1379/1119 1173/1382/1122
f 1174/1383/1123 1162/1370/1110 913/1108/848
f 1162/1370/1110 182/1369/1109 158/1384/1124
f 1166/1375/1115 1163/1371/1111 1162/1370/1110
f 1169/1378/1118 1166/1375/1115 1174/1383/1123
f 1160/1367/1107 1168/1377/1117 1171/1380/1120
f 1130/1337/1077 1128/1335/1075 1168/1377/1117
f 1168/1377/1117 1167/1376/1116 1170/1379/1119
f 1167/1376/1116 1165/1373/1113 1169/1378/1118
f 1127/1334/1074 1126/1333/1073 1165/1373/1113
f 1165/1373/1113 1164/1372/1112 1166/1375/1115
f 1128/1335/1075 1127/1334/1074 1167/1376/1116
f 1164/1372/1112 1103/1307/1047 1163/1371/1111
f 1103/1307/1047 200/1306/1046 183/1374/1114
f 1123/1330/1070 1104/1308/1048 1103/1307/1047
f 1126/1333/1073 1123/1330/1070 1164/1372/1112
f 1163/1371/1111 183/1374/1114 182/1369/1109
f 1148/1355/1095 1130/1337/1077 1160/1367/1107
f 1159/1366/1106 1195/1405/1145 1158/1365/1105
f 1155/1362/1102 1158/1365/1105 1157/1364/1104
f 1156/1363/1103 1159/1366/1106 1155/1362/1102
f 1153/1360/1100 1156/1363/1103 1152/1359/1099
f 1154/1361/1101 1152/1359/1099 1143/1350/1090
f 1154/1361/1101 1145/1352/1092 1151/1358/1098
f 1152/1359/1099 1155/1362/1102 1144/1351/1091
f 1145/1352/1092 1147/1354/1094 1150/1357/1097
f 1140/1347/1087 1136/1343/1083 1147/1354/1094
f 1147/1354/1094 1146/1353/1093 1149/1356/1096
f 1146/1353/1093 1131/1338/1078 1148/1355/1095
f 1135/1342/1082 1132/1339/1079 1131/1338/1078
f 1131/1338/1078 1129/1336/1076 1130/1337/1077
f 1136/1343/1083 1135/1342/1082 1146/1353/1093
f 1145/1352/1092 1154/1361/1101 1141/1348/1088
f 1144/1351/1091 1157/1364/1104 1102/1305/1045
f 1142/1349/1089 1102/1305/1045 1077/1280/1020
f 1143/1350/1090 1144/1351/1091 1142/1349/1089
f 1141/1348/1088 1143/1350/1090 1138/1345/1085
f 1139/1346/1086 1138/1345/1085 1034/1237/977
f 1140/1347/1087 1141/1348/1088 1139/1346/1086
f 1138/1345/1085 1142/1349/1089 1037/1240/980
f 1136/1343/1083 1140/1347/1087 1133/1340/1080
f 1137/1344/1084 1133/1340/1080 1031/1234/974
f 1137/1344/1084 1134/1341/1081 1135/1342/1082
f 1134/1341/1081 1106/1310/1050 1132/1339/1079
f 1027/1230/970 1024/1227/967 1106/1310/1050
f 1106/1310/1050 1105/1309/1049 1119/1325/1065
f 1134/1341/1081 1137/1344/1084 1028/1231/971
f 1133/1340/1080 1139/1346/1086 1032/1235/975
f 1132/1339/1079 1119/1325/1065 1129/1336/1076
f 1129/1336/1076 1125/1332/1072 1128/1335/1075
f 1119/1325/1065 1118/1324/1064 1125/1332/1072
f 1125/1332/1072 1124/1331/1071 1127/1334/1074
f 1124/1331/1071 1121/1327/1067 1126/1333/1073
f 1117/1323/1063 1116/1322/1062 1121/1327/1067
f 1121/1327/1067 1120/1326/1066 1123/1330/1070
f 1118/1324/1064 1117/1323/1063 1124/1331/1071
f 1113/1319/1059 1112/1318/1058 1122/1328/1068
f 1122/1328/1068 1107/1312/1052 1104/1308/1048
f 1107/1312/1052 181/1311/1051 180/1329/1069
f 1112/1318/1058 1108/1313/1053 1107/1312/1052
f 1116/1322/1062 1113/1319/1059 1120/1326/1066
f 1105/1309/1049 1115/1321/1061 1118/1324/1064
f 1005/1208/948 1002/1205/945 1115/1321/1061
f 1115/1321/1061 1114/1320/1060 1117/1323/1063
f 1114/1320/1060 1110/1315/1055 1116/1322/1062
f 1001/1204/944 1000/1203/943 1110/1315/1055
f 1110/1315/1055 1109/1314/1054 1113/1319/1059
f 1002/1205/945 1001/1204/944 1114/1320/1060
f 1109/1314/1054 1111/1316/1056 1112/1318/1058
f 997/1200/940 996/1199/939 1111/1316/1056
f 1111/1316/1056 915/1110/850 1108/1313/1053
f 915/1110/850 178/1113/853 215/1317/1057
f 996/1199/939 916/1111/851 915/1110/850
f 1000/1203/943 997/1200/940 1109/1314/1054
f 1108/1313/1053 215/1317/1057 181/1311/1051
f 1024/1227/967 1005/1208/948 1105/1309/1049
f 1104/1308/1048 180/1329/1069 200/1306/1046
f 1102/1305/1045 1219/1429/1169 1078/1281/1021
f 1101/1304/1044 1239/1449/1189 1100/1303/1043
f 1099/1302/1042 1101/1304/1044 1098/1301/1041
f 1098/1301/1041 1100/1303/1043 1097/1300/1040
f 1096/1299/1039 1099/1302/1042 1093/1296/1036
f 1095/1298/1038 1096/1299/1039 1094/1297/1037
f 1094/1297/1037 1093/1296/1036 1090/1293/1033
f 1093/1296/1036 1098/1301/1041 1092/1295/1035
f 1092/1295/1035 1097/1300/1040 1091/1294/1034
f 1090/1293/1033 1092/1295/1035 1089/1292/1032
f 1089/1292/1032 1091/1294/1034 1063/1266/1006
f 1085/1288/1028 1090/1293/1033 1087/1290/1030
f 1080/1283/1023 1085/1288/1028 1088/1291/1031
f 1088/1291/1031 1087/1290/1030 1065/1268/1008
f 1087/1290/1030 1089/1292/1032 1086/1289/1029
f 1083/1286/1026 1094/1297/1037 1085/1288/1028
f 1084/1287/1027 1095/1298/1038 1083/1286/1026
f 1082/1285/1025 1084/1287/1027 1081/1284/1024
f 1081/1284/1024 1083/1286/1026 1080/1283/1023
f 1079/1282/1022 1082/1285/1025 1074/1277/1017
f 1078/1281/1021 1079/1282/1022 1075/1278/1018
f 1076/1279/1019 1075/1278/1018 1070/1273/1013
f 1077/1280/1020 1078/1281/1021 1076/1279/1019
f 1075/1278/1018 1074/1277/1017 1072/1275/1015
f 1074/1277/1017 1081/1284/1024 1073/1276/1016
f 1073/1276/1016 1080/1283/1023 1066/1269/1009
f 1072/1275/1015 1073/1276/1016 1071/1274/1014
f 1071/1274/1014 1066/1269/1009 1061/1264/1004
f 1070/1273/1013 1072/1275/1015 1068/1271/1011
f 1067/1270/1010 1070/1273/1013 1069/1272/1012
f 1069/1272/1012 1068/1271/1011 1051/1254/994
f 1068/1271/1011 1071/1274/1014 1053/1256/996
f 1036/1239/979 1076/1279/1019 1067/1270/1010
f 1066/1269/1009 1088/1291/1031 1062/1265/1005
f 1065/1268/1008 1086/1289/1029 1064/1267/1007
f 1064/1267/1007 1086/1289/1029 1063/1266/1006
f 1062/1265/1005 1065/1268/1008 1059/1262/1002
f 1061/1264/1004 1062/1265/1005 1060/1263/1003
f 1060/1263/1003 1059/1262/1002 1058/1261/1001
f 1059/1262/1002 1064/1267/1007 1055/1258/998
f 1055/1258/998 914/1109/849 871/1065/805
f 1054/1257/997 1058/1261/1001 1056/1259/999
f 1049/1252/992 1054/1257/997 1057/1260/1000
f 1057/1260/1000 1056/1259/999 765/952/692
f 1056/1259/999 1058/1261/1001 1055/1258/998
f 1052/1255/995 1060/1263/1003 1054/1257/997
f 1053/1256/996 1061/1264/1004 1052/1255/995
f 1051/1254/994 1053/1256/996 1050/1253/993
f 1050/1253/993 1052/1255/995 1049/1252/992
f 1038/1241/981 1051/1254/994 1047/1250/990
f 1019/1222/962 1038/1241/981 1048/1251/991
f 1048/1251/991 1047/1250/990 1045/1248/988
f 1047/1250/990 1050/1253/993 1046/1249/989
f 1046/1249/989 1049/1252/992 1040/1243/983
f 1045/1248/988 1046/1249/989 1044/1247/987
f 1044/1247/987 1040/1243/983 767/954/694
f 1041/1244/984 1045/1248/988 1042/1245/985
f 969/1169/909 1041/1244/984 1043/1246/986
f 1043/1246/986 1042/1245/985 752/939/679
f 1042/1245/985 1044/1247/987 754/941/681
f 976/1176/916 1048/1251/991 1041/1244/984
f 1040/1243/983 1057/1260/1000 1039/1242/982
f 1020/1223/963 1069/1272/1012 1038/1241/981
f 1037/1240/980 1077/1280/1020 1036/1239/979
f 1033/1236/976 1036/1239/979 1035/1238/978
f 1034/1237/977 1037/1240/980 1033/1236/976
f 1032/1235/975 1034/1237/977 1029/1232/972
f 1030/1233/973 1029/1232/972 1018/1221/961
f 1031/1234/974 1032/1235/975 1030/1233/973
f 1029/1232/972 1033/1236/976 1021/1224/964
f 1028/1231/971 1031/1234/974 1022/1225/965
f 1026/1229/969 1022/1225/965 1015/1218/958
f 1027/1230/970 1028/1231/971 1026/1229/969
f 1024/1227/967 1027/1230/970 1023/1226/966
f 1025/1228/968 1023/1226/966 1011/1214/954
f 1025/1228/968 1003/1206/946 1005/1208/948
f 1023/1226/966 1026/1229/969 1012/1215/955
f 1022/1225/965 1030/1233/973 1016/1219/959
f 1021/1224/964 1035/1238/978 1020/1223/963
f 1017/1220/960 1020/1223/963 1019/1222/962
f 1018/1221/961 1021/1224/964 1017/1220/960
f 1016/1219/959 1018/1221/961 1013/1216/956
f 1014/1217/957 1013/1216/956 974/1174/914
f 1015/1218/958 1016/1219/959 1014/1217/957
f 1013/1216/956 1017/1220/960 975/1175/915
f 1012/1215/955 1015/1218/958 1007/1210/950
f 1010/1213/953 1007/1210/950 972/1172/912
f 1011/1214/954 1012/1215/955 1010/1213/953
f 1006/1209/949 1011/1214/954 1008/1211/951
f 1009/1212/952 1008/1211/951 967/1167/907
f 1004/1207/947 1006/1209/949 1009/1212/952
f 1008/1211/951 1010/1213/953 968/1168/908
f 1007/1210/950 1014/1217/957 973/1173/913
f 1003/1206/946 1025/1228/968 1006/1209/949
f 1003/1206/946 999/1202/942 1002/1205/945
f 1004/1207/947 990/1192/932 999/1202/942
f 999/1202/942 998/1201/941 1001/1204/944
f 998/1201/941 993/1195/935 1000/1203/943
f 989/1191/931 988/1190/930 993/1195/935
f 993/1195/935 992/1194/934 997/1200/940
f 990/1192/932 989/1191/931 998/1201/941
f 992/1194/934 995/1197/937 996/1199/939
f 986/1188/928 985/1187/927 995/1197/937
f 995/1197/937 994/1196/936 916/1111/851
f 994/1196/936 978/1179/919 917/1112/852
f 984/1186/926 979/1180/920 978/1179/919
f 978/1179/919 199/1178/918 179/1198/938
f 985/1187/927 984/1186/926 994/1196/936
f 988/1190/930 986/1188/928 992/1194/934
f 990/1192/932 1004/1207/947 977/1177/917
f 991/1193/933 977/1177/917 964/1164/904
f 991/1193/933 987/1189/929 989/1191/931
f 987/1189/929 981/1182/922 988/1190/930
f 946/1146/886 943/1143/883 981/1182/922
f 981/1182/922 980/1181/921 986/1188/928
f 987/1189/929 991/1193/933 949/1149/889
f 980/1181/921 983/1184/924 985/1187/927
f 941/1141/881 940/1140/880 983/1184/924
f 983/1184/924 982/1183/923 984/1186/926
f 982/1183/923 919/1116/856 979/1180/920
f 939/1139/879 920/1117/857 919/1116/856
f 919/1116/856 214/1115/855 213/1185/925
f 940/1140/880 939/1139/879 982/1183/923
f 943/1143/883 941/1141/881 980/1181/921
f 979/1180/920 213/1185/925 199/1178/918
f 977/1177/917 1009/1212/952 965/1165/905
f 975/1175/915 1019/1222/962 976/1176/916
f 973/1173/913 974/1174/914 970/1170/910
f 971/1171/911 970/1170/910 960/1160/900
f 972/1172/912 973/1173/913 971/1171/911
f 970/1170/910 976/1176/916 969/1169/909
f 968/1168/908 972/1172/912 961/1161/901
f 966/1166/906 961/1161/901 958/1158/898
f 967/1167/907 968/1168/908 966/1166/906
f 965/1165/905 967/1167/907 962/1162/902
f 963/1163/903 962/1162/902 955/1155/895
f 964/1164/904 965/1165/905 963/1163/903
f 962/1162/902 966/1166/906 956/1156/896
f 961/1161/901 971/1171/911 959/1159/899
f 960/1160/900 969/1169/909 918/1114/854
f 959/1159/899 960/1160/900 957/1157/897
f 957/1157/897 918/1114/854 744/931/671
f 956/1156/896 958/1158/898 951/1151/891
f 954/1154/894 951/1151/891 691/878/618
f 955/1155/895 956/1156/896 954/1154/894
f 950/1150/890 955/1155/895 952/1152/892
f 953/1153/893 952/1152/892 682/869/609
f 947/1147/887 950/1150/890 953/1153/893
f 952/1152/892 954/1154/894 683/870/610
f 951/1151/891 957/1157/897 693/880/620
f 948/1148/888 963/1163/903 950/1150/890
f 949/1149/889 964/1164/904 948/1148/888
f 945/1145/885 948/1148/888 947/1147/887
f 946/1146/886 949/1149/889 945/1145/885
f 943/1143/883 946/1146/886 942/1142/882
f 944/1144/884 942/1142/882 934/1133/873
f 944/1144/884 936/1135/875 941/1141/881
f 942/1142/882 945/1145/885 935/1134/874
f 936/1135/875 938/1137/877 940/1140/880
f 931/1130/870 927/1126/866 938/1137/877
f 938/1137/877 937/1136/876 939/1139/879
f 937/1136/876 922/1120/860 920/1117/857
f 926/1125/865 923/1121/861 922/1120/860
f 922/1120/860 198/1119/859 212/1138/878
f 927/1126/866 926/1125/865 937/1136/876
f 936/1135/875 944/1144/884 932/1131/871
f 935/1134/874 947/1147/887 921/1118/858
f 933/1132/872 921/1118/858 680/867/607
f 934/1133/873 935/1134/874 933/1132/872
f 932/1131/871 934/1133/873 929/1128/868
f 930/1129/869 929/1128/868 655/842/582
f 931/1130/870 932/1131/871 930/1129/869
f 929/1128/868 933/1132/872 657/844/584
f 927/1126/866 931/1130/870 924/1122/862
f 928/1127/867 924/1122/862 653/840/580
f 928/1127/867 925/1123/863 926/1125/865
f 925/1123/863 232/344/84 923/1121/861
f 232/344/84 925/1123/863 642/829/569
f 232/344/84 160/343/83 177/1124/864
f 925/1123/863 928/1127/867 644/831/571
f 924/1122/862 930/1129/869 654/841/581
f 923/1121/861 177/1124/864 198/1119/859
f 921/1118/858 953/1153/893 681/868/608
f 920/1117/857 212/1138/878 214/1115/855
f 918/1114/854 1043/1246/986 746/933/673
f 917/1112/852 179/1198/938 178/1113/853
f 914/1109/849 1299/1509/1249 873/1067/807
f 913/1108/848 158/1384/1124 157/1106/846
f 908/1102/842 911/1105/845 229/339/79
f 905/1099/839 907/1101/841 911/1105/845
f 909/1103/843 908/1102/842 432/581/321
f 900/1094/834 909/1103/843 910/1104/844
f 903/1097/837 904/1098/838 909/1103/843
f 899/1093/833 900/1094/834 437/586/326
f 904/1098/838 905/1099/839 908/1102/842
f 901/1095/835 906/1100/840 907/1101/841
f 883/1077/817 887/1081/821 906/1100/840
f 902/1096/836 901/1095/835 905/1099/839
f 888/1082/822 902/1096/836 904/1098/838
f 879/1073/813 882/1076/816 902/1096/836
f 889/1083/823 888/1082/822 903/1097/837
f 882/1076/816 883/1077/817 901/1095/835
f 896/1090/830 903/1097/837 900/1094/834
f 897/1091/831 899/1093/833 411/560/300
f 895/1089/829 896/1090/830 899/1093/833
f 898/1092/832 897/1091/831 422/571/311
f 890/1084/824 898/1092/832 415/564/304
f 893/1087/827 894/1088/828 898/1092/832
f 832/1026/766 890/1084/824 417/566/306
f 894/1088/828 895/1089/829 897/1091/831
f 891/1085/825 889/1083/823 896/1090/830
f 856/1050/790 860/1054/794 889/1083/823
f 892/1086/826 891/1085/825 895/1089/829
f 833/1027/767 892/1086/826 894/1088/828
f 853/1047/787 855/1049/789 892/1086/826
f 828/1022/762 833/1027/767 893/1087/827
f 855/1049/789 856/1050/790 891/1085/825
f 829/1023/763 893/1087/827 890/1084/824
f 860/1054/794 879/1073/813 888/1082/822
f 885/1079/819 886/1080/820 887/1081/821
f 877/1071/811 884/1078/818 886/1080/820
f 878/1072/812 877/1071/811 885/1079/819
f 875/1069/809 876/1070/810 884/1078/818
f 881/1075/815 885/1079/819 883/1077/817
f 880/1074/814 881/1075/815 882/1076/816
f 861/1055/795 878/1072/812 881/1075/815
f 857/1051/791 861/1055/795 880/1074/814
f 868/1062/802 869/1063/803 878/1072/812
f 859/1053/793 880/1074/814 879/1073/813
f 869/1063/803 875/1069/809 877/1071/811
f 870/1064/804 874/1068/808 876/1070/810
f 867/1061/801 870/1064/804 875/1069/809
f 872/1066/806 1301/1511/1251 874/1068/808
f 873/1067/807 1301/1511/1251 872/1066/806
f 863/1057/797 862/1056/796 872/1066/806
f 871/1065/805 873/1067/807 862/1056/796
f 866/1060/800 872/1066/806 870/1064/804
f 864/1058/798 867/1061/801 869/1063/803
f 848/1042/782 864/1058/798 868/1062/802
f 865/1059/799 866/1060/800 867/1061/801
f 834/1028/768 863/1057/797 866/1060/800
f 835/1029/769 834/1028/768 865/1059/799
f 761/948/688 762/949/689 863/1057/797
f 847/1041/781 865/1059/799 864/1058/798
f 762/949/689 769/956/696 862/1056/796
f 850/1044/784 868/1062/802 861/1055/795
f 858/1052/792 859/1053/793 860/1054/794
f 851/1045/785 857/1051/791 859/1053/793
f 852/1046/786 851/1045/785 858/1052/792
f 849/1043/783 850/1044/784 857/1051/791
f 854/1048/788 858/1052/792 856/1050/790
f 855/1049/789 853/1047/787 837/1031/771
f 852/1046/786 854/1048/788 837/1031/771
f 853/1047/787 812/1003/743 811/1002/742
f 844/1038/778 849/1043/783 851/1045/785
f 845/1039/779 848/1042/782 850/1044/784
f 843/1037/777 845/1039/779 849/1043/783
f 846/1040/780 847/1041/781 848/1042/782
f 838/1032/772 835/1029/769 847/1041/781
f 839/1033/773 838/1032/772 846/1040/780
f 724/911/651 725/912/652 835/1029/769
f 842/1036/776 846/1040/780 845/1039/779
f 840/1034/774 843/1037/777 844/1038/778
f 802/993/733 840/1034/774 836/1030/770
f 841/1035/775 842/1036/776 843/1037/777
f 771/958/698 839/1033/773 842/1036/776
f 800/991/731 771/958/698 841/1035/775
f 716/903/643 717/904/644 839/1033/773
f 801/992/732 841/1035/775 840/1034/774
f 717/904/644 724/911/651 838/1032/772
f 837/1031/771 811/1002/742 805/996/736
f 725/912/652 761/948/688 834/1028/768
f 812/1003/743 853/1047/787 833/1027/767
f 830/1024/764 832/1026/766 356/492/232
f 827/1021/761 829/1023/763 832/1026/766
f 831/1025/765 830/1024/764 389/531/271
f 822/1016/756 826/1020/760 831/1025/765
f 823/1017/757 831/1025/765 382/524/264
f 826/1020/760 827/1021/761 830/1024/764
f 824/1018/758 828/1022/762 829/1023/763
f 828/1022/762 824/1018/758 810/1001/741
f 825/1019/759 824/1018/758 827/1021/761
f 826/1020/760 822/1016/756 813/1004/744
f 825/1019/759 813/1004/744 807/998/738
f 822/1016/756 820/1014/754 819/1013/753
f 824/1018/758 825/1019/759 809/1000/740
f 823/1017/757 821/1015/755 820/1014/754
f 371/512/252 365/504/244 814/1005/745
f 230/341/81 163/340/80 171/1006/746
f 818/1012/752 820/1014/754 821/1015/755
f 820/1014/754 818/1012/752 815/1008/748
f 819/1013/753 815/1008/748 788/979/719
f 818/1012/752 816/1009/749 817/1011/751
f 817/1011/751 773/961/701 772/960/700
f 773/961/701 817/1011/751 816/1009/749
f 815/1008/748 817/1011/751 787/978/718
f 152/1007/747 816/1009/749 814/1005/745
f 813/1004/744 819/1013/753 790/981/721
f 812/1003/743 810/1001/741 806/997/737
f 811/1002/742 806/997/737 803/994/734
f 810/1001/741 809/1000/740 808/999/739
f 809/1000/740 807/998/738 792/983/723
f 808/999/739 792/983/723 791/982/722
f 807/998/738 790/981/721 789/980/720
f 806/997/737 808/999/739 804/995/735
f 799/990/730 802/993/733 805/996/736
f 797/988/728 799/990/730 803/994/734
f 798/989/729 801/992/732 802/993/733
f 801/992/732 798/989/729 793/984/724
f 798/989/729 796/987/727 795/986/726
f 800/991/731 793/984/724 565/737/477
f 799/990/730 797/988/728 796/987/727
f 797/988/728 804/995/735 791/982/722
f 796/987/727 794/985/725 774/962/702
f 794/985/725 783/973/713 782/972/712
f 795/986/726 774/962/702 558/730/470
f 791/982/722 784/974/714 783/973/713
f 793/984/724 795/986/726 559/731/471
f 792/983/723 789/980/720 784/974/714
f 790/981/721 788/979/719 785/975/715
f 789/980/720 785/975/715 781/971/711
f 788/979/719 787/978/718 786/977/717
f 787/978/718 772/960/700 776/965/705
f 786/977/717 776/965/705 775/964/704
f 772/960/700 153/959/699 148/976/716
f 785/975/715 786/977/717 780/970/710
f 784/974/714 781/971/711 778/967/707
f 782/972/712 783/973/713 778/967/707
f 781/971/711 780/970/710 779/969/709
f 780/970/710 775/964/704 450/603/343
f 779/969/709 450/603/343 449/602/342
f 775/964/704 147/963/703 155/968/708
f 778/967/707 779/969/709 527/699/439
f 776/965/705 148/976/716 147/963/703
f 774/962/702 782/972/712 533/705/445
f 773/961/701 151/1010/750 153/959/699
f 771/958/698 800/991/731 566/738/478
f 770/957/697 871/1065/805 769/956/696
f 768/955/695 769/956/696 762/949/689
f 765/952/692 770/957/697 768/955/695
f 767/954/694 1039/1242/982 766/953/693
f 766/953/693 1039/1242/982 765/952/692
f 755/942/682 764/951/691 763/950/690
f 753/940/680 766/953/693 755/942/682
f 764/951/691 768/955/695 760/947/687
f 757/944/684 760/947/687 762/949/689
f 723/910/650 757/944/684 761/948/688
f 759/946/686 763/950/690 760/947/687
f 756/943/683 763/950/690 759/946/686
f 721/908/648 758/945/685 759/946/686
f 735/922/662 756/943/683 758/945/685
f 722/909/649 759/946/686 757/944/684
f 749/936/676 750/937/677 755/942/682
f 754/941/681 767/954/694 753/940/680
f 752/939/679 754/941/681 751/938/678
f 751/938/678 753/940/680 750/937/677
f 747/934/674 750/937/677 749/936/676
f 742/929/669 747/934/674 748/935/675
f 748/935/675 749/936/676 735/922/662
f 745/932/672 751/938/678 747/934/674
f 746/933/673 752/939/679 745/932/672
f 744/931/671 746/933/673 743/930/670
f 743/930/670 745/932/672 742/929/669
f 740/927/667 742/929/669 739/926/666
f 689/876/616 740/927/667 741/928/668
f 741/928/668 739/926/666 737/924/664
f 692/879/619 743/930/670 740/927/667
f 739/926/666 748/935/675 738/925/665
f 737/924/664 738/925/665 736/923/663
f 736/923/663 738/925/665 735/922/662
f 728/915/655 726/913/653 720/907/647
f 734/921/661 736/923/663 728/915/655
f 727/914/654 737/924/664 734/921/661
f 686/873/613 727/914/654 733/920/660
f 733/920/660 734/921/661 732/919/659
f 730/917/657 732/919/659 729/916/656
f 669/856/596 730/917/657 731/918/658
f 731/918/658 729/916/656 707/894/634
f 672/859/599 733/920/660 730/917/657
f 729/916/656 732/919/659 728/915/655
f 688/875/615 741/928/668 727/914/654
f 726/913/653 758/945/685 721/908/648
f 719/906/646 723/910/650 725/912/652
f 715/902/642 719/906/646 724/911/651
f 718/905/645 722/909/649 723/910/650
f 722/909/649 718/905/645 710/897/637
f 718/905/645 714/901/641 713/900/640
f 721/908/648 710/897/637 708/895/635
f 719/906/646 715/902/642 714/901/641
f 717/904/644 716/903/643 712/899/639
f 716/903/643 566/738/478 564/736/476
f 715/902/642 712/899/639 711/898/638
f 714/901/641 711/898/638 696/883/623
f 711/898/638 563/735/475 562/734/474
f 713/900/640 696/883/623 695/882/622
f 712/899/639 564/736/476 563/735/475
f 710/897/637 713/900/640 703/890/630
f 709/896/636 720/907/647 708/895/635
f 708/895/635 703/890/630 702/889/629
f 707/894/634 709/896/636 706/893/633
f 694/881/621 707/894/634 704/891/631
f 705/892/632 704/891/631 701/888/628
f 619/799/539 666/853/593 694/881/621
f 704/891/631 706/893/633 702/889/629
f 703/890/630 695/882/622 699/886/626
f 695/882/622 551/723/463 550/722/462
f 701/888/628 702/889/629 699/886/626
f 697/884/624 701/888/628 698/885/625
f 700/887/627 698/885/625 549/721/461
f 615/795/535 697/884/624 700/887/627
f 699/886/626 550/722/462 549/721/461
f 614/794/534 705/892/632 697/884/624
f 696/883/623 562/734/474 551/723/463
f 668/855/595 731/918/658 694/881/621
f 693/880/620 744/931/671 692/879/619
f 691/878/618 693/880/620 690/877/617
f 690/877/617 692/879/619 689/876/616
f 685/872/612 689/876/616 688/875/615
f 678/865/605 685/872/612 687/874/614
f 687/874/614 688/875/615 686/873/613
f 684/871/611 690/877/617 685/872/612
f 683/870/610 691/878/618 684/871/611
f 681/868/608 682/869/609 679/866/606
f 680/867/607 681/868/608 675/862/602
f 679/866/606 684/871/611 678/865/605
f 676/863/603 678/865/605 674/861/601
f 652/839/579 676/863/603 677/864/604
f 677/864/604 674/861/601 671/858/598
f 675/862/602 679/866/606 676/863/603
f 674/861/601 687/874/614 673/860/600
f 673/860/600 686/873/613 672/859/599
f 671/858/598 673/860/600 670/857/597
f 670/857/597 672/859/599 669/856/596
f 665/852/592 669/856/596 668/855/595
f 662/849/589 665/852/592 667/854/594
f 667/854/594 668/855/595 666/853/593
f 664/851/591 670/857/597 665/852/592
f 658/845/585 671/858/598 664/851/591
f 647/834/574 658/845/585 663/850/590
f 663/850/590 664/851/591 662/849/589
f 660/847/587 662/849/589 659/846/586
f 631/815/555 660/847/587 661/848/588
f 661/848/588 659/846/586 618/798/538
f 634/818/558 663/850/590 660/847/587
f 659/846/586 667/854/594 620/800/540
f 649/836/576 677/864/604 658/845/585
f 657/844/584 680/867/607 656/843/583
f 655/842/582 657/844/584 651/838/578
f 654/841/581 655/842/582 650/837/577
f 653/840/580 654/841/581 645/832/572
f 651/838/578 656/843/583 652/839/579
f 646/833/573 652/839/579 649/836/576
f 641/827/567 646/833/573 648/835/575
f 648/835/575 649/836/576 647/834/574
f 645/832/572 650/837/577 646/833/573
f 644/831/571 653/840/580 643/830/570
f 642/829/569 644/831/571 640/826/566
f 233/345/85 642/829/569 639/825/565
f 640/826/566 643/830/570 641/827/567
f 637/821/561 641/827/567 636/820/560
f 206/822/562 637/821/561 638/824/564
f 638/824/564 636/820/560 633/817/557
f 205/823/563 639/825/565 637/821/561
f 636/820/560 648/835/575 635/819/559
f 635/819/559 647/834/574 634/818/558
f 633/817/557 635/819/559 632/816/556
f 632/816/556 634/818/558 631/815/555
f 629/813/553 631/815/555 621/801/541
f 626/810/550 629/813/553 630/814/554
f 630/814/554 621/801/541 610/790/530
f 628/812/552 632/816/556 629/813/553
f 622/802/542 633/817/557 628/812/552
f 190/803/543 622/802/542 627/811/551
f 627/811/551 628/812/552 626/810/550
f 624/806/546 626/810/550 623/805/545
f 189/807/547 624/806/546 625/809/549
f 625/809/549 623/805/545 595/775/515
f 191/808/548 627/811/551 624/806/546
f 623/805/545 630/814/554 597/777/517
f 217/804/544 638/824/564 622/802/542
f 621/801/541 661/848/588 612/792/532
f 620/800/540 666/853/593 619/799/539
f 618/798/538 620/800/540 617/797/537
f 617/797/537 619/799/539 614/794/534
f 608/788/528 613/793/533 616/796/536
f 616/796/536 613/793/533 614/794/534
f 611/791/531 617/797/537 613/793/533
f 612/792/532 618/798/538 611/791/531
f 610/790/530 612/792/532 609/789/529
f 609/789/529 611/791/531 608/788/528
f 606/786/526 608/788/528 605/785/525
f 593/773/513 606/786/526 607/787/527
f 607/787/527 605/785/525 601/781/521
f 596/776/516 609/789/529 606/786/526
f 605/785/525 616/796/536 604/784/524
f 604/784/524 615/795/535 567/739/479
f 603/783/523 567/739/479 546/718/458
f 601/781/521 604/784/524 603/783/523
f 590/770/510 598/778/518 602/782/522
f 602/782/522 598/778/518 601/781/521
f 600/780/520 599/779/519 505/673/413
f 581/759/499 602/782/522 600/780/520
f 599/779/519 603/783/523 508/676/416
f 592/772/512 607/787/527 598/778/518
f 597/777/517 610/790/530 596/776/516
f 595/775/515 597/777/517 594/774/514
f 594/774/514 596/776/516 593/773/513
f 589/769/509 593/773/513 592/772/512
f 586/766/506 589/769/509 591/771/511
f 591/771/511 592/772/512 590/770/510
f 588/768/508 594/774/514 589/769/509
f 568/740/480 595/775/515 588/768/508
f 169/741/481 568/740/480 587/767/507
f 587/767/507 588/768/508 586/766/506
f 584/762/502 586/766/506 583/761/501
f 203/763/503 584/762/502 585/765/505
f 585/765/505 583/761/501 580/758/498
f 216/764/504 587/767/507 584/762/502
f 583/761/501 591/771/511 582/760/500
f 582/760/500 590/770/510 581/759/499
f 580/758/498 582/760/500 579/757/497
f 579/757/497 581/759/499 569/743/483
f 574/752/492 577/755/495 578/756/496
f 577/755/495 569/743/483 502/670/410
f 576/754/494 579/757/497 577/755/495
f 570/744/484 580/758/498 576/754/494
f 187/745/485 570/744/484 575/753/493
f 575/753/493 576/754/494 574/752/492
f 572/748/488 574/752/492 571/747/487
f 202/749/489 572/748/488 573/751/491
f 573/751/491 571/747/487 487/655/395
f 188/750/490 575/753/493 572/748/488
f 571/747/487 578/756/496 490/658/398
f 204/746/486 585/765/505 570/744/484
f 569/743/483 600/780/520 503/671/411
f 168/742/482 625/809/549 568/740/480
f 567/739/479 700/887/627 547/719/459
f 566/738/478 565/737/477 561/733/473
f 565/737/477 559/731/471 557/729/469
f 564/736/476 561/733/473 560/732/472
f 563/735/475 560/732/472 552/724/464
f 562/734/474 552/724/464 548/720/460
f 560/732/472 556/728/468 555/727/467
f 561/733/473 557/729/469 556/728/468
f 559/731/471 558/730/470 554/726/466
f 558/730/470 533/705/445 532/704/444
f 557/729/469 554/726/466 553/725/465
f 556/728/468 553/725/465 535/707/447
f 553/725/465 531/703/443 530/702/442
f 555/727/467 535/707/447 534/706/446
f 554/726/466 532/704/444 531/703/443
f 552/724/464 555/727/467 542/714/454
f 551/723/463 548/720/460 544/716/456
f 550/722/462 544/716/456 543/715/455
f 548/720/460 542/714/454 541/713/453
f 547/719/459 549/721/461 543/715/455
f 543/715/455 540/712/452 536/708/448
f 546/718/458 547/719/459 545/717/457
f 544/716/456 541/713/453 540/712/452
f 542/714/454 534/706/446 538/710/450
f 541/713/453 538/710/450 537/709/449
f 534/706/446 523/694/434 521/692/432
f 540/712/452 537/709/449 539/711/451
f 506/674/414 536/708/448 539/711/451
f 537/709/449 520/691/431 509/677/417
f 538/710/450 521/692/432 520/691/431
f 507/675/415 545/717/457 536/708/448
f 535/707/447 530/702/442 523/694/434
f 533/705/445 777/966/706 528/700/440
f 532/704/444 528/700/440 529/701/441
f 531/703/443 529/701/441 524/695/435
f 529/701/441 526/698/438 525/697/437
f 530/702/442 524/695/435 522/693/433
f 528/700/440 777/966/706 527/699/439
f 527/699/439 449/602/342 511/680/420
f 525/697/437 526/698/438 511/680/420
f 449/602/342 154/601/341 165/696/436
f 524/695/435 525/697/437 517/688/428
f 523/694/434 522/693/433 519/690/430
f 522/693/433 517/688/428 516/687/427
f 521/692/432 519/690/430 518/689/429
f 518/689/429 515/686/426 512/681/421
f 519/690/430 516/687/427 515/686/426
f 517/688/428 510/679/419 513/683/423
f 516/687/427 513/683/423 514/684/424
f 515/686/426 514/684/424 453/609/349
f 514/684/424 193/682/422 174/685/425
f 512/681/421 453/609/349 452/608/348
f 513/683/423 510/679/419 194/678/418
f 495/663/403 509/677/417 512/681/421
f 511/680/420 165/696/436 194/678/418
f 498/666/406 539/711/451 509/677/417
f 508/676/416 546/718/458 507/675/415
f 504/672/412 507/675/415 506/674/414
f 505/673/413 508/676/416 504/672/412
f 503/671/411 505/673/413 500/668/408
f 501/669/409 500/668/408 497/665/405
f 502/670/410 503/671/411 501/669/409
f 500/668/408 504/672/412 499/667/407
f 499/667/407 506/674/414 498/666/406
f 497/665/405 499/667/407 496/664/404
f 496/664/404 498/666/406 495/663/403
f 491/659/399 497/665/405 493/661/401
f 488/656/396 491/659/399 494/662/402
f 494/662/402 493/661/401 492/660/400
f 493/661/401 496/664/404 472/638/378
f 489/657/397 501/669/409 491/659/399
f 490/658/398 502/670/410 489/657/397
f 486/654/394 489/657/397 488/656/396
f 487/655/395 490/658/398 486/654/394
f 451/604/344 487/655/395 484/652/392
f 485/653/393 484/652/392 482/650/390
f 186/605/345 451/604/344 485/653/393
f 484/652/392 486/654/394 483/651/391
f 483/651/391 488/656/396 477/643/383
f 482/650/390 483/651/391 481/649/389
f 481/649/389 477/643/383 475/641/381
f 478/644/384 482/650/390 479/647/387
f 226/645/385 478/644/384 480/648/388
f 480/648/388 479/647/387 465/629/369
f 479/647/387 481/649/389 467/631/371
f 225/646/386 485/653/393 478/644/384
f 477/643/383 494/662/402 476/642/382
f 472/638/378 495/663/403 471/637/377
f 476/642/382 492/660/400 473/639/379
f 475/641/381 476/642/382 474/640/380
f 474/640/380 473/639/379 469/635/375
f 473/639/379 492/660/400 472/638/378
f 452/608/348 172/607/347 156/633/373
f 468/632/372 469/635/375 166/634/374
f 469/635/375 470/636/376 156/633/373
f 466/630/370 474/640/380 468/632/372
f 467/631/371 475/641/381 466/630/370
f 465/629/369 467/631/371 464/628/368
f 464/628/368 466/630/370 455/615/355
f 454/610/350 465/629/369 462/626/366
f 224/611/351 454/610/350 463/627/367
f 463/627/367 462/626/366 460/624/364
f 462/626/366 464/628/368 461/625/365
f 460/624/364 461/625/365 459/623/363
f 459/623/363 461/625/365 455/615/355
f 456/616/356 460/624/364 457/621/361
f 221/617/357 456/616/356 458/622/362
f 458/622/362 457/621/361 201/620/360
f 457/621/361 459/623/363 184/619/359
f 222/618/358 463/627/367 456/616/356
f 455/615/355 468/632/372 159/613/353
f 223/612/352 480/648/388 454/610/350
f 453/609/349 174/685/425 172/607/347
f 185/606/346 573/751/491 451/604/344
f 450/603/343 155/968/708 154/601/341
f 448/600/340 336/461/201 132/460/200
f 444/593/333 235/350/90 336/461/201
f 445/594/334 444/593/333 448/600/340
f 443/592/332 236/351/91 235/350/90
f 447/597/337 448/600/340 142/599/339
f 446/596/336 447/597/337 141/598/338
f 408/557/297 445/594/334 447/597/337
f 405/552/292 408/557/297 446/596/336
f 428/577/317 429/578/318 445/594/334
f 407/554/294 446/596/336 143/595/335
f 429/578/318 443/592/332 444/593/333
f 440/589/329 242/357/97 241/356/96
f 441/590/330 241/356/96 236/351/91
f 436/585/325 439/588/328 442/591/331
f 431/580/320 442/591/331 443/592/332
f 439/588/328 440/589/329 441/590/330
f 247/362/102 242/357/97 440/589/329
f 228/338/78 248/363/103 433/582/322
f 435/584/324 433/582/322 440/589/329
f 438/587/327 435/584/324 439/588/328
f 409/558/298 434/583/323 435/584/324
f 410/559/299 409/558/298 438/587/327
f 437/586/326 910/1104/844 434/583/323
f 424/573/313 438/587/327 436/585/325
f 434/583/323 910/1104/844 432/581/321
f 425/574/314 436/585/325 431/580/320
f 421/570/310 425/574/314 430/579/319
f 426/575/315 430/579/319 429/578/318
f 416/565/305 420/569/309 427/576/316
f 412/561/301 427/576/316 428/577/317
f 420/569/309 421/570/310 426/575/315
f 423/572/312 424/573/313 425/574/314
f 413/562/302 410/559/299 424/573/313
f 414/563/303 413/562/302 423/572/312
f 422/571/311 411/560/300 410/559/299
f 419/568/308 423/572/312 421/570/310
f 418/567/307 419/568/308 420/569/309
f 354/490/230 414/563/303 419/568/308
f 355/491/231 354/490/230 418/567/307
f 417/566/306 415/564/304 414/563/303
f 391/533/273 418/567/307 416/565/305
f 415/564/304 422/571/311 413/562/302
f 392/534/274 416/565/305 412/561/301
f 411/560/300 437/586/326 409/558/298
f 396/538/278 428/577/317 408/557/297
f 403/547/287 404/551/291 136/556/296
f 406/553/293 407/554/294 137/555/295
f 398/540/280 405/552/292 407/554/294
f 399/541/281 398/540/280 406/553/293
f 395/537/277 396/538/278 405/552/292
f 402/546/286 406/553/293 404/551/291
f 400/542/282 403/547/287 144/550/290
f 211/543/283 400/542/282 139/548/288
f 401/545/285 402/546/286 403/547/287
f 357/493/233 399/541/281 402/546/286
f 170/494/234 357/493/233 401/545/285
f 375/516/256 377/519/259 399/541/281
f 208/544/284 401/545/285 400/542/282
f 377/519/259 395/537/277 398/540/280
f 388/530/270 392/534/274 397/539/279
f 393/535/275 397/539/279 396/538/278
f 384/526/266 387/529/269 394/536/276
f 379/521/261 394/536/276 395/537/277
f 387/529/269 388/530/270 393/535/275
f 390/532/272 391/533/273 392/534/274
f 380/522/262 355/491/231 391/533/273
f 381/523/263 380/522/262 390/532/272
f 389/531/271 356/492/232 355/491/231
f 386/528/268 390/532/272 388/530/270
f 383/525/265 386/528/268 387/529/269
f 358/496/236 381/523/263 386/528/268
f 359/497/237 358/496/236 383/525/265
f 385/527/267 382/524/264 381/523/263
f 384/526/266 373/514/254 372/513/253
f 382/524/264 389/531/271 380/522/262
f 373/514/254 384/526/266 379/521/261
f 370/511/251 373/514/254 378/520/260
f 374/515/255 378/520/260 377/519/259
f 376/518/258 362/501/241 361/500/240
f 362/501/241 376/518/258 375/516/256
f 374/515/255 376/518/258 368/509/249
f 373/514/254 370/511/251 369/510/250
f 363/502/242 359/497/237 372/513/253
f 364/503/243 363/502/242 369/510/250
f 371/512/252 360/498/238 359/497/237
f 370/511/251 368/509/249 367/508/248
f 368/509/249 361/500/240 366/506/246
f 231/342/82 364/503/243 367/508/248
f 164/507/247 231/342/82 366/506/246
f 364/503/243 231/342/82 230/341/81
f 361/500/240 162/499/239 192/505/245
f 365/504/244 371/512/252 363/502/242
f 362/501/241 149/517/257 162/499/239
f 360/498/238 385/527/267 358/496/236
f 150/495/235 375/516/256 357/493/233
f 356/492/232 417/566/306 354/490/230
f 140/489/229 145/2077/1817 128/488/228
f 353/485/225 128/488/228 121/487/227
f 127/486/226 140/489/229 353/485/225
f 352/483/223 121/487/227 104/484/224
f 348/476/216 352/483/223 344/472/212
f 351/481/221 353/485/225 352/483/223
f 120/482/222 127/486/226 351/481/221
f 118/480/220 120/482/222 349/477/217
f 350/478/218 349/477/217 347/475/215
f 116/479/219 118/480/220 350/478/218
f 349/477/217 351/481/221 348/476/216
f 347/475/215 348/476/216 343/471/211
f 346/474/214 343/471/211 342/469/209
f 345/473/213 347/475/215 346/474/214
f 334/456/196 350/478/218 345/473/213
f 344/472/212 104/484/224 123/470/210
f 342/469/209 123/470/210 131/468/208
f 339/464/204 338/463/203 87/467/207
f 341/466/206 131/468/208 87/467/207
f 335/458/198 342/469/209 341/466/206
f 340/465/205 341/466/206 338/463/203
f 323/442/182 335/458/198 340/465/205
f 235/350/90 234/349/89 339/464/204
f 273/388/128 275/390/130 337/462/202
f 279/394/134 340/465/205 337/462/202
f 336/461/201 339/464/204 125/459/199
f 324/443/183 346/474/214 335/458/198
f 114/457/197 116/479/219 334/456/196
f 326/445/185 334/456/196 333/455/195
f 112/454/194 114/457/197 326/445/185
f 110/453/193 112/454/194 332/452/192
f 108/451/191 110/453/193 331/450/190
f 331/450/190 332/452/192 330/449/189
f 328/447/187 330/449/189 327/446/186
f 315/432/172 328/447/187 329/448/188
f 329/448/188 327/446/186 320/439/179
f 317/435/175 331/450/190 328/447/187
f 327/446/186 330/449/189 326/445/185
f 325/444/184 333/455/195 324/443/183
f 322/441/181 324/443/183 323/442/182
f 320/439/179 325/444/184 322/441/181
f 312/429/169 318/437/177 321/440/180
f 321/440/180 318/437/177 320/439/179
f 282/397/137 319/438/178 280/395/135
f 301/416/156 321/440/180 282/397/137
f 319/438/178 322/441/181 281/396/136
f 314/431/171 329/448/188 318/437/177
f 105/436/176 108/451/191 317/435/175
f 106/434/174 105/436/176 316/433/173
f 316/433/173 317/435/175 315/432/172
f 311/428/168 315/432/172 314/431/171
f 308/423/163 311/428/168 313/430/170
f 313/430/170 314/431/171 312/429/169
f 310/426/166 316/433/173 311/428/168
f 124/427/167 106/434/174 310/426/166
f 130/425/165 124/427/167 309/424/164
f 309/424/164 310/426/166 308/423/163
f 304/419/159 308/423/163 303/418/158
f 305/420/160 304/419/159 307/422/162
f 307/422/162 303/418/158 300/415/155
f 306/421/161 309/424/164 304/419/159
f 303/418/158 313/430/170 302/417/157
f 302/417/157 312/429/169 301/416/156
f 300/415/155 302/417/157 299/414/154
f 299/414/154 301/416/156 298/413/153
f 296/411/151 298/413/153 283/398/138
f 294/409/149 296/411/151 297/412/152
f 297/412/152 283/398/138 268/383/123
f 295/410/150 299/414/154 296/411/151
f 284/399/139 300/415/155 295/410/150
f 293/408/148 295/410/150 294/409/149
f 285/400/140 284/399/139 293/408/148
f 289/404/144 294/409/149 288/403/143
f 292/407/147 288/403/143 271/386/126
f 290/405/145 289/404/144 292/407/147
f 291/406/146 293/408/148 289/404/144
f 288/403/143 297/412/152 287/402/142
f 286/401/141 307/422/162 284/399/139
f 283/398/138 298/413/153 282/397/137
f 281/396/136 323/442/182 279/394/134
f 278/393/133 280/395/135 276/391/131
f 277/392/132 276/391/131 274/389/129
f 268/383/123 278/393/133 277/392/132
f 276/391/131 279/394/134 275/390/130
f 274/389/129 275/390/130 273/388/128
f 272/387/127 274/389/129 240/355/95
f 241/356/96 240/355/95 273/388/128
f 269/384/124 277/392/132 272/387/127
f 271/386/126 287/402/142 270/385/125
f 270/385/125 287/402/142 268/383/123
f 258/373/113 269/384/124 267/382/122
f 266/381/121 270/385/125 258/373/113
f 237/352/92 271/386/126 266/381/121
f 264/379/119 266/381/121 265/380/120
f 238/353/93 237/352/92 264/379/119
f 260/375/115 265/380/120 259/374/114
f 261/376/116 260/375/115 263/378/118
f 263/378/118 259/374/114 254/369/109
f 262/377/117 264/379/119 260/375/115
f 259/374/114 265/380/120 258/373/113
f 257/372/112 267/382/122 256/371/111
f 247/362/102 246/361/101 256/371/111
f 254/369/109 257/372/112 246/361/101
f 244/359/99 243/358/98 255/370/110
f 255/370/110 243/358/98 254/369/109
f 253/368/108 250/365/105 249/364/104
f 227/337/77 249/364/104 252/367/107
f 251/366/106 255/370/110 249/364/104
f 248/363/103 252/367/107 246/361/101
f 245/360/100 263/378/118 243/358/98
f 242/357/97 256/371/111 240/355/95
f 239/354/94 292/407/147 237/352/92
f 236/351/91 273/388/128 234/349/89
f 218/348/88 458/622/362 220/346/86
f 233/345/85 161/828/568 160/343/83
f 231/342/82 164/507/247 163/340/80
f 229/339/79 253/368/108 227/337/77
g ___07_(1)
v 0.529586 -0.02 -0.0704142 0.898039 0.898039 0.898039
v 0.529586 -0.29 -0.0804142 0.898039 0.898039 0.898039
v 0.539586 -0.29 -0.0804142 0.898039 0.898039 0.898039
v 0.539586 -0.02 -0.0704142 0.898039 0.898039 0.898039
v 0.529586 -0.34 -0.120414 0.898039 0.898039 0.898039
v 0.539586 -0.34 -0.120414 0.898039 0.898039 0.898039
v 0.539586 -0.338437 -0.116504 0.898039 0.898039 0.898039
v 0.529586 -0.338437 -0.116504 0.898039 0.898039 0.898039
v 0.539586 -0.33661 -0.112711 0.898039 0.898039 0.898039
v 0.529586 -0.33661 -0.112711 0.898039 0.898039 0.898039
v 0.539586 -0.334526 -0.109053 0.898039 0.898039 0.898039
v 0.529586 -0.334526 -0.109053 0.898039 0.898039 0.898039
v 0.539586 -0.332195 -0.105546 0.898039 0.898039 0.898039
v 0.529586 -0.332195 -0.105546 0.898039 0.898039 0.898039
v 0.539586 -0.329629 -0.102208 0.898039 0.898039 0.898039
v 0.529586 -0.329629 -0.102208 0.898039 0.898039 0.898039
v 0.539586 -0.32684 -0.0990543 0.898039 0.898039 0.898039
v 0.529586 -0.32684 -0.0990543 0.898039 0.898039 0.898039
v 0.539586 -0.32384 -0.0960995 0.898039 0.898039 0.898039
v 0.529586 -0.32384 -0.0960995 0.898039 0.898039 0.898039
v 0.539586 -0.320645 -0.0933578 0.898039 0.898039 0.898039
v 0.529586 -0.320645 -0.0933578 0.898039 0.898039 0.898039
v 0.539586 -0.317269 -0.0908422 0.898039 0.898039 0.898039
v 0.529586 -0.317269 -0.0908422 0.898039 0.898039 0.898039
v 0.539586 -0.313728 -0.0885645 0.898039 0.898039 0.898039
v 0.529586 -0.313728 -0.0885645 0.898039 0.898039 0.898039
v 0.539586 -0.310038 -0.0865356 0.898039 0.898039 0.898039
v 0.529586 -0.310038 -0.0865356 0.898039 0.898039 0.898039
v 0.539586 -0.306218 -0.084765 0.898039 0.898039 0.898039
v 0.529586 -0.306218 -0.084765 0.898039 0.898039 0.898039
v 0.539586 -0.302286 -0.0832611 0.898039 0.898039 0.898039
v 0.529586 -0.302286 -0.0832611 0.898039 0.898039 0.898039
v 0.539586 -0.298259 -0.082031 0.898039 0.898039 0.898039
v 0.529586 -0.298259 -0.082031 0.898039 0.898039 0.898039
v 0.539586 -0.294157 -0.0810805 0.898039 0.898039 0.898039
v 0.529586 -0.294157 -0.0810805 0.898039 0.898039 0.898039
v 0.529586 -0.32 -0.120414 0.898039 0.898039 0.898039
v 0.539586 -0.32 -0.120414 0.898039 0.898039 0.898039
v 0.529586 -0.292047 -0.0904841 0.898039 0.898039 0.898039
v 0.529586 -0.29 -0.0904142 0.898039 0.898039 0.898039
v 0.539586 -0.29 -0.0904142 0.898039 0.898039 0.898039
v 0.529586 -0.294085 -0.0906936 0.898039 0.898039 0.898039
v 0.539586 -0.292047 -0.0904841 0.898039 0.898039 0.898039
v 0.529586 -0.296104 -0.0910416 0.898039 0.898039 0.898039
v 0.539586 -0.294085 -0.0906936 0.898039 0.898039 0.898039
v 0.529586 -0.298094 -0.0915266 0.898039 0.898039 0.898039
v 0.539586 -0.296104 -0.0910416 0.898039 0.898039 0.898039
v 0.529586 -0.300046 -0.0921463 0.898039 0.898039 0.898039
v 0.539586 -0.298094 -0.0915266 0.898039 0.898039 0.898039
v 0.529586 -0.301952 -0.0928978 0.898039 0.898039 0.898039
v 0.539586 -0.300046 -0.0921463 0.898039 0.898039 0.898039
v 0.529586 -0.303802 -0.0937776 0.898039 0.898039 0.898039
v 0.539586 -0.301952 -0.0928978 0.898039 0.898039 0.898039
v 0.529586 -0.305588 -0.0947816 0.898039 0.898039 0.898039
v 0.539586 -0.303802 -0.0937776 0.898039 0.898039 0.898039
v 0.529586 -0.3073 -0.0959051 0.898039 0.898039 0.898039
v 0.539586 -0.305588 -0.0947816 0.898039 0.898039 0.898039
v 0.529586 -0.308933 -0.0971428 0.898039 0.898039 0.898039
v 0.539586 -0.3073 -0.0959051 0.898039 0.898039 0.898039
v 0.529586 -0.310477 -0.0984891 0.898039 0.898039 0.898039
v 0.539586 -0.308933 -0.0971428 0.898039 0.898039 0.898039
v 0.529586 -0.311925 -0.0999376 0.898039 0.898039 0.898039
v 0.539586 -0.310477 -0.0984891 0.898039 0.898039 0.898039
v 0.529586 -0.313271 -0.101482 0.898039 0.898039 0.898039
v 0.539586 -0.311925 -0.0999376 0.898039 0.898039 0.898039
v 0.529586 -0.314509 -0.103114 0.898039 0.898039 0.898039
v 0.539586 -0.313271 -0.101482 0.898039 0.898039 0.898039
v 0.529586 -0.315633 -0.104827 0.898039 0.898039 0.898039
v 0.539586 -0.314509 -0.103114 0.898039 0.898039 0.898039
v 0.529586 -0.316637 -0.106612 0.898039 0.898039 0.898039
v 0.539586 -0.315633 -0.104827 0.898039 0.898039 0.898039
v 0.529586 -0.317516 -0.108462 0.898039 0.898039 0.898039
v 0.539586 -0.316637 -0.106612 0.898039 0.898039 0.898039
v 0.529586 -0.318268 -0.110368 0.898039 0.898039 0.898039
v 0.539586 -0.317516 -0.108462 0.898039 0.898039 0.898039
v 0.529586 -0.318888 -0.11232 0.898039 0.898039 0.898039
v 0.539586 -0.318268 -0.110368 0.898039 0.898039 0.898039
v 0.529586 -0.319373 -0.11431 0.898039 0.898039 0.898039
v 0.539586 -0.318888 -0.11232 0.898039 0.898039 0.898039
v 0.529586 -0.319721 -0.116329 0.898039 0.898039 0.898039
v 0.539586 -0.319373 -0.11431 0.898039 0.898039 0.898039
v 0.529586 -0.31993 -0.118367 0.898039 0.898039 0.898039
v 0.539586 -0.319721 -0.116329 0.898039 0.898039 0.898039
v 0.539586 -0.31993 -0.118367 0.898039 0.898039 0.898039
v 0.529586 -0.02 -0.0904142 0.898039 0.898039 0.898039
v 0.539586 -0.02 -0.0904142 0.898039 0.898039 0.898039
v 0.529586 0.0289542 -0.050587 0.898039 0.898039 0.898039
v 0.529586 0.00911947 -0.0467048 0.898039 0.898039 0.898039
v 0.529586 0.00955552 -0.0446295 0.898039 0.898039 0.898039
v 0.529586 0.0281459 -0.053904 0.898039 0.898039 0.898039
v 0.529586 0.00854335 -0.0487456 0.898039 0.898039 0.898039
v 0.529586 0.027113 -0.0571581 0.898039 0.898039 0.898039
v 0.529586 0.00782982 -0.0507425 0.898039 0.898039 0.898039
v 0.529586 0.0258606 -0.0603342 0.898039 0.898039 0.898039
v 0.529586 0.00698219 -0.0526863 0.898039 0.898039 0.898039
v 0.529586 0.0115544 -0.0791997 0.898039 0.898039 0.898039
v 0.529586 0.00883402 -0.0812627 0.898039 0.898039 0.898039
v 0.529586 -0.00230368 -0.064091 0.898039 0.898039 0.898039
v 0.529586 0.0059792 -0.0831351 0.898039 0.898039 0.898039
v 0.529586 -0.00403533 -0.0653151 0.898039 0.898039 0.898039
v 0.529586 0.0298834 -0.0438263 0.898039 0.898039 0.898039
v 0.529586 0.00984949 -0.0425294 0.898039 0.898039 0.898039
v 0.529586 0.01 -0.0404142 0.898039 0.898039 0.898039
v 0.529586 0.0295343 -0.0472225 0.898039 0.898039 0.898039
v 0.529586 0.0165418 -0.0745418 0.898039 0.898039 0.898039
v 0.529586 0.000890354 -0.0613045 0.898039 0.898039 0.898039
v 0.529586 0.00233796 -0.0597549 0.898039 0.898039 0.898039
v 0.529586 0.0141277 -0.076956 0.898039 0.898039 0.898039
v 0.529586 -0.000659251 -0.0627521 0.898039 0.898039 0.898039
v 0.529586 0.0243943 -0.0634174 0.898039 0.898039 0.898039
v 0.529586 0.00600437 -0.054568 0.898039 0.898039 0.898039
v 0.529586 0.022721 -0.0663934 0.898039 0.898039 0.898039
v 0.529586 0.0049009 -0.0563788 0.898039 0.898039 0.898039
v 0.529586 0.0208485 -0.0692482 0.898039 0.898039 0.898039
v 0.529586 0.00367688 -0.0581105 0.898039 0.898039 0.898039
v 0.529586 0.0187856 -0.0719686 0.898039 0.898039 0.898039
v 0.529586 0.00300325 -0.0848084 0.898039 0.898039 0.898039
v 0.529586 -0.00584618 -0.0664185 0.898039 0.898039 0.898039
v 0.529586 -7.99455e-05 -0.0862747 0.898039 0.898039 0.898039
v 0.529586 -0.00772786 -0.0673963 0.898039 0.898039 0.898039
v 0.529586 -0.00325602 -0.0875272 0.898039 0.898039 0.898039
v 0.529586 -0.00967167 -0.068244 0.898039 0.898039 0.898039
v 0.529586 -0.00651016 -0.08856 0.898039 0.898039 0.898039
v 0.529586 -0.0116686 -0.0689575 0.898039 0.898039 0.898039
v 0.529586 -0.0098272 -0.0893684 0.898039 0.898039 0.898039
v 0.529586 -0.0137094 -0.0695336 0.898039 0.898039 0.898039
v 0.529586 -0.0131917 -0.0899485 0.898039 0.898039 0.898039
v 0.529586 -0.0157847 -0.0699697 0.898039 0.898039 0.898039
v 0.529586 -0.0165879 -0.0902976 0.898039 0.898039 0.898039
v 0.529586 -0.0178848 -0.0702636 0.898039 0.898039 0.898039
v 0.529586 0.03 -0.0404142 0.898039 0.898039 0.898039
v 0.539586 0.00883402 -0.0812627 0.898039 0.898039 0.898039
v 0.539586 -0.00230368 -0.064091 0.898039 0.898039 0.898039
v 0.539586 -0.00403533 -0.0653151 0.898039 0.898039 0.898039
v 0.539586 0.0115544 -0.0791997 0.898039 0.898039 0.898039
v 0.539586 -0.000659251 -0.0627521 0.898039 0.898039 0.898039
v 0.539586 0.0258606 -0.0603342 0.898039 0.898039 0.898039
v 0.539586 0.027113 -0.0571581 0.898039 0.898039 0.898039
v 0.539586 0.00782982 -0.0507425 0.898039 0.898039 0.898039
v 0.539586 0.0281459 -0.053904 0.898039 0.898039 0.898039
v 0.539586 0.00854335 -0.0487456 0.898039 0.898039 0.898039
v 0.539586 0.0289542 -0.050587 0.898039 0.898039 0.898039
v 0.539586 0.00911947 -0.0467048 0.898039 0.898039 0.898039
v 0.539586 0.0295343 -0.0472225 0.898039 0.898039 0.898039
v 0.539586 0.00955552 -0.0446295 0.898039 0.898039 0.898039
v 0.539586 0.0141277 -0.076956 0.898039 0.898039 0.898039
v 0.539586 0.000890354 -0.0613045 0.898039 0.898039 0.898039
v 0.539586 0.0165418 -0.0745418 0.898039 0.898039 0.898039
v 0.539586 0.0187856 -0.0719686 0.898039 0.898039 0.898039
v 0.539586 0.00233796 -0.0597549 0.898039 0.898039 0.898039
v 0.539586 0.0298834 -0.0438263 0.898039 0.898039 0.898039
v 0.539586 0.00984949 -0.0425294 0.898039 0.898039 0.898039
v 0.539586 0.03 -0.0404142 0.898039 0.898039 0.898039
v 0.539586 0.01 -0.0404142 0.898039 0.898039 0.898039
v 0.539586 0.0208485 -0.0692482 0.898039 0.898039 0.898039
v 0.539586 0.00367688 -0.0581105 0.898039 0.898039 0.898039
v 0.539586 0.022721 -0.0663934 0.898039 0.898039 0.898039
v 0.539586 0.0049009 -0.0563788 0.898039 0.898039 0.898039
v 0.539586 0.0243943 -0.0634174 0.898039 0.898039 0.898039
v 0.539586 0.00600437 -0.054568 0.898039 0.898039 0.898039
v 0.539586 0.00698219 -0.0526863 0.898039 0.898039 0.898039
v 0.539586 -0.0165879 -0.0902976 0.898039 0.898039 0.898039
v 0.539586 -0.0178848 -0.0702636 0.898039 0.898039 0.898039
v 0.539586 -0.0098272 -0.0893684 0.898039 0.898039 0.898039
v 0.539586 -0.0137094 -0.0695336 0.898039 0.898039 0.898039
v 0.539586 -0.0157847 -0.0699697 0.898039 0.898039 0.898039
v 0.539586 -0.00651016 -0.08856 0.898039 0.898039 0.898039
v 0.539586 -0.0116686 -0.0689575 0.898039 0.898039 0.898039
v 0.539586 -0.00325602 -0.0875272 0.898039 0.898039 0.898039
v 0.539586 -0.00967167 -0.068244 0.898039 0.898039 0.898039
v 0.539586 -7.99455e-05 -0.0862747 0.898039 0.898039 0.898039
v 0.539586 -0.00772786 -0.0673963 0.898039 0.898039 0.898039
v 0.539586 0.00300325 -0.0848084 0.898039 0.898039 0.898039
v 0.539586 -0.00584618 -0.0664185 0.898039 0.898039 0.898039
v 0.539586 0.0059792 -0.0831351 0.898039 0.898039 0.898039
v 0.539586 -0.0131917 -0.0899485 0.898039 0.898039 0.898039
vn -2.74932e-16 -0.0370117 0.999315
vn -9.32669e-17 -0.940785 0.339004
vn -1.10833e-16 -0.915264 0.402854
vn -1.27876e-16 -0.885416 0.464799
vn -1.44313e-16 -0.851382 0.524546
vn -1.60069e-16 -0.813322 0.581814
vn -1.75067e-16 -0.771417 0.63633
vn -1.89238e-16 -0.725864 0.687838
vn -2.02514e-16 -0.67688 0.736093
vn -2.14833e-16 -0.624695 0.780869
vn -2.26136e-16 -0.569557 0.821952
vn -2.36369e-16 -0.511725 0.859149
vn -2.45486e-16 -0.451474 0.892284
vn -2.53441e-16 -0.389089 0.9212
vn -2.60198e-16 -0.324864 0.945761
vn -2.65725e-16 -0.259103 0.96585
vn -2.69995e-16 -0.192117 0.981372
vn -2.72989e-16 -0.124222 0.992254
vn 2.7512e-16 0 -1
vn 2.74479e-16 0.0682424 -0.997669
vn 2.72558e-16 0.136167 -0.990686
vn 2.69366e-16 0.203456 -0.979084
vn 2.64918e-16 0.269797 -0.962917
vn 2.59235e-16 0.33488 -0.942261
vn 2.52343e-16 0.398401 -0.917211
vn 2.44275e-16 0.460065 -0.887885
vn 2.35068e-16 0.519584 -0.854419
vn 2.24765e-16 0.57668 -0.81697
vn 2.13414e-16 0.631088 -0.775711
vn 2.01068e-16 0.682553 -0.730836
vn 1.87784e-16 0.730836 -0.682553
vn 1.73625e-16 0.775711 -0.631088
vn 1.58656e-16 0.81697 -0.57668
vn 1.42948e-16 0.854419 -0.519584
vn 1.26573e-16 0.887885 -0.460065
vn 1.09608e-16 0.917211 -0.398401
vn 9.21322e-17 0.942261 -0.33488
vn 7.42266e-17 0.962917 -0.269797
vn 5.59749e-17 0.979084 -0.203456
vn 3.74622e-17 0.990686 -0.136167
vn 1.87749e-17 0.997669 -0.0682424
vn -5.05388e-32 1 1.83697e-16
vn 2.7512e-16 0 -1
vn -1 0 -2.7512e-16
vn 1 0 2.7512e-16
vn 1.20493e-30 1 -4.37966e-15
vn 1.87749e-17 0.997669 -0.0682424
vn 3.74622e-17 0.990686 -0.136167
vn 5.59749e-17 0.979084 -0.203456
vn 7.42266e-17 0.962917 -0.269797
vn 9.21322e-17 0.942261 -0.33488
vn 1.09608e-16 0.917211 -0.398401
vn 1.26573e-16 0.887885 -0.460065
vn 1.42948e-16 0.854419 -0.519584
vn 1.58656e-16 0.81697 -0.57668
vn 1.73625e-16 0.775711 -0.631088
vn 1.87784e-16 0.730836 -0.682553
vn 2.01068e-16 0.682553 -0.730836
vn 2.13414e-16 0.631088 -0.775711
vn 2.24765e-16 0.57668 -0.81697
vn 2.35068e-16 0.519584 -0.854419
vn 2.44275e-16 0.460065 -0.887885
vn 2.52343e-16 0.398401 -0.917211
vn 2.59235e-16 0.33488 -0.942261
vn 2.64918e-16 0.269797 -0.962917
vn 2.69366e-16 0.203456 -0.979084
vn 2.72558e-16 0.136167 -0.990686
vn 2.74479e-16 0.0682424 -0.997669
vn 2.7512e-16 1.22465e-16 -1
vn -2.7512e-16 0 1
vn -2.73604e-16 -0.104861 0.994487
vn -2.74932e-16 -0.0370117 0.999315
vn -2.71009e-16 -0.172226 0.985057
vn -2.73604e-16 -0.104861 0.994487
vn -2.67161e-16 -0.238794 0.97107
vn -2.71009e-16 -0.172226 0.985057
vn -2.62077e-16 -0.304256 0.95259
vn -2.67161e-16 -0.238794 0.97107
vn -2.5578e-16 -0.368311 0.929703
vn -2.62077e-16 -0.304256 0.95259
vn -2.483e-16 -0.430662 0.902513
vn -2.5578e-16 -0.368311 0.929703
vn -2.39671e-16 -0.49102 0.871148
vn -2.483e-16 -0.430662 0.902513
vn -2.29932e-16 -0.549107 0.835752
vn -2.39671e-16 -0.49102 0.871148
vn -2.1913e-16 -0.604652 0.796489
vn -2.29932e-16 -0.549107 0.835752
vn -2.07315e-16 -0.6574 0.753541
vn -2.1913e-16 -0.604652 0.796489
vn -1.94539e-16 -0.707107 0.707107
vn -2.07315e-16 -0.6574 0.753541
vn -1.80864e-16 -0.753541 0.6574
vn -1.94539e-16 -0.707107 0.707107
vn -1.66352e-16 -0.796489 0.604652
vn -1.80864e-16 -0.753541 0.6574
vn -1.5107e-16 -0.835752 0.549107
vn -1.66352e-16 -0.796489 0.604652
vn -1.3509e-16 -0.871148 0.49102
vn -1.5107e-16 -0.835752 0.549107
vn -1.18484e-16 -0.902513 0.430662
vn -1.3509e-16 -0.871148 0.49102
vn -1.0133e-16 -0.929703 0.368311
vn -1.18484e-16 -0.902513 0.430662
vn -8.37071e-17 -0.95259 0.304256
vn -1.0133e-16 -0.929703 0.368311
vn -6.5697e-17 -0.97107 0.238794
vn -8.37071e-17 -0.95259 0.304256
vn -4.73828e-17 -0.985057 0.172226
vn -6.5697e-17 -0.97107 0.238794
vn -2.88495e-17 -0.994487 0.104861
vn -4.73828e-17 -0.985057 0.172226
vn -1.01827e-17 -0.999315 0.0370117
vn -2.88495e-17 -0.994487 0.104861
vt -0.135093 -0.01
vt 0.135093 -0.01
vt 0.135093 1.73472e-18
vt -0.135093 -3.37038e-33
vt 5.05825 0.01
vt 5.05825 9.27326e-19
vt 5.12702 9.27326e-19
vt 5.12702 0.01
vt 5.1958 9.27326e-19
vt 5.1958 0.01
vt 5.26457 9.27326e-19
vt 5.26457 0.01
vt 5.33335 9.27326e-19
vt 5.33335 0.01
vt 5.40212 9.27326e-19
vt 5.40212 0.01
vt 5.4709 9.27326e-19
vt 5.4709 0.01
vt 5.53967 9.27326e-19
vt 5.53967 0.01
vt 5.60844 9.27326e-19
vt 5.60844 0.01
vt 5.67722 9.27326e-19
vt 5.67722 0.01
vt 5.74599 9.27326e-19
vt 5.74599 0.01
vt 5.81477 9.27326e-19
vt 5.81477 0.01
vt 5.88354 9.27326e-19
vt 5.88354 0.01
vt 5.95232 9.27326e-19
vt 5.95232 0.01
vt 6.02109 9.27326e-19
vt 6.02109 0.01
vt 6.08987 9.27326e-19
vt 6.08987 0.01
vt 6.15864 9.27326e-19
vt 6.15864 0.01
vt -3.39908e-33 -0.01
vt -0.01 -0.01
vt -0.01 0.01
vt 0 0.01
vt 6.21489 0.01
vt 6.28319 0.01
vt 6.28319 0
vt 6.14659 0.01
vt 6.21489 0
vt 6.0783 0.01
vt 6.14659 0
vt 6.01 0.01
vt 6.0783 0
vt 5.94171 0.01
vt 6.01 0
vt 5.87341 0.01
vt 5.94171 0
vt 5.80512 0.01
vt 5.87341 0
vt 5.73682 0.01
vt 5.80512 0
vt 5.66853 0.01
vt 5.73682 0
vt 5.60023 0.01
vt 5.66853 0
vt 5.53193 0.01
vt 5.60023 0
vt 5.46364 0.01
vt 5.53193 0
vt 5.39534 0.01
vt 5.46364 0
vt 5.32705 0.01
vt 5.39534 0
vt 5.25875 0.01
vt 5.32705 0
vt 5.19046 0.01
vt 5.25875 0
vt 5.12216 0.01
vt 5.19046 0
vt 5.05387 0.01
vt 5.12216 0
vt 4.98557 0.01
vt 5.05387 0
vt 4.91728 0.01
vt 4.98557 0
vt 4.84898 0.01
vt 4.91728 0
vt 4.78068 0.01
vt 4.84898 0
vt 4.71239 0.01
vt 4.78068 0
vt 4.71239 0
vt -2.37935e-32 -0.135
vt 0.01 -0.135
vt 0.01 0.135
vt 0 0.135
vt 1.26983 0.0289542
vt 1.27371 0.00911947
vt 1.27578 0.00955552
vt 1.26651 0.0281459
vt 1.27167 0.00854335
vt 1.26326 0.027113
vt 1.26967 0.00782982
vt 1.26008 0.0258606
vt 1.26773 0.00698219
vt 1.24121 0.0115544
vt 1.23915 0.00883402
vt 1.25632 -0.00230368
vt 1.23728 0.0059792
vt 1.2551 -0.00403533
vt 1.27659 0.0298834
vt 1.27788 0.00984949
vt 1.28 0.01
vt 1.27319 0.0295343
vt 1.24587 0.0165418
vt 1.25911 0.000890354
vt 1.26066 0.00233796
vt 1.24346 0.0141277
vt 1.25766 -0.000659251
vt 1.2 -0.32
vt 1.2 -0.34
vt 1.20391 -0.338437
vt 1.20205 -0.31993
vt 1.2077 -0.33661
vt 1.2061 -0.319373
vt 1.21136 -0.334526
vt 1.20809 -0.318888
vt 1.21487 -0.332195
vt 1.257 0.0243943
vt 1.26585 0.00600437
vt 1.25402 0.022721
vt 1.26404 0.0049009
vt 1.25117 0.0208485
vt 1.2623 0.00367688
vt 1.24845 0.0187856
vt 1.20408 -0.319721
vt 1.21005 -0.318268
vt 1.21821 -0.329629
vt 1.2138 -0.316637
vt 1.22136 -0.32684
vt 1.21559 -0.315633
vt 1.22431 -0.32384
vt 1.22706 -0.320645
vt 1.21893 -0.313271
vt 1.23388 -0.310038
vt 1.23565 -0.306218
vt 1.22664 -0.303802
vt 1.23715 -0.302286
vt 1.22827 -0.300046
vt 1.23561 0.00300325
vt 1.254 -0.00584618
vt 1.23414 -7.99455e-05
vt 1.25302 -0.00772786
vt 1.23289 -0.00325602
vt 1.25217 -0.00967167
vt 1.23185 -0.00651016
vt 1.25146 -0.0116686
vt 1.23105 -0.0098272
vt 1.25088 -0.0137094
vt 1.23047 -0.0131917
vt 1.25044 -0.0157847
vt 1.23012 -0.0165879
vt 1.23 -0.02
vt 1.25 -0.02
vt 1.23 -0.29
vt 1.24 -0.29
vt 1.21195 -0.317516
vt 1.2173 -0.314509
vt 1.22957 -0.317269
vt 1.22193 -0.310477
vt 1.22048 -0.311925
vt 1.22752 -0.301952
vt 1.22889 -0.298094
vt 1.25015 -0.0178848
vt 1.22993 -0.292047
vt 1.23185 -0.313728
vt 1.22327 -0.308933
vt 1.23838 -0.298259
vt 1.22937 -0.296104
vt 1.23933 -0.294157
vt 1.22972 -0.294085
vt 1.22563 -0.305588
vt 1.22451 -0.3073
vt 1.28 0.03
vt 1.23915 0.00883402
vt 1.25632 -0.00230368
vt 1.2551 -0.00403533
vt 1.24121 0.0115544
vt 1.25766 -0.000659251
vt 1.26008 0.0258606
vt 1.26326 0.027113
vt 1.26967 0.00782982
vt 1.26651 0.0281459
vt 1.27167 0.00854335
vt 1.26983 0.0289542
vt 1.27371 0.00911947
vt 1.27319 0.0295343
vt 1.27578 0.00955552
vt 1.24346 0.0141277
vt 1.25911 0.000890354
vt 1.24587 0.0165418
vt 1.24845 0.0187856
vt 1.26066 0.00233796
vt 1.27659 0.0298834
vt 1.27788 0.00984949
vt 1.28 0.03
vt 1.28 0.01
vt 1.25117 0.0208485
vt 1.2623 0.00367688
vt 1.25402 0.022721
vt 1.26404 0.0049009
vt 1.257 0.0243943
vt 1.26585 0.00600437
vt 1.26773 0.00698219
vt 1.20809 -0.318888
vt 1.21005 -0.318268
vt 1.21487 -0.332195
vt 1.2061 -0.319373
vt 1.21136 -0.334526
vt 1.20205 -0.31993
vt 1.20408 -0.319721
vt 1.2077 -0.33661
vt 1.2 -0.32
vt 1.20391 -0.338437
vt 1.23 -0.02
vt 1.25 -0.02
vt 1.24 -0.29
vt 1.23012 -0.0165879
vt 1.25015 -0.0178848
vt 1.23105 -0.0098272
vt 1.25088 -0.0137094
vt 1.25044 -0.0157847
vt 1.23185 -0.00651016
vt 1.25146 -0.0116686
vt 1.23289 -0.00325602
vt 1.25217 -0.00967167
vt 1.23414 -7.99455e-05
vt 1.25302 -0.00772786
vt 1.23561 0.00300325
vt 1.254 -0.00584618
vt 1.23728 0.0059792
vt 1.23565 -0.306218
vt 1.22752 -0.301952
vt 1.22827 -0.300046
vt 1.23388 -0.310038
vt 1.22563 -0.305588
vt 1.22664 -0.303802
vt 1.22431 -0.32384
vt 1.2173 -0.314509
vt 1.21893 -0.313271
vt 1.21559 -0.315633
vt 1.2138 -0.316637
vt 1.22136 -0.32684
vt 1.21195 -0.317516
vt 1.21821 -0.329629
vt 1.2 -0.34
vt 1.23933 -0.294157
vt 1.22993 -0.292047
vt 1.23047 -0.0131917
vt 1.23715 -0.302286
vt 1.22957 -0.317269
vt 1.22706 -0.320645
vt 1.22048 -0.311925
vt 1.23 -0.29
vt 1.23838 -0.298259
vt 1.22937 -0.296104
vt 1.22972 -0.294085
vt 1.22889 -0.298094
vt 1.22193 -0.310477
vt 1.22327 -0.308933
vt 1.23185 -0.313728
vt 1.22451 -0.3073
vt 1.5708 0.01
vt 1.5708 2.71926e-32
vt 1.63909 2.71926e-32
vt 1.63909 0.01
vt 1.70739 2.71926e-32
vt 1.70739 0.01
vt 1.77568 2.71926e-32
vt 1.77568 0.01
vt 1.84398 2.71926e-32
vt 1.84398 0.01
vt 1.91227 2.71926e-32
vt 1.91227 0.01
vt 1.98057 2.71926e-32
vt 1.98057 0.01
vt 2.04886 2.71926e-32
vt 2.04886 0.01
vt 2.11716 2.71926e-32
vt 2.11716 0.01
vt 2.18546 2.71926e-32
vt 2.18546 0.01
vt 2.25375 2.71926e-32
vt 2.25375 0.01
vt 2.32205 2.71926e-32
vt 2.32205 0.01
vt 2.39034 2.71926e-32
vt 2.39034 0.01
vt 2.45864 2.71926e-32
vt 2.45864 0.01
vt 2.52693 2.71926e-32
vt 2.52693 0.01
vt 2.59523 2.71926e-32
vt 2.59523 0.01
vt 2.66352 2.71926e-32
vt 2.66352 0.01
vt 2.73182 2.71926e-32
vt 2.73182 0.01
vt 2.80012 2.71926e-32
vt 2.80012 0.01
vt 2.86841 2.71926e-32
vt 2.86841 0.01
vt 2.93671 2.71926e-32
vt 2.93671 0.01
vt 3.005 2.71926e-32
vt 3.005 0.01
vt 3.0733 2.71926e-32
vt 3.0733 0.01
vt 3.14159 2.71926e-32
vt 3.14159 0.01
vt -0.01 0.01
vt -0.01 -0.01
vt 0 -0.01
vt 0 0.01
vt 3.03654 0.01
vt 3.10457 0.01
vt 3.10457 1.41305e-19
vt 2.9685 0.01
vt 3.03654 1.41305e-19
vt 2.90047 0.01
vt 2.9685 1.41305e-19
vt 2.83244 0.01
vt 2.90047 1.41305e-19
vt 2.7644 0.01
vt 2.83244 1.41305e-19
vt 2.69637 0.01
vt 2.7644 1.41305e-19
vt 2.62833 0.01
vt 2.69637 1.41305e-19
vt 2.5603 0.01
vt 2.62833 1.41305e-19
vt 2.49226 0.01
vt 2.5603 1.41305e-19
vt 2.42423 0.01
vt 2.49226 1.41305e-19
vt 2.35619 0.01
vt 2.42423 1.41305e-19
vt 2.28816 0.01
vt 2.35619 1.41305e-19
vt 2.22013 0.01
vt 2.28816 1.41305e-19
vt 2.15209 0.01
vt 2.22013 1.41305e-19
vt 2.08406 0.01
vt 2.15209 1.41305e-19
vt 2.01602 0.01
vt 2.08406 1.41305e-19
vt 1.94799 0.01
vt 2.01602 1.41305e-19
vt 1.87995 0.01
vt 1.94799 1.41305e-19
vt 1.81192 0.01
vt 1.87995 1.41305e-19
vt 1.74389 0.01
vt 1.81192 1.41305e-19
vt 1.67585 0.01
vt 1.74389 1.41305e-19
vt 1.60782 0.01
vt 1.67585 1.41305e-19
vt 1.60782 1.41305e-19
f 1828/2078/1818 1829/2079/1818 1830/2080/1818
f 1830/2080/1818 1831/2081/1818 1828/2078/1818
f 1832/2082/1819 1833/2083/1819 1834/2084/1820
f 1835/2085/1820 1834/2084/1820 1836/2086/1821
f 1837/2087/1821 1836/2086/1821 1838/2088/1822
f 1839/2089/1822 1838/2088/1822 1840/2090/1823
f 1841/2091/1823 1840/2090/1823 1842/2092/1824
f 1843/2093/1824 1842/2092/1824 1844/2094/1825
f 1845/2095/1825 1844/2094/1825 1846/2096/1826
f 1847/2097/1826 1846/2096/1826 1848/2098/1827
f 1849/2099/1827 1848/2098/1827 1850/2100/1828
f 1851/2101/1828 1850/2100/1828 1852/2102/1829
f 1853/2103/1829 1852/2102/1829 1854/2104/1830
f 1855/2105/1830 1854/2104/1830 1856/2106/1831
f 1857/2107/1831 1856/2106/1831 1858/2108/1832
f 1859/2109/1832 1858/2108/1832 1860/2110/1833
f 1861/2111/1833 1860/2110/1833 1862/2112/1834
f 1863/2113/1834 1862/2112/1834 1830/2114/1835
f 1830/2114/1835 1829/2115/1835 1863/2113/1834
f 1862/2112/1834 1863/2113/1834 1861/2111/1833
f 1860/2110/1833 1861/2111/1833 1859/2109/1832
f 1858/2108/1832 1859/2109/1832 1857/2107/1831
f 1856/2106/1831 1857/2107/1831 1855/2105/1830
f 1854/2104/1830 1855/2105/1830 1853/2103/1829
f 1852/2102/1829 1853/2103/1829 1851/2101/1828
f 1850/2100/1828 1851/2101/1828 1849/2099/1827
f 1848/2098/1827 1849/2099/1827 1847/2097/1826
f 1846/2096/1826 1847/2097/1826 1845/2095/1825
f 1844/2094/1825 1845/2095/1825 1843/2093/1824
f 1842/2092/1824 1843/2093/1824 1841/2091/1823
f 1840/2090/1823 1841/2091/1823 1839/2089/1822
f 1838/2088/1822 1839/2089/1822 1837/2087/1821
f 1836/2086/1821 1837/2087/1821 1835/2085/1820
f 1834/2084/1820 1835/2085/1820 1832/2082/1819
f 1833/2116/1836 1832/2117/1836 1864/2118/1836
f 1864/2118/1836 1865/2119/1836 1833/2116/1836
f 1866/2120/1837 1867/2121/1836 1868/2122/1836
f 1869/2123/1838 1866/2120/1837 1870/2124/1837
f 1871/2125/1839 1869/2123/1838 1872/2126/1838
f 1873/2127/1840 1871/2125/1839 1874/2128/1839
f 1875/2129/1841 1873/2127/1840 1876/2130/1840
f 1877/2131/1842 1875/2129/1841 1878/2132/1841
f 1879/2133/1843 1877/2131/1842 1880/2134/1842
f 1881/2135/1844 1879/2133/1843 1882/2136/1843
f 1883/2137/1845 1881/2135/1844 1884/2138/1844
f 1885/2139/1846 1883/2137/1845 1886/2140/1845
f 1887/2141/1847 1885/2139/1846 1888/2142/1846
f 1889/2143/1848 1887/2141/1847 1890/2144/1847
f 1891/2145/1849 1889/2143/1848 1892/2146/1848
f 1893/2147/1850 1891/2145/1849 1894/2148/1849
f 1895/2149/1851 1893/2147/1850 1896/2150/1850
f 1897/2151/1852 1895/2149/1851 1898/2152/1851
f 1899/2153/1853 1897/2151/1852 1900/2154/1852
f 1901/2155/1854 1899/2153/1853 1902/2156/1853
f 1903/2157/1855 1901/2155/1854 1904/2158/1854
f 1905/2159/1856 1903/2157/1855 1906/2160/1855
f 1907/2161/1857 1905/2159/1856 1908/2162/1856
f 1909/2163/1858 1907/2161/1857 1910/2164/1857
f 1864/2165/1859 1909/2163/1858 1911/2166/1858
f 1911/2166/1858 1865/2167/1859 1864/2165/1859
f 1910/2164/1857 1911/2166/1858 1909/2163/1858
f 1908/2162/1856 1910/2164/1857 1907/2161/1857
f 1906/2160/1855 1908/2162/1856 1905/2159/1856
f 1904/2158/1854 1906/2160/1855 1903/2157/1855
f 1902/2156/1853 1904/2158/1854 1901/2155/1854
f 1900/2154/1852 1902/2156/1853 1899/2153/1853
f 1898/2152/1851 1900/2154/1852 1897/2151/1852
f 1896/2150/1850 1898/2152/1851 1895/2149/1851
f 1894/2148/1849 1896/2150/1850 1893/2147/1850
f 1892/2146/1848 1894/2148/1849 1891/2145/1849
f 1890/2144/1847 1892/2146/1848 1889/2143/1848
f 1888/2142/1846 1890/2144/1847 1887/2141/1847
f 1886/2140/1845 1888/2142/1846 1885/2139/1846
f 1884/2138/1844 1886/2140/1845 1883/2137/1845
f 1882/2136/1843 1884/2138/1844 1881/2135/1844
f 1880/2134/1842 1882/2136/1843 1879/2133/1843
f 1878/2132/1841 1880/2134/1842 1877/2131/1842
f 1876/2130/1840 1878/2132/1841 1875/2129/1841
f 1874/2128/1839 1876/2130/1840 1873/2127/1840
f 1872/2126/1838 1874/2128/1839 1871/2125/1839
f 1870/2124/1837 1872/2126/1838 1869/2123/1838
f 1868/2122/1836 1870/2124/1837 1866/2120/1837
f 1868/2168/1860 1867/2169/1860 1912/2170/1860
f 1912/2170/1860 1913/2171/1860 1868/2168/1860
f 1914/2172/1861 1915/2173/1861 1916/2174/1861
f 1917/2175/1861 1918/2176/1861 1915/2173/1861
f 1919/2177/1861 1920/2178/1861 1918/2176/1861
f 1921/2179/1861 1922/2180/1861 1920/2178/1861
f 1923/2181/1861 1924/2182/1861 1925/2183/1861
f 1924/2182/1861 1926/2184/1861 1927/2185/1861
f 1928/2186/1861 1929/2187/1861 1930/2188/1861
f 1931/2189/1861 1916/2174/1861 1929/2187/1861
f 1915/2173/1861 1914/2172/1861 1917/2175/1861
f 1920/2178/1861 1919/2177/1861 1921/2179/1861
f 1932/2190/1861 1933/2191/1861 1934/2192/1861
f 1935/2193/1861 1923/2181/1861 1936/2194/1861
f 1927/2185/1861 1925/2183/1861 1924/2182/1861
f 1864/2195/1861 1832/2196/1861 1835/2197/1861
f 1909/2198/1861 1835/2197/1861 1837/2199/1861
f 1905/2200/1861 1837/2199/1861 1839/2201/1861
f 1903/2202/1861 1839/2201/1861 1841/2203/1861
f 1929/2187/1861 1928/2186/1861 1931/2189/1861
f 1918/2176/1861 1917/2175/1861 1919/2177/1861
f 1937/2204/1861 1938/2205/1861 1922/2180/1861
f 1939/2206/1861 1940/2207/1861 1938/2205/1861
f 1941/2208/1861 1942/2209/1861 1940/2207/1861
f 1943/2210/1861 1934/2192/1861 1942/2209/1861
f 1934/2192/1861 1943/2210/1861 1932/2190/1861
f 1925/2183/1861 1936/2194/1861 1923/2181/1861
f 1837/2199/1861 1907/2211/1861 1909/2198/1861
f 1841/2203/1861 1901/2212/1861 1903/2202/1861
f 1901/2212/1861 1841/2203/1861 1843/2213/1861
f 1897/2214/1861 1843/2213/1861 1845/2215/1861
f 1895/2216/1861 1845/2215/1861 1847/2217/1861
f 1847/2217/1861 1849/2218/1861 1891/2219/1861
f 1855/2220/1861 1857/2221/1861 1879/2222/1861
f 1857/2221/1861 1859/2223/1861 1875/2224/1861
f 1916/2174/1861 1931/2189/1861 1914/2172/1861
f 1938/2205/1861 1937/2204/1861 1939/2206/1861
f 1942/2209/1861 1941/2208/1861 1943/2210/1861
f 1936/2194/1861 1933/2191/1861 1935/2193/1861
f 1926/2184/1861 1944/2225/1861 1945/2226/1861
f 1944/2225/1861 1946/2227/1861 1947/2228/1861
f 1946/2227/1861 1948/2229/1861 1949/2230/1861
f 1948/2229/1861 1950/2231/1861 1951/2232/1861
f 1950/2231/1861 1952/2233/1861 1953/2234/1861
f 1952/2233/1861 1954/2235/1861 1955/2236/1861
f 1956/2237/1861 1912/2238/1861 1828/2239/1861
f 1912/2238/1861 1867/2240/1861 1829/2241/1861
f 1837/2199/1861 1905/2200/1861 1907/2211/1861
f 1843/2213/1861 1899/2242/1861 1901/2212/1861
f 1845/2215/1861 1895/2216/1861 1897/2214/1861
f 1891/2219/1861 1893/2243/1861 1847/2217/1861
f 1851/2244/1861 1887/2245/1861 1889/2246/1861
f 1857/2221/1861 1877/2247/1861 1879/2222/1861
f 1859/2223/1861 1873/2248/1861 1875/2224/1861
f 1922/2180/1861 1921/2179/1861 1937/2204/1861
f 1932/2190/1861 1935/2193/1861 1933/2191/1861
f 1947/2228/1861 1945/2226/1861 1944/2225/1861
f 1951/2232/1861 1949/2230/1861 1948/2229/1861
f 1955/2236/1861 1953/2234/1861 1952/2233/1861
f 1954/2235/1861 1956/2237/1861 1957/2249/1861
f 1829/2241/1861 1867/2240/1861 1866/2250/1861
f 1829/2241/1861 1828/2239/1861 1912/2238/1861
f 1839/2201/1861 1903/2202/1861 1905/2200/1861
f 1847/2217/1861 1893/2243/1861 1895/2216/1861
f 1889/2246/1861 1849/2218/1861 1851/2244/1861
f 1851/2244/1861 1853/2251/1861 1885/2252/1861
f 1875/2224/1861 1877/2247/1861 1857/2221/1861
f 1861/2253/1861 1871/2254/1861 1873/2248/1861
f 1861/2253/1861 1863/2255/1861 1869/2256/1861
f 1940/2207/1861 1939/2206/1861 1941/2208/1861
f 1949/2230/1861 1947/2228/1861 1946/2227/1861
f 1957/2249/1861 1955/2236/1861 1954/2235/1861
f 1828/2239/1861 1957/2249/1861 1956/2237/1861
f 1897/2214/1861 1899/2242/1861 1843/2213/1861
f 1885/2252/1861 1887/2245/1861 1851/2244/1861
f 1855/2220/1861 1881/2257/1861 1883/2258/1861
f 1873/2248/1861 1859/2223/1861 1861/2253/1861
f 1863/2255/1861 1866/2250/1861 1869/2256/1861
f 1945/2226/1861 1927/2185/1861 1926/2184/1861
f 1866/2250/1861 1863/2255/1861 1829/2241/1861
f 1889/2246/1861 1891/2219/1861 1849/2218/1861
f 1883/2258/1861 1853/2251/1861 1855/2220/1861
f 1869/2256/1861 1871/2254/1861 1861/2253/1861
f 1953/2234/1861 1951/2232/1861 1950/2231/1861
f 1883/2258/1861 1885/2252/1861 1853/2251/1861
f 1930/2188/1861 1958/2259/1861 1928/2186/1861
f 1879/2222/1861 1881/2257/1861 1855/2220/1861
f 1835/2197/1861 1909/2198/1861 1864/2195/1861
f 1959/2260/1862 1960/2261/1862 1961/2262/1862
f 1962/2263/1862 1963/2264/1862 1960/2261/1862
f 1964/2265/1862 1965/2266/1862 1966/2267/1862
f 1965/2266/1862 1967/2268/1862 1968/2269/1862
f 1967/2268/1862 1969/2270/1862 1970/2271/1862
f 1969/2270/1862 1971/2272/1862 1972/2273/1862
f 1960/2261/1862 1959/2260/1862 1962/2263/1862
f 1973/2274/1862 1974/2275/1862 1963/2264/1862
f 1975/2276/1862 1976/2277/1862 1977/2278/1862
f 1968/2269/1862 1966/2267/1862 1965/2266/1862
f 1972/2273/1862 1970/2271/1862 1969/2270/1862
f 1971/2272/1862 1978/2279/1862 1979/2280/1862
f 1978/2279/1862 1980/2281/1862 1981/2282/1862
f 1963/2264/1862 1962/2263/1862 1973/2274/1862
f 1974/2275/1862 1973/2274/1862 1975/2276/1862
f 1976/2277/1862 1982/2283/1862 1983/2284/1862
f 1982/2283/1862 1984/2285/1862 1985/2286/1862
f 1984/2285/1862 1986/2287/1862 1987/2288/1862
f 1986/2287/1862 1964/2265/1862 1988/2289/1862
f 1970/2271/1862 1968/2269/1862 1967/2268/1862
f 1981/2282/1862 1979/2280/1862 1978/2279/1862
f 1906/2290/1862 1904/2291/1862 1840/2292/1862
f 1908/2293/1862 1906/2290/1862 1838/2294/1862
f 1911/2295/1862 1910/2296/1862 1836/2297/1862
f 1865/2298/1862 1911/2295/1862 1834/2299/1862
f 1913/2300/1862 1831/2301/1862 1830/2302/1862
f 1989/2303/1862 1990/2304/1862 1831/2301/1862
f 1991/2305/1862 1992/2306/1862 1993/2307/1862
f 1994/2308/1862 1995/2309/1862 1992/2306/1862
f 1996/2310/1862 1997/2311/1862 1995/2309/1862
f 1998/2312/1862 1999/2313/1862 1997/2311/1862
f 2000/2314/1862 2001/2315/1862 1999/2313/1862
f 2002/2316/1862 1961/2262/1862 2001/2315/1862
f 1977/2278/1862 1974/2275/1862 1975/2276/1862
f 1985/2286/1862 1983/2284/1862 1982/2283/1862
f 1988/2289/1862 1987/2288/1862 1986/2287/1862
f 1979/2280/1862 1972/2273/1862 1971/2272/1862
f 1856/2317/1862 1880/2318/1862 1878/2319/1862
f 1854/2320/1862 1884/2321/1862 1882/2322/1862
f 1846/2323/1862 1896/2324/1862 1894/2325/1862
f 1898/2326/1862 1896/2324/1862 1846/2323/1862
f 1900/2327/1862 1898/2326/1862 1844/2328/1862
f 1904/2291/1862 1902/2329/1862 1842/2330/1862
f 1838/2294/1862 1836/2297/1862 1908/2293/1862
f 1834/2299/1862 1833/2331/1862 1865/2298/1862
f 1831/2301/1862 1913/2300/1862 1989/2303/1862
f 1830/2302/1862 1862/2332/1862 1870/2333/1862
f 2003/2334/1862 1993/2307/1862 1990/2304/1862
f 1992/2306/1862 1991/2305/1862 1994/2308/1862
f 1997/2311/1862 1996/2310/1862 1998/2312/1862
f 2001/2315/1862 2000/2314/1862 2002/2316/1862
f 1983/2284/1862 1977/2278/1862 1976/2277/1862
f 1966/2267/1862 1988/2289/1862 1964/2265/1862
f 1878/2319/1862 1858/2335/1862 1856/2317/1862
f 1882/2322/1862 1856/2317/1862 1854/2320/1862
f 1850/2336/1862 1848/2337/1862 1892/2338/1862
f 1846/2323/1862 1844/2328/1862 1898/2326/1862
f 1842/2330/1862 1902/2329/1862 1900/2327/1862
f 1840/2292/1862 1838/2294/1862 1906/2290/1862
f 1836/2297/1862 1834/2299/1862 1911/2295/1862
f 1870/2333/1862 1868/2339/1862 1830/2302/1862
f 1993/2307/1862 2003/2334/1862 1991/2305/1862
f 1999/2313/1862 1998/2312/1862 2000/2314/1862
f 1987/2288/1862 1985/2286/1862 1984/2285/1862
f 1860/2340/1862 1874/2341/1862 1872/2342/1862
f 1860/2340/1862 1858/2335/1862 1876/2343/1862
f 1882/2322/1862 1880/2318/1862 1856/2317/1862
f 1850/2336/1862 1890/2344/1862 1888/2345/1862
f 1848/2337/1862 1894/2325/1862 1892/2338/1862
f 1844/2328/1862 1842/2330/1862 1900/2327/1862
f 1910/2296/1862 1908/2293/1862 1836/2297/1862
f 1990/2304/1862 1989/2303/1862 2003/2334/1862
f 1961/2262/1862 2002/2316/1862 1959/2260/1862
f 1872/2342/1862 1862/2332/1862 1860/2340/1862
f 1878/2319/1862 1876/2343/1862 1858/2335/1862
f 1854/2320/1862 1852/2346/1862 1886/2347/1862
f 1892/2338/1862 1890/2344/1862 1850/2336/1862
f 1842/2330/1862 1840/2292/1862 1904/2291/1862
f 1995/2309/1862 1994/2308/1862 1996/2310/1862
f 1876/2343/1862 1874/2341/1862 1860/2340/1862
f 1852/2346/1862 1888/2345/1862 1886/2347/1862
f 1894/2325/1862 1848/2337/1862 1846/2323/1862
f 1872/2342/1862 1870/2333/1862 1862/2332/1862
f 1888/2345/1862 1852/2346/1862 1850/2336/1862
f 1886/2347/1862 1884/2321/1862 1854/2320/1862
f 1830/2302/1862 1868/2339/1862 1913/2300/1862
f 1958/2348/1863 1980/2349/1863 1978/2350/1864
f 1928/2351/1864 1978/2350/1864 1971/2352/1865
f 1931/2353/1865 1971/2352/1865 1969/2354/1866
f 1914/2355/1866 1969/2354/1866 1967/2356/1867
f 1917/2357/1867 1967/2356/1867 1965/2358/1868
f 1919/2359/1868 1965/2358/1868 1964/2360/1869
f 1921/2361/1869 1964/2360/1869 1986/2362/1870
f 1937/2363/1870 1986/2362/1870 1984/2364/1871
f 1939/2365/1871 1984/2364/1871 1982/2366/1872
f 1941/2367/1872 1982/2366/1872 1976/2368/1873
f 1943/2369/1873 1976/2368/1873 1975/2370/1874
f 1932/2371/1874 1975/2370/1874 1973/2372/1875
f 1935/2373/1875 1973/2372/1875 1962/2374/1876
f 1923/2375/1876 1962/2374/1876 1959/2376/1877
f 1924/2377/1877 1959/2376/1877 2002/2378/1878
f 1926/2379/1878 2002/2378/1878 2000/2380/1879
f 1944/2381/1879 2000/2380/1879 1998/2382/1880
f 1946/2383/1880 1998/2382/1880 1996/2384/1881
f 1948/2385/1881 1996/2384/1881 1994/2386/1882
f 1950/2387/1882 1994/2386/1882 1991/2388/1883
f 1952/2389/1883 1991/2388/1883 2003/2390/1884
f 1954/2391/1884 2003/2390/1884 1989/2392/1885
f 1956/2393/1885 1989/2392/1885 1913/2394/1886
f 1913/2394/1886 1912/2395/1886 1956/2393/1885
f 1989/2392/1885 1956/2393/1885 1954/2391/1884
f 2003/2390/1884 1954/2391/1884 1952/2389/1883
f 1991/2388/1883 1952/2389/1883 1950/2387/1882
f 1994/2386/1882 1950/2387/1882 1948/2385/1881
f 1996/2384/1881 1948/2385/1881 1946/2383/1880
f 1998/2382/1880 1946/2383/1880 1944/2381/1879
f 2000/2380/1879 1944/2381/1879 1926/2379/1878
f 2002/2378/1878 1926/2379/1878 1924/2377/1877
f 1959/2376/1877 1924/2377/1877 1923/2375/1876
f 1962/2374/1876 1923/2375/1876 1935/2373/1875
f 1973/2372/1875 1935/2373/1875 1932/2371/1874
f 1975/2370/1874 1932/2371/1874 1943/2369/1873
f 1976/2368/1873 1943/2369/1873 1941/2367/1872
f 1982/2366/1872 1941/2367/1872 1939/2365/1871
f 1984/2364/1871 1939/2365/1871 1937/2363/1870
f 1986/2362/1870 1937/2363/1870 1921/2361/1869
f 1964/2360/1869 1921/2361/1869 1919/2359/1868
f 1965/2358/1868 1919/2359/1868 1917/2357/1867
f 1967/2356/1867 1917/2357/1867 1914/2355/1866
f 1969/2354/1866 1914/2355/1866 1931/2353/1865
f 1971/2352/1865 1931/2353/1865 1928/2351/1864
f 1978/2350/1864 1928/2351/1864 1958/2348/1863
f 1958/2396/1887 1930/2397/1887 1981/2398/1887
f 1981/2398/1887 1980/2399/1887 1958/2396/1887
f 1957/2400/1888 1828/2401/1889 1831/2402/1889
f 1955/2403/1890 1957/2400/1888 1990/2404/1891
f 1953/2405/1892 1955/2403/1890 1993/2406/1893
f 1951/2407/1894 1953/2405/1892 1992/2408/1895
f 1949/2409/1896 1951/2407/1894 1995/2410/1897
f 1947/2411/1898 1949/2409/1896 1997/2412/1899
f 1945/2413/1900 1947/2411/1898 1999/2414/1901
f 1927/2415/1902 1945/2413/1900 2001/2416/1903
f 1925/2417/1904 1927/2415/1902 1961/2418/1905
f 1936/2419/1906 1925/2417/1904 1960/2420/1907
f 1933/2421/1908 1936/2419/1906 1963/2422/1909
f 1934/2423/1910 1933/2421/1908 1974/2424/1911
f 1942/2425/1912 1934/2423/1910 1977/2426/1913
f 1940/2427/1914 1942/2425/1912 1983/2428/1915
f 1938/2429/1916 1940/2427/1914 1985/2430/1917
f 1922/2431/1918 1938/2429/1916 1987/2432/1919
f 1920/2433/1920 1922/2431/1918 1988/2434/1921
f 1918/2435/1922 1920/2433/1920 1966/2436/1923
f 1915/2437/1924 1918/2435/1922 1968/2438/1925
f 1916/2439/1926 1915/2437/1924 1970/2440/1927
f 1929/2441/1928 1916/2439/1926 1972/2442/1929
f 1930/2443/1930 1929/2441/1928 1979/2444/1931
f 1979/2444/1931 1981/2445/1930 1930/2443/1930
f 1972/2442/1929 1979/2444/1931 1929/2441/1928
f 1970/2440/1927 1972/2442/1929 1916/2439/1926
f 1968/2438/1925 1970/2440/1927 1915/2437/1924
f 1966/2436/1923 1968/2438/1925 1918/2435/1922
f 1988/2434/1921 1966/2436/1923 1920/2433/1920
f 1987/2432/1919 1988/2434/1921 1922/2431/1918
f 1985/2430/1917 1987/2432/1919 1938/2429/1916
f 1983/2428/1915 1985/2430/1917 1940/2427/1914
f 1977/2426/1913 1983/2428/1915 1942/2425/1912
f 1974/2424/1911 1977/2426/1913 1934/2423/1910
f 1963/2422/1909 1974/2424/1911 1933/2421/1908
f 1960/2420/1907 1963/2422/1909 1936/2419/1906
f 1961/2418/1905 1960/2420/1907 1925/2417/1904
f 2001/2416/1903 1961/2418/1905 1927/2415/1902
f 1999/2414/1901 2001/2416/1903 1945/2413/1900
f 1997/2412/1899 1999/2414/1901 1947/2411/1898
f 1995/2410/1897 1997/2412/1899 1949/2409/1896
f 1992/2408/1895 1995/2410/1897 1951/2407/1894
f 1993/2406/1893 1992/2408/1895 1953/2405/1892
f 1990/2404/1891 1993/2406/1893 1955/2403/1890
f 1831/2402/1889 1990/2404/1891 1957/2400/1888
g ___01_(2)
v -0.667981 0.125022 0.180542 0.333333 0.239216 0.184314
v 0.532019 0.125022 0.180542 0.333333 0.239216 0.184314
v 0.532019 0.0827604 0.0899115 0.333333 0.239216 0.184314
v -0.667981 0.0827604 0.0899115 0.333333 0.239216 0.184314
v -0.667981 0.106896 0.188995 0.333333 0.239216 0.184314
v -0.667981 0.0646342 0.0983639 0.333333 0.239216 0.184314
v 0.532019 0.0646342 0.0983639 0.333333 0.239216 0.184314
v 0.532019 0.106896 0.188995 0.333333 0.239216 0.184314
vn 3.57909e-17 0.906308 -0.422618
vn -1 0 -9.44766e-17
vn -3.57909e-17 -0.906308 0.422618
vn -8.22584e-17 0.422618 0.906308
vn 1 0 9.44766e-17
vn 3.2512e-16 -0.422618 -0.906308
vt -0.6 0
vt 0.6 0
vt 0.6 -0.1
vt -0.6 -0.1
vt 0 0.05
vt -0.02 0.05
vt -0.02 -0.05
vt 0 -0.05
vt -0.6 0
vt -0.6 -0.1
vt 0.6 -0.1
vt 0.6 0
vt 0 0.6
vt -0.02 0.6
vt -0.02 -0.6
vt 0 -0.6
vt 0 -0.05
vt -0.02 -0.05
vt -0.02 0.05
vt 0 0.05
vt 0.6 0
vt 0.6 -0.02
vt -0.6 -0.02
vt -0.6 0
f 2004/2446/1932 2005/2447/1932 2006/2448/1932
f 2006/2448/1932 2007/2449/1932 2004/2446/1932
f 2008/2450/1933 2004/2451/1933 2007/2452/1933
f 2007/2452/1933 2009/2453/1933 2008/2450/1933
f 2008/2454/1934 2009/2455/1934 2010/2456/1934
f 2010/2456/1934 2011/2457/1934 2008/2454/1934
f 2011/2458/1935 2005/2459/1935 2004/2460/1935
f 2004/2460/1935 2008/2461/1935 2011/2458/1935
f 2010/2462/1936 2006/2463/1936 2005/2464/1936
f 2005/2464/1936 2011/2465/1936 2010/2462/1936
f 2009/2466/1937 2007/2467/1937 2006/2468/1937
f 2006/2468/1937 2010/2469/1937 2009/2466/1937
g ___01_(2)_(2)
v -0.667981 -0.22 -0.0929681 0.333333 0.239216 0.184314
v 0.532019 -0.22 -0.0929681 0.333333 0.239216 0.184314
v 0.532019 -0.32 -0.0929681 0.333333 0.239216 0.184314
v -0.667981 -0.32 -0.0929681 0.333333 0.239216 0.184314
v -0.667981 -0.22 -0.0729681 0.333333 0.239216 0.184314
v -0.667981 -0.32 -0.0729681 0.333333 0.239216 0.184314
v 0.532019 -0.32 -0.0729681 0.333333 0.239216 0.184314
v 0.532019 -0.22 -0.0729681 0.333333 0.239216 0.184314
vn -0 -0 -1
vn -1 0 0
vn 0 0 1
vn 0 1 0
vn 1 -0 -0
vn 2.42861e-16 -1 -0
vt -0.6 0
vt 0.6 0
vt 0.6 -0.1
vt -0.6 -0.1
vt 0 0.05
vt -0.02 0.05
vt -0.02 -0.05
vt 0 -0.05
vt -0.6 0
vt -0.6 -0.1
vt 0.6 -0.1
vt 0.6 0
vt 0 0.6
vt -0.02 0.6
vt -0.02 -0.6
vt 0 -0.6
vt 0 -0.05
vt -0.02 -0.05
vt -0.02 0.05
vt 0 0.05
vt 0.6 0
vt 0.6 -0.02
vt -0.6 -0.02
vt -0.6 0
f 2012/2470/1938 2013/2471/1938 2014/2472/1938
f 2014/2472/1938 2015/2473/1938 2012/2470/1938
f 2016/2474/1939 2012/2475/1939 2015/2476/1939
f 2015/2476/1939 2017/2477/1939 2016/2474/1939
f 2016/2478/1940 2017/2479/1940 2018/2480/1940
f 2018/2480/1940 2019/2481/1940 2016/2478/1940
f 2019/2482/1941 2013/2483/1941 2012/2484/1941
f 2012/2484/1941 2016/2485/1941 2019/2482/1941
f 2018/2486/1942 2014/2487/1942 2013/2488/1942
f 2013/2488/1942 2019/2489/1942 2018/2486/1942
f 2017/2490/1943 2015/2491/1943 2014/2492/1943
f 2014/2492/1943 2018/2493/1943 2017/2490/1943
g ___01_(3)
v 0.530772 0.0146342 -0.00212716 0.333333 0.239216 0.184314
v 0.510772 0.0327604 -0.0105795 0.333333 0.239216 0.184314
v 0.510772 0.0750222 0.0800513 0.333333 0.239216 0.184314
v 0.530772 0.0568961 0.0885036 0.333333 0.239216 0.184314
v -0.669228 0.0327604 -0.0105795 0.333333 0.239216 0.184314
v -0.669228 0.0750222 0.0800513 0.333333 0.239216 0.184314
v -0.669228 0.0146342 -0.00212716 0.333333 0.239216 0.184314
v -0.669228 0.0568961 0.0885036 0.333333 0.239216 0.184314
vn 0.707107 0.640856 -0.298836
vn 3.46945e-17 0.906308 -0.422618
vn -3.46945e-17 -0.906308 0.422618
vn -1 0 -9.71445e-17
vn -8.32667e-17 0.422618 0.906308
vn 3.19189e-16 -0.422618 -0.906308
vt -0.05 1.04083e-17
vt -0.05 0.0282843
vt 0.05 0.0282843
vt 0.05 8.67362e-18
vt -0.6 -0.1
vt -0.6 -6.93889e-18
vt 0.58 -2.77556e-17
vt 0.58 -0.1
vt -0.6 -0.1
vt 0.6 -0.1
vt 0.6 6.93889e-18
vt -0.6 -6.93889e-18
vt -0.02 0.05
vt -0.02 -0.05
vt 3.46945e-18 -0.05
vt 3.46945e-18 0.05
vt -6.93889e-18 -0.6
vt 6.93889e-18 0.6
vt -0.02 0.58
vt -0.02 -0.6
vt 0.6 6.93889e-18
vt 0.6 -0.02
vt -0.58 -0.02
vt -0.6 -1.04083e-17
f 2020/2494/1944 2021/2495/1944 2022/2496/1944
f 2022/2496/1944 2023/2497/1944 2020/2494/1944
f 2024/2498/1945 2025/2499/1945 2022/2500/1945
f 2022/2500/1945 2021/2501/1945 2024/2498/1945
f 2026/2502/1946 2020/2503/1946 2023/2504/1946
f 2023/2504/1946 2027/2505/1946 2026/2502/1946
f 2025/2506/1947 2024/2507/1947 2026/2508/1947
f 2026/2508/1947 2027/2509/1947 2025/2506/1947
f 2027/2510/1948 2023/2511/1948 2022/2512/1948
f 2022/2512/1948 2025/2513/1948 2027/2510/1948
f 2026/2514/1949 2024/2515/1949 2021/2516/1949
f 2021/2516/1949 2020/2517/1949 2026/2514/1949
g ___08_(1)
v 0.529586 0.153384 0.290414 0.898039 0.898039 0.898039
v 0.529586 0.0131055 -0.0104142 0.898039 0.898039 0.898039
v 0.539586 0.0131055 -0.0104142 0.898039 0.898039 0.898039
v 0.539586 0.153384 0.290414 0.898039 0.898039 0.898039
v 0.539586 0.17151 0.281962 0.898039 0.898039 0.898039
v 0.529586 0.17151 0.281962 0.898039 0.898039 0.898039
v 0.539586 0.035 -0.0154142 0.898039 0.898039 0.898039
v 0.529586 0.035 -0.0154142 0.898039 0.898039 0.898039
v 0.529586 0.0103461 -0.0303508 0.898039 0.898039 0.898039
v 0.529586 0.011383 -0.020335 0.898039 0.898039 0.898039
v 0.529586 0.0312623 -0.0276666 0.898039 0.898039 0.898039
v 0.529586 0.0322383 -0.0235034 0.898039 0.898039 0.898039
v 0.529586 0.0334861 -0.0194133 0.898039 0.898039 0.898039
v 0.529586 0.030562 -0.031885 0.898039 0.898039 0.898039
v 0.529586 0.01 -0.0404142 0.898039 0.898039 0.898039
v 0.529586 0.0301407 -0.0361403 0.898039 0.898039 0.898039
v 0.529586 0.03 -0.0404142 0.898039 0.898039 0.898039
v 0.539586 0.0103461 -0.0303508 0.898039 0.898039 0.898039
v 0.539586 0.030562 -0.031885 0.898039 0.898039 0.898039
v 0.539586 0.0312623 -0.0276666 0.898039 0.898039 0.898039
v 0.539586 0.011383 -0.020335 0.898039 0.898039 0.898039
v 0.539586 0.0322383 -0.0235034 0.898039 0.898039 0.898039
v 0.539586 0.0301407 -0.0361403 0.898039 0.898039 0.898039
v 0.539586 0.01 -0.0404142 0.898039 0.898039 0.898039
v 0.539586 0.03 -0.0404142 0.898039 0.898039 0.898039
v 0.539586 0.0334861 -0.0194133 0.898039 0.898039 0.898039
vn -6.45151e-17 -0.906308 0.422618
vn -1.38353e-16 0.422618 0.906308
vn 6.36868e-17 0.908818 -0.417192
vn -1 -0 -1.52656e-16
vn 1 0 1.52656e-16
vn 4.93215e-17 0.946368 -0.32309
vn 5.87137e-17 0.923077 -0.384615
vn 3.97158e-17 0.965564 -0.260166
vn 4.93215e-17 0.946368 -0.32309
vn 2.99382e-17 0.980581 -0.196116
vn 3.97158e-17 0.965564 -0.260166
vn 2.00311e-17 0.991354 -0.131218
vn 2.99382e-17 0.980581 -0.196116
vn 1.00373e-17 0.997836 -0.0657511
vn 2.00311e-17 0.991354 -0.131218
vn 7.8547e-31 1 -5.14537e-15
vn 1.00373e-17 0.997836 -0.0657511
vn 1.52656e-16 0 -1
vn 2.80424e-32 -1 -1.83697e-16
vn -1.04893e-17 -0.997637 0.0687124
vn -2.09291e-17 -0.990557 0.1371
vn -3.12699e-17 -0.978796 0.204839
vt -0.05 -0.01
vt 0.281927 -0.01
vt 0.281927 0
vt -0.05 0
vt -0.01 0
vt -0.01 -0.01
vt 0.01 -0.01
vt 0.01 0
vt -0.163606 0
vt -0.163606 -0.01
vt 0.163606 -0.01
vt 0.163606 0
vt 0.129937 0.0103461
vt 0.119921 0.011383
vt 0.127252 0.0312623
vt 0.123089 0.0322383
vt 0.11 0.0131055
vt 0.118999 0.0334861
vt 0.131471 0.030562
vt 0.115 0.035
vt 0.14 0.01
vt 0.135726 0.0301407
vt -0.190828 0.153384
vt -0.182376 0.17151
vt 0.14 0.03
vt 0.129937 0.0103461
vt 0.131471 0.030562
vt 0.127252 0.0312623
vt 0.119921 0.011383
vt 0.11 0.0131055
vt 0.123089 0.0322383
vt 0.135726 0.0301407
vt 0.14 0.01
vt 0.14 0.03
vt -0.190828 0.153384
vt 0.115 0.035
vt 0.118999 0.0334861
vt -0.182376 0.17151
vt 5.04138 0.01
vt 5.10718 0.01
vt 5.10718 0
vt 4.97558 0.01
vt 5.04138 0
vt 4.90978 0.01
vt 4.97558 0
vt 4.84399 0.01
vt 4.90978 0
vt 4.77819 0.01
vt 4.84399 0
vt 4.71239 0.01
vt 4.77819 0
vt 4.71239 0
vt 0 -0.01
vt -0.01 -0.01
vt -0.01 0.01
vt 0 0.01
vt 4.71239 0.01
vt 4.71239 0
vt 4.78116 0
vt 4.78116 0.01
vt 4.84992 0
vt 4.84992 0.01
vt 4.91869 0
vt 4.91869 0.01
f 2028/2518/1950 2029/2519/1950 2030/2520/1950
f 2030/2520/1950 2031/2521/1950 2028/2518/1950
f 2032/2522/1951 2033/2523/1951 2028/2524/1951
f 2028/2524/1951 2031/2525/1951 2032/2522/1951
f 2034/2526/1952 2035/2527/1952 2033/2528/1952
f 2033/2528/1952 2032/2529/1952 2034/2526/1952
f 2036/2530/1953 2037/2531/1953 2038/2532/1953
f 2037/2531/1953 2039/2533/1953 2038/2532/1953
f 2029/2534/1953 2040/2535/1953 2039/2533/1953
f 2038/2532/1953 2041/2536/1953 2036/2530/1953
f 2029/2534/1953 2035/2537/1953 2040/2535/1953
f 2042/2538/1953 2036/2530/1953 2043/2539/1953
f 2039/2533/1953 2037/2531/1953 2029/2534/1953
f 2041/2536/1953 2043/2539/1953 2036/2530/1953
f 2028/2540/1953 2033/2541/1953 2035/2537/1953
f 2035/2537/1953 2029/2534/1953 2028/2540/1953
f 2043/2539/1953 2044/2542/1953 2042/2538/1953
f 2045/2543/1954 2046/2544/1954 2047/2545/1954
f 2047/2545/1954 2048/2546/1954 2045/2543/1954
f 2030/2547/1954 2048/2546/1954 2049/2548/1954
f 2045/2543/1954 2050/2549/1954 2046/2544/1954
f 2047/2545/1954 2049/2548/1954 2048/2546/1954
f 2051/2550/1954 2052/2551/1954 2050/2549/1954
f 2050/2549/1954 2045/2543/1954 2051/2550/1954
f 2031/2552/1954 2030/2547/1954 2034/2553/1954
f 2049/2548/1954 2053/2554/1954 2030/2547/1954
f 2053/2554/1954 2034/2553/1954 2030/2547/1954
f 2034/2553/1954 2032/2555/1954 2031/2552/1954
f 2040/2556/1955 2035/2557/1956 2034/2558/1956
f 2039/2559/1957 2040/2556/1955 2053/2560/1958
f 2038/2561/1959 2039/2559/1957 2049/2562/1960
f 2041/2563/1961 2038/2561/1959 2047/2564/1962
f 2043/2565/1963 2041/2563/1961 2046/2566/1964
f 2044/2567/1965 2043/2565/1963 2050/2568/1966
f 2050/2568/1966 2052/2569/1965 2044/2567/1965
f 2046/2566/1964 2050/2568/1966 2043/2565/1963
f 2047/2564/1962 2046/2566/1964 2041/2563/1961
f 2049/2562/1960 2047/2564/1962 2038/2561/1959
f 2053/2560/1958 2049/2562/1960 2039/2559/1957
f 2034/2558/1956 2053/2560/1958 2040/2556/1955
f 2051/2570/1967 2042/2571/1967 2044/2572/1967
f 2044/2572/1967 2052/2573/1967 2051/2570/1967
f 2042/2574/1968 2051/2575/1968 2045/2576/1969
f 2036/2577/1969 2045/2576/1969 2048/2578/1970
f 2037/2579/1970 2048/2578/1970 2030/2580/1971
f 2030/2580/1971 2029/2581/1971 2037/2579/1970
f 2048/2578/1970 2037/2579/1970 2036/2577/1969
f 2045/2576/1969 2036/2577/1969 2042/2574/1968
g ___01_(1)_(2)
v -0.667981 -0.11 -0.0929681 0.333333 0.239216 0.184314
v 0.532019 -0.11 -0.0929681 0.333333 0.239216 0.184314
v 0.532019 -0.21 -0.0929681 0.333333 0.239216 0.184314
v -0.667981 -0.21 -0.0929681 0.333333 0.239216 0.184314
v -0.667981 -0.11 -0.0729681 0.333333 0.239216 0.184314
v -0.667981 -0.21 -0.0729681 0.333333 0.239216 0.184314
v 0.532019 -0.21 -0.0729681 0.333333 0.239216 0.184314
v 0.532019 -0.11 -0.0729681 0.333333 0.239216 0.184314
vn -0 -0 -1
vn -1 0 0
vn 0 0 1
vn 0 1 0
vn 1 -0 -0
vn 2.42861e-16 -1 -0
vt -0.6 0
vt 0.6 0
vt 0.6 -0.1
vt -0.6 -0.1
vt 0 0.05
vt -0.02 0.05
vt -0.02 -0.05
vt 0 -0.05
vt -0.6 0
vt -0.6 -0.1
vt 0.6 -0.1
vt 0.6 0
vt 0 0.6
vt -0.02 0.6
vt -0.02 -0.6
vt 0 -0.6
vt 0 -0.05
vt -0.02 -0.05
vt -0.02 0.05
vt 0 0.05
vt 0.6 0
vt 0.6 -0.02
vt -0.6 -0.02
vt -0.6 0
f 2054/2582/1972 2055/2583/1972 2056/2584/1972
f 2056/2584/1972 2057/2585/1972 2054/2582/1972
f 2058/2586/1973 2054/2587/1973 2057/2588/1973
f 2057/2588/1973 2059/2589/1973 2058/2586/1973
f 2058/2590/1974 2059/2591/1974 2060/2592/1974
f 2060/2592/1974 2061/2593/1974 2058/2590/1974
f 2061/2594/1975 2055/2595/1975 2054/2596/1975
f 2054/2596/1975 2058/2597/1975 2061/2594/1975
f 2060/2598/1976 2056/2599/1976 2055/2600/1976
f 2055/2600/1976 2061/2601/1976 2060/2598/1976
f 2059/2602/1977 2057/2603/1977 2056/2604/1977
f 2056/2604/1977 2060/2605/1977 2059/2602/1977
g ___09
v -0.670414 -0.01 -0.400414 0.898039 0.898039 0.898039
v -0.680414 -0.01 -0.400414 0.898039 0.898039 0.898039
v -0.680414 -0.01 -0.100414 0.898039 0.898039 0.898039
v -0.670414 -0.01 -0.100414 0.898039 0.898039 0.898039
v -0.670414 -0.025 -0.400414 0.898039 0.898039 0.898039
v -0.680414 -0.025 -0.400414 0.898039 0.898039 0.898039
v -0.670414 -0.025 -0.100414 0.898039 0.898039 0.898039
v -0.680414 -0.025 -0.100414 0.898039 0.898039 0.898039
v -0.680414 -0.0254679 -0.0993923 0.898039 0.898039 0.898039
v -0.680414 -0.0260053 -0.0984052 0.898039 0.898039 0.898039
v -0.670414 -0.0254679 -0.0993923 0.898039 0.898039 0.898039
v -0.680414 -0.0266096 -0.0974576 0.898039 0.898039 0.898039
v -0.670414 -0.0260053 -0.0984052 0.898039 0.898039 0.898039
v -0.680414 -0.027278 -0.0965541 0.898039 0.898039 0.898039
v -0.670414 -0.0266096 -0.0974576 0.898039 0.898039 0.898039
v -0.680414 -0.0280073 -0.0956989 0.898039 0.898039 0.898039
v -0.670414 -0.027278 -0.0965541 0.898039 0.898039 0.898039
v -0.680414 -0.0287939 -0.0948962 0.898039 0.898039 0.898039
v -0.670414 -0.0280073 -0.0956989 0.898039 0.898039 0.898039
v -0.680414 -0.0296341 -0.0941497 0.898039 0.898039 0.898039
v -0.670414 -0.0287939 -0.0948962 0.898039 0.898039 0.898039
v -0.680414 -0.0305239 -0.0934631 0.898039 0.898039 0.898039
v -0.670414 -0.0296341 -0.0941497 0.898039 0.898039 0.898039
v -0.680414 -0.0314591 -0.0928397 0.898039 0.898039 0.898039
v -0.670414 -0.0305239 -0.0934631 0.898039 0.898039 0.898039
v -0.680414 -0.0324351 -0.0922824 0.898039 0.898039 0.898039
v -0.670414 -0.0314591 -0.0928397 0.898039 0.898039 0.898039
v -0.680414 -0.0334473 -0.0917939 0.898039 0.898039 0.898039
v -0.670414 -0.0324351 -0.0922824 0.898039 0.898039 0.898039
v -0.680414 -0.0344908 -0.0913765 0.898039 0.898039 0.898039
v -0.670414 -0.0334473 -0.0917939 0.898039 0.898039 0.898039
v -0.680414 -0.0355607 -0.0910323 0.898039 0.898039 0.898039
v -0.670414 -0.0344908 -0.0913765 0.898039 0.898039 0.898039
v -0.680414 -0.0366518 -0.0907628 0.898039 0.898039 0.898039
v -0.670414 -0.0355607 -0.0910323 0.898039 0.898039 0.898039
v -0.680414 -0.0377589 -0.0905694 0.898039 0.898039 0.898039
v -0.670414 -0.0366518 -0.0907628 0.898039 0.898039 0.898039
v -0.680414 -0.0388768 -0.090453 0.898039 0.898039 0.898039
v -0.670414 -0.0377589 -0.0905694 0.898039 0.898039 0.898039
v -0.680414 -0.04 -0.0904142 0.898039 0.898039 0.898039
v -0.670414 -0.0388768 -0.090453 0.898039 0.898039 0.898039
v -0.670414 -0.04 -0.0904142 0.898039 0.898039 0.898039
v -0.680414 0.000756141 -0.0864462 0.898039 0.898039 0.898039
v -0.680414 -0.0042777 -0.0878779 0.898039 0.898039 0.898039
v -0.680414 -0.0168035 -0.0903119 0.898039 0.898039 0.898039
v -0.680414 -0.00127546 -0.0867757 0.898039 0.898039 0.898039
v -0.680414 -0.02 -0.0904142 0.898039 0.898039 0.898039
v -0.680414 -0.01362 -0.0900054 0.898039 0.898039 0.898039
v -0.680414 -0.00734427 -0.088786 0.898039 0.898039 0.898039
v -0.680414 -0.0104626 -0.0894961 0.898039 0.898039 0.898039
v -0.680414 -0.00686578 -0.0945152 0.898039 0.898039 0.898039
v -0.680414 -0.00804183 -0.0964099 0.898039 0.898039 0.898039
v -0.680414 -0.00261492 -0.0893625 0.898039 0.898039 0.898039
v -0.680414 -0.0041462 -0.0909836 0.898039 0.898039 0.898039
v -0.680414 -0.000978351 -0.0878478 0.898039 0.898039 0.898039
v -0.680414 0.00258074 -0.0851642 0.898039 0.898039 0.898039
v -0.680414 0.00165018 -0.0854838 0.898039 0.898039 0.898039
v -0.680414 -0.00556528 -0.0927038 0.898039 0.898039 0.898039
v -0.680414 0.00448723 -0.0840075 0.898039 0.898039 0.898039
v -0.680414 -0.00908814 -0.0983791 0.898039 0.898039 0.898039
v -0.670414 -0.0042777 -0.0878779 0.898039 0.898039 0.898039
v -0.670414 -0.00734427 -0.088786 0.898039 0.898039 0.898039
v -0.670414 0.000756141 -0.0864462 0.898039 0.898039 0.898039
v -0.670414 -0.00127546 -0.0867757 0.898039 0.898039 0.898039
v -0.670414 0.00258074 -0.0851642 0.898039 0.898039 0.898039
v -0.670414 0.00165018 -0.0854838 0.898039 0.898039 0.898039
v -0.670414 -0.00261492 -0.0893625 0.898039 0.898039 0.898039
v -0.670414 -0.000978351 -0.0878478 0.898039 0.898039 0.898039
v -0.670414 -0.00556528 -0.0927038 0.898039 0.898039 0.898039
v -0.670414 -0.0041462 -0.0909836 0.898039 0.898039 0.898039
v -0.670414 -0.00804183 -0.0964099 0.898039 0.898039 0.898039
v -0.670414 -0.00686578 -0.0945152 0.898039 0.898039 0.898039
v -0.670414 -0.0104626 -0.0894961 0.898039 0.898039 0.898039
v -0.670414 0.00448723 -0.0840075 0.898039 0.898039 0.898039
v -0.670414 -0.01362 -0.0900054 0.898039 0.898039 0.898039
v -0.670414 -0.0168035 -0.0903119 0.898039 0.898039 0.898039
v -0.670414 -0.02 -0.0904142 0.898039 0.898039 0.898039
v -0.670414 -0.00908814 -0.0983791 0.898039 0.898039 0.898039
vn -3.89478e-33 1 6.36065e-17
vn 6.12323e-17 0 -1
vn -1.41628e-33 -1 2.31296e-17
vn 2.74015e-17 -0.894284 -0.4475
vn 2.35509e-17 -0.923077 -0.384615
vn 3.1121e-17 -0.861213 -0.508244
vn 2.74015e-17 -0.894284 -0.4475
vn 3.46916e-17 -0.824023 -0.566557
vn 3.1121e-17 -0.861213 -0.508244
vn 3.80963e-17 -0.78289 -0.62216
vn 3.46916e-17 -0.824023 -0.566557
vn 4.13187e-17 -0.738013 -0.674786
vn 3.80963e-17 -0.78289 -0.62216
vn 4.43435e-17 -0.689606 -0.724185
vn 4.13187e-17 -0.738013 -0.674786
vn 4.71562e-17 -0.6379 -0.77012
vn 4.43435e-17 -0.689606 -0.724185
vn 4.97433e-17 -0.583142 -0.81237
vn 4.71562e-17 -0.6379 -0.77012
vn 5.20925e-17 -0.525595 -0.850735
vn 4.97433e-17 -0.583142 -0.81237
vn 5.41925e-17 -0.465534 -0.88503
vn 5.20925e-17 -0.525595 -0.850735
vn 5.60332e-17 -0.403245 -0.915092
vn 5.41925e-17 -0.465534 -0.88503
vn 5.76059e-17 -0.339028 -0.940776
vn 5.60332e-17 -0.403245 -0.915092
vn 5.89031e-17 -0.27319 -0.96196
vn 5.76059e-17 -0.339028 -0.940776
vn 5.99185e-17 -0.206044 -0.978543
vn 5.89031e-17 -0.27319 -0.96196
vn 6.06472e-17 -0.137913 -0.990444
vn 5.99185e-17 -0.206044 -0.978543
vn 6.10859e-17 -0.0691216 -0.997608
vn 6.06472e-17 -0.137913 -0.990444
vn 6.12323e-17 0 -1
vn 6.10859e-17 -0.0691216 -0.997608
vn -1 -0 -6.12323e-17
vn 1 0 6.12323e-17
vn -6.12323e-17 0 1
vn -6.11071e-17 -0.063931 0.997954
vn -6.07318e-17 -0.1276 0.991826
vn -6.01081e-17 -0.190748 0.981639
vn -5.92384e-17 -0.253115 0.967436
vn -5.81264e-17 -0.314446 0.949275
vn -5.67765e-17 -0.374491 0.927231
vn -5.51944e-17 -0.433004 0.901392
vn -5.33864e-17 -0.489745 0.871866
vn 5.12545e-17 0.547126 -0.83705
vn 5.33864e-17 0.489745 -0.871866
vn 4.88918e-17 0.602043 -0.798463
vn 5.12545e-17 0.547126 -0.83705
vn 4.63088e-17 0.654248 -0.75628
vn 4.88918e-17 0.602043 -0.798463
vn 4.35172e-17 0.703506 -0.710689
vn 4.63088e-17 0.654248 -0.75628
vn 4.05295e-17 0.749595 -0.661897
vn 4.35172e-17 0.703506 -0.710689
vn 3.73593e-17 0.792306 -0.610123
vn 4.05295e-17 0.749595 -0.661897
vn 3.40208e-17 0.831449 -0.555601
vn 3.73593e-17 0.792306 -0.610123
vn 3.0529e-17 0.866846 -0.498576
vn 3.40208e-17 0.831449 -0.555601
vn 2.68997e-17 0.898338 -0.439305
vn 3.0529e-17 0.866846 -0.498576
vn 2.31492e-17 0.925783 -0.378055
vn 2.68997e-17 0.898338 -0.439305
vt -0.15 0
vt -0.15 -0.01
vt 0.15 -0.01
vt 0.15 0
vt 0 -0.0075
vt -0.01 -0.0075
vt -0.01 0.0075
vt 0 0.0075
vt 0.15 0
vt 0.15 -0.01
vt -0.15 -0.01
vt -0.15 0
vt 1.10683 0.01
vt 1.17601 0.01
vt 1.17601 0
vt 1.03765 0.01
vt 1.10683 0
vt 0.968475 0.01
vt 1.03765 0
vt 0.899298 0.01
vt 0.968475 0
vt 0.830121 0.01
vt 0.899298 0
vt 0.760945 0.01
vt 0.830121 0
vt 0.691768 0.01
vt 0.760945 0
vt 0.622591 0.01
vt 0.691768 0
vt 0.553414 0.01
vt 0.622591 0
vt 0.484237 0.01
vt 0.553414 0
vt 0.415061 0.01
vt 0.484237 0
vt 0.345884 0.01
vt 0.415061 0
vt 0.276707 0.01
vt 0.345884 0
vt 0.20753 0.01
vt 0.276707 0
vt 0.138354 0.01
vt 0.20753 0
vt 0.0691768 0.01
vt 0.138354 0
vt 0 0.01
vt 0.0691768 0
vt 0 0
vt 0.186032 0.000756141
vt 0.198978 -0.0254679
vt 0.187464 -0.0042777
vt 0.197991 -0.0260053
vt 0.197043 -0.0266096
vt 0.189898 -0.0168035
vt 0.186362 -0.00127546
vt 0.19614 -0.027278
vt 0.19 -0.02
vt 0.189591 -0.01362
vt 0.188372 -0.00734427
vt 0.189082 -0.0104626
vt 0.194101 -0.00686578
vt 0.195996 -0.00804183
vt 0.188948 -0.00261492
vt 0.190569 -0.0041462
vt 0.187434 -0.000978351
vt 0.195285 -0.0280073
vt 0.18475 0.00258074
vt 0.18507 0.00165018
vt 0.19229 -0.00556528
vt 0.183593 0.00448723
vt 0.194482 -0.0287939
vt 0.2 -0.025
vt 0.190155 -0.0377589
vt 0.190039 -0.0388768
vt 0.191868 -0.0324351
vt 0.19138 -0.0334473
vt 0.193736 -0.0296341
vt 0.193049 -0.0305239
vt 0.190349 -0.0366518
vt 0.190962 -0.0344908
vt 0.190618 -0.0355607
vt 0.192426 -0.0314591
vt 0.5 -0.025
vt 0.2 -0.01
vt 0.197965 -0.00908814
vt 0.5 -0.01
vt 0.19 -0.04
vt 0.198978 -0.0254679
vt 0.187464 -0.0042777
vt 0.188372 -0.00734427
vt 0.186032 0.000756141
vt 0.186362 -0.00127546
vt 0.18475 0.00258074
vt 0.18507 0.00165018
vt 0.19614 -0.027278
vt 0.197043 -0.0266096
vt 0.194482 -0.0287939
vt 0.195285 -0.0280073
vt 0.188948 -0.00261492
vt 0.187434 -0.000978351
vt 0.19229 -0.00556528
vt 0.190569 -0.0041462
vt 0.2 -0.025
vt 0.195996 -0.00804183
vt 0.194101 -0.00686578
vt 0.197991 -0.0260053
vt 0.193736 -0.0296341
vt 0.189082 -0.0104626
vt 0.193049 -0.0305239
vt 0.183593 0.00448723
vt 0.189591 -0.01362
vt 0.192426 -0.0314591
vt 0.189898 -0.0168035
vt 0.190962 -0.0344908
vt 0.19138 -0.0334473
vt 0.19 -0.02
vt 0.19 -0.04
vt 0.190039 -0.0388768
vt 0.191868 -0.0324351
vt 0.190349 -0.0366518
vt 0.190618 -0.0355607
vt 0.190155 -0.0377589
vt 0.2 -0.01
vt 0.197965 -0.00908814
vt 0.5 -0.01
vt 0.5 -0.025
vt 0 0.135
vt 0.01 0.135
vt 0.01 0.115
vt 0 0.115
vt 3.07762 0.01
vt 3.14159 0.01
vt 3.14159 -0
vt 3.01364 0.01
vt 3.07762 -0
vt 2.94967 0.01
vt 3.01364 -0
vt 2.88569 0.01
vt 2.94967 -0
vt 2.82172 0.01
vt 2.88569 -0
vt 2.75775 0.01
vt 2.82172 -0
vt 2.69377 0.01
vt 2.75775 -0
vt 2.6298 0.01
vt 2.69377 -0
vt 2.6298 -0
vt 5.70426 0.01
vt 5.77139 0.01
vt 5.77139 0
vt 5.63713 0.01
vt 5.70426 0
vt 5.57 0.01
vt 5.63713 0
vt 5.50287 0.01
vt 5.57 0
vt 5.43574 0.01
vt 5.50287 0
vt 5.36861 0.01
vt 5.43574 0
vt 5.30147 0.01
vt 5.36861 0
vt 5.23434 0.01
vt 5.30147 0
vt 5.16721 0.01
vt 5.23434 0
vt 5.10008 0.01
vt 5.16721 0
vt 5.10008 0
f 2062/2606/1978 2063/2607/1978 2064/2608/1978
f 2064/2608/1978 2065/2609/1978 2062/2606/1978
f 2066/2610/1979 2067/2611/1979 2063/2612/1979
f 2063/2612/1979 2062/2613/1979 2066/2610/1979
f 2068/2614/1980 2069/2615/1980 2067/2616/1980
f 2067/2616/1980 2066/2617/1980 2068/2614/1980
f 2070/2618/1981 2069/2619/1982 2068/2620/1982
f 2071/2621/1983 2070/2618/1981 2072/2622/1984
f 2073/2623/1985 2071/2621/1983 2074/2624/1986
f 2075/2625/1987 2073/2623/1985 2076/2626/1988
f 2077/2627/1989 2075/2625/1987 2078/2628/1990
f 2079/2629/1991 2077/2627/1989 2080/2630/1992
f 2081/2631/1993 2079/2629/1991 2082/2632/1994
f 2083/2633/1995 2081/2631/1993 2084/2634/1996
f 2085/2635/1997 2083/2633/1995 2086/2636/1998
f 2087/2637/1999 2085/2635/1997 2088/2638/2000
f 2089/2639/2001 2087/2637/1999 2090/2640/2002
f 2091/2641/2003 2089/2639/2001 2092/2642/2004
f 2093/2643/2005 2091/2641/2003 2094/2644/2006
f 2095/2645/2007 2093/2643/2005 2096/2646/2008
f 2097/2647/2009 2095/2645/2007 2098/2648/2010
f 2099/2649/2011 2097/2647/2009 2100/2650/2012
f 2101/2651/2013 2099/2649/2011 2102/2652/2014
f 2102/2652/2014 2103/2653/2013 2101/2651/2013
f 2100/2650/2012 2102/2652/2014 2099/2649/2011
f 2098/2648/2010 2100/2650/2012 2097/2647/2009
f 2096/2646/2008 2098/2648/2010 2095/2645/2007
f 2094/2644/2006 2096/2646/2008 2093/2643/2005
f 2092/2642/2004 2094/2644/2006 2091/2641/2003
f 2090/2640/2002 2092/2642/2004 2089/2639/2001
f 2088/2638/2000 2090/2640/2002 2087/2637/1999
f 2086/2636/1998 2088/2638/2000 2085/2635/1997
f 2084/2634/1996 2086/2636/1998 2083/2633/1995
f 2082/2632/1994 2084/2634/1996 2081/2631/1993
f 2080/2630/1992 2082/2632/1994 2079/2629/1991
f 2078/2628/1990 2080/2630/1992 2077/2627/1989
f 2076/2626/1988 2078/2628/1990 2075/2625/1987
f 2074/2624/1986 2076/2626/1988 2073/2623/1985
f 2072/2622/1984 2074/2624/1986 2071/2621/1983
f 2068/2620/1982 2072/2622/1984 2070/2618/1981
f 2104/2654/2015 2070/2655/2015 2105/2656/2015
f 2071/2657/2015 2073/2658/2015 2106/2659/2015
f 2105/2656/2015 2107/2660/2015 2104/2654/2015
f 2073/2658/2015 2075/2661/2015 2108/2662/2015
f 2106/2659/2015 2109/2663/2015 2071/2657/2015
f 2070/2655/2015 2110/2664/2015 2105/2656/2015
f 2070/2655/2015 2071/2657/2015 2111/2665/2015
f 2070/2655/2015 2112/2666/2015 2113/2667/2015
f 2070/2655/2015 2114/2668/2015 2115/2669/2015
f 2070/2655/2015 2104/2654/2015 2116/2670/2015
f 2108/2662/2015 2075/2661/2015 2077/2671/2015
f 2109/2663/2015 2111/2665/2015 2071/2657/2015
f 2111/2665/2015 2110/2664/2015 2070/2655/2015
f 2117/2672/2015 2107/2660/2015 2118/2673/2015
f 2070/2655/2015 2119/2674/2015 2112/2666/2015
f 2116/2670/2015 2114/2668/2015 2070/2655/2015
f 2108/2662/2015 2106/2659/2015 2073/2658/2015
f 2118/2673/2015 2120/2675/2015 2117/2672/2015
f 2115/2669/2015 2119/2674/2015 2070/2655/2015
f 2077/2671/2015 2079/2676/2015 2108/2662/2015
f 2113/2667/2015 2069/2677/2015 2070/2655/2015
f 2108/2662/2015 2097/2678/2015 2099/2679/2015
f 2108/2662/2015 2087/2680/2015 2089/2681/2015
f 2108/2662/2015 2081/2682/2015 2083/2683/2015
f 2107/2660/2015 2117/2672/2015 2104/2654/2015
f 2108/2662/2015 2095/2684/2015 2097/2678/2015
f 2108/2662/2015 2091/2685/2015 2093/2686/2015
f 2108/2662/2015 2085/2687/2015 2087/2680/2015
f 2079/2676/2015 2081/2682/2015 2108/2662/2015
f 2093/2686/2015 2095/2684/2015 2108/2662/2015
f 2083/2683/2015 2085/2687/2015 2108/2662/2015
f 2067/2688/2015 2069/2677/2015 2064/2689/2015
f 2069/2677/2015 2113/2667/2015 2121/2690/2015
f 2089/2681/2015 2091/2685/2015 2108/2662/2015
f 2121/2690/2015 2064/2689/2015 2069/2677/2015
f 2064/2689/2015 2063/2691/2015 2067/2688/2015
f 2099/2679/2015 2101/2692/2015 2108/2662/2015
f 2072/2693/2016 2122/2694/2016 2123/2695/2016
f 2124/2696/2016 2125/2697/2016 2122/2694/2016
f 2122/2694/2016 2072/2693/2016 2124/2696/2016
f 2124/2696/2016 2126/2698/2016 2127/2699/2016
f 2123/2695/2016 2078/2700/2016 2076/2701/2016
f 2123/2695/2016 2082/2702/2016 2080/2703/2016
f 2072/2693/2016 2128/2704/2016 2129/2705/2016
f 2072/2693/2016 2130/2706/2016 2131/2707/2016
f 2072/2693/2016 2068/2708/2016 2132/2709/2016
f 2127/2699/2016 2125/2697/2016 2124/2696/2016
f 2080/2703/2016 2078/2700/2016 2123/2695/2016
f 2131/2707/2016 2128/2704/2016 2072/2693/2016
f 2132/2709/2016 2133/2710/2016 2072/2693/2016
f 2123/2695/2016 2074/2711/2016 2072/2693/2016
f 2123/2695/2016 2084/2712/2016 2082/2702/2016
f 2084/2712/2016 2123/2695/2016 2134/2713/2016
f 2133/2710/2016 2130/2706/2016 2072/2693/2016
f 2076/2701/2016 2074/2711/2016 2123/2695/2016
f 2134/2713/2016 2086/2714/2016 2084/2712/2016
f 2126/2698/2016 2135/2715/2016 2127/2699/2016
f 2136/2716/2016 2088/2717/2016 2086/2714/2016
f 2088/2717/2016 2136/2716/2016 2137/2718/2016
f 2137/2718/2016 2094/2719/2016 2092/2720/2016
f 2094/2719/2016 2137/2718/2016 2138/2721/2016
f 2138/2721/2016 2103/2722/2016 2102/2723/2016
f 2134/2713/2016 2136/2716/2016 2086/2714/2016
f 2092/2720/2016 2090/2724/2016 2137/2718/2016
f 2138/2721/2016 2098/2725/2016 2096/2726/2016
f 2102/2723/2016 2100/2727/2016 2138/2721/2016
f 2068/2708/2016 2065/2728/2016 2139/2729/2016
f 2062/2730/2016 2065/2728/2016 2068/2708/2016
f 2137/2718/2016 2090/2724/2016 2088/2717/2016
f 2100/2727/2016 2098/2725/2016 2138/2721/2016
f 2068/2708/2016 2066/2731/2016 2062/2730/2016
f 2138/2721/2016 2096/2726/2016 2094/2719/2016
f 2129/2705/2016 2124/2696/2016 2072/2693/2016
f 2139/2729/2016 2132/2709/2016 2068/2708/2016
f 2138/2732/2017 2108/2733/2017 2101/2734/2017
f 2101/2734/2017 2103/2735/2017 2138/2732/2017
f 2106/2736/2018 2108/2737/2017 2138/2738/2017
f 2109/2739/2019 2106/2736/2018 2137/2740/2018
f 2111/2741/2020 2109/2739/2019 2136/2742/2019
f 2110/2743/2021 2111/2741/2020 2134/2744/2020
f 2105/2745/2022 2110/2743/2021 2123/2746/2021
f 2107/2747/2023 2105/2745/2022 2122/2748/2022
f 2118/2749/2024 2107/2747/2023 2125/2750/2023
f 2120/2751/2025 2118/2749/2024 2127/2752/2024
f 2127/2752/2024 2135/2753/2025 2120/2751/2025
f 2125/2750/2023 2127/2752/2024 2118/2749/2024
f 2122/2748/2022 2125/2750/2023 2107/2747/2023
f 2123/2746/2021 2122/2748/2022 2105/2745/2022
f 2134/2744/2020 2123/2746/2021 2110/2743/2021
f 2136/2742/2019 2134/2744/2020 2111/2741/2020
f 2137/2740/2018 2136/2742/2019 2109/2739/2019
f 2138/2738/2017 2137/2740/2018 2106/2736/2018
f 2117/2754/2026 2120/2755/2027 2135/2756/2027
f 2104/2757/2028 2117/2754/2026 2126/2758/2029
f 2116/2759/2030 2104/2757/2028 2124/2760/2031
f 2114/2761/2032 2116/2759/2030 2129/2762/2033
f 2115/2763/2034 2114/2761/2032 2128/2764/2035
f 2119/2765/2036 2115/2763/2034 2131/2766/2037
f 2112/2767/2038 2119/2765/2036 2130/2768/2039
f 2113/2769/2040 2112/2767/2038 2133/2770/2041
f 2121/2771/2042 2113/2769/2040 2132/2772/2043
f 2064/2773/2044 2121/2771/2042 2139/2774/2045
f 2139/2774/2045 2065/2775/2044 2064/2773/2044
f 2132/2772/2043 2139/2774/2045 2121/2771/2042
f 2133/2770/2041 2132/2772/2043 2113/2769/2040
f 2130/2768/2039 2133/2770/2041 2112/2767/2038
f 2131/2766/2037 2130/2768/2039 2119/2765/2036
f 2128/2764/2035 2131/2766/2037 2115/2763/2034
f 2129/2762/2033 2128/2764/2035 2114/2761/2032
f 2124/2760/2031 2129/2762/2033 2116/2759/2030
f 2126/2758/2029 2124/2760/2031 2104/2757/2028
f 2135/2756/2027 2126/2758/2029 2117/2754/2026
g ___07
v -0.680414 -0.02 -0.0704142 0.898039 0.898039 0.898039
v -0.680414 -0.29 -0.0804142 0.898039 0.898039 0.898039
v -0.670414 -0.29 -0.0804142 0.898039 0.898039 0.898039
v -0.670414 -0.02 -0.0704142 0.898039 0.898039 0.898039
v -0.680414 -0.34 -0.120414 0.898039 0.898039 0.898039
v -0.670414 -0.34 -0.120414 0.898039 0.898039 0.898039
v -0.670414 -0.338437 -0.116504 0.898039 0.898039 0.898039
v -0.680414 -0.338437 -0.116504 0.898039 0.898039 0.898039
v -0.670414 -0.33661 -0.112711 0.898039 0.898039 0.898039
v -0.680414 -0.33661 -0.112711 0.898039 0.898039 0.898039
v -0.670414 -0.334526 -0.109053 0.898039 0.898039 0.898039
v -0.680414 -0.334526 -0.109053 0.898039 0.898039 0.898039
v -0.670414 -0.332195 -0.105546 0.898039 0.898039 0.898039
v -0.680414 -0.332195 -0.105546 0.898039 0.898039 0.898039
v -0.670414 -0.329629 -0.102208 0.898039 0.898039 0.898039
v -0.680414 -0.329629 -0.102208 0.898039 0.898039 0.898039
v -0.670414 -0.32684 -0.0990543 0.898039 0.898039 0.898039
v -0.680414 -0.32684 -0.0990543 0.898039 0.898039 0.898039
v -0.670414 -0.32384 -0.0960995 0.898039 0.898039 0.898039
v -0.680414 -0.32384 -0.0960995 0.898039 0.898039 0.898039
v -0.670414 -0.320645 -0.0933578 0.898039 0.898039 0.898039
v -0.680414 -0.320645 -0.0933578 0.898039 0.898039 0.898039
v -0.670414 -0.317269 -0.0908422 0.898039 0.898039 0.898039
v -0.680414 -0.317269 -0.0908422 0.898039 0.898039 0.898039
v -0.670414 -0.313728 -0.0885645 0.898039 0.898039 0.898039
v -0.680414 -0.313728 -0.0885645 0.898039 0.898039 0.898039
v -0.670414 -0.310038 -0.0865356 0.898039 0.898039 0.898039
v -0.680414 -0.310038 -0.0865356 0.898039 0.898039 0.898039
v -0.670414 -0.306218 -0.084765 0.898039 0.898039 0.898039
v -0.680414 -0.306218 -0.084765 0.898039 0.898039 0.898039
v -0.670414 -0.302286 -0.0832611 0.898039 0.898039 0.898039
v -0.680414 -0.302286 -0.0832611 0.898039 0.898039 0.898039
v -0.670414 -0.298259 -0.082031 0.898039 0.898039 0.898039
v -0.680414 -0.298259 -0.082031 0.898039 0.898039 0.898039
v -0.670414 -0.294157 -0.0810805 0.898039 0.898039 0.898039
v -0.680414 -0.294157 -0.0810805 0.898039 0.898039 0.898039
v -0.680414 -0.32 -0.120414 0.898039 0.898039 0.898039
v -0.670414 -0.32 -0.120414 0.898039 0.898039 0.898039
v -0.680414 -0.292047 -0.0904841 0.898039 0.898039 0.898039
v -0.680414 -0.29 -0.0904142 0.898039 0.898039 0.898039
v -0.670414 -0.29 -0.0904142 0.898039 0.898039 0.898039
v -0.680414 -0.294085 -0.0906936 0.898039 0.898039 0.898039
v -0.670414 -0.292047 -0.0904841 0.898039 0.898039 0.898039
v -0.680414 -0.296104 -0.0910416 0.898039 0.898039 0.898039
v -0.670414 -0.294085 -0.0906936 0.898039 0.898039 0.898039
v -0.680414 -0.298094 -0.0915266 0.898039 0.898039 0.898039
v -0.670414 -0.296104 -0.0910416 0.898039 0.898039 0.898039
v -0.680414 -0.300046 -0.0921463 0.898039 0.898039 0.898039
v -0.670414 -0.298094 -0.0915266 0.898039 0.898039 0.898039
v -0.680414 -0.301952 -0.0928978 0.898039 0.898039 0.898039
v -0.670414 -0.300046 -0.0921463 0.898039 0.898039 0.898039
v -0.680414 -0.303802 -0.0937776 0.898039 0.898039 0.898039
v -0.670414 -0.301952 -0.0928978 0.898039 0.898039 0.898039
v -0.680414 -0.305588 -0.0947816 0.898039 0.898039 0.898039
v -0.670414 -0.303802 -0.0937776 0.898039 0.898039 0.898039
v -0.680414 -0.3073 -0.0959051 0.898039 0.898039 0.898039
v -0.670414 -0.305588 -0.0947816 0.898039 0.898039 0.898039
v -0.680414 -0.308933 -0.0971428 0.898039 0.898039 0.898039
v -0.670414 -0.3073 -0.0959051 0.898039 0.898039 0.898039
v -0.680414 -0.310477 -0.0984891 0.898039 0.898039 0.898039
v -0.670414 -0.308933 -0.0971428 0.898039 0.898039 0.898039
v -0.680414 -0.311925 -0.0999376 0.898039 0.898039 0.898039
v -0.670414 -0.310477 -0.0984891 0.898039 0.898039 0.898039
v -0.680414 -0.313271 -0.101482 0.898039 0.898039 0.898039
v -0.670414 -0.311925 -0.0999376 0.898039 0.898039 0.898039
v -0.680414 -0.314509 -0.103114 0.898039 0.898039 0.898039
v -0.670414 -0.313271 -0.101482 0.898039 0.898039 0.898039
v -0.680414 -0.315633 -0.104827 0.898039 0.898039 0.898039
v -0.670414 -0.314509 -0.103114 0.898039 0.898039 0.898039
v -0.680414 -0.316637 -0.106612 0.898039 0.898039 0.898039
v -0.670414 -0.315633 -0.104827 0.898039 0.898039 0.898039
v -0.680414 -0.317516 -0.108462 0.898039 0.898039 0.898039
v -0.670414 -0.316637 -0.106612 0.898039 0.898039 0.898039
v -0.680414 -0.318268 -0.110368 0.898039 0.898039 0.898039
v -0.670414 -0.317516 -0.108462 0.898039 0.898039 0.898039
v -0.680414 -0.318888 -0.11232 0.898039 0.898039 0.898039
v -0.670414 -0.318268 -0.110368 0.898039 0.898039 0.898039
v -0.680414 -0.319373 -0.11431 0.898039 0.898039 0.898039
v -0.670414 -0.318888 -0.11232 0.898039 0.898039 0.898039
v -0.680414 -0.319721 -0.116329 0.898039 0.898039 0.898039
v -0.670414 -0.319373 -0.11431 0.898039 0.898039 0.898039
v -0.680414 -0.31993 -0.118367 0.898039 0.898039 0.898039
v -0.670414 -0.319721 -0.116329 0.898039 0.898039 0.898039
v -0.670414 -0.31993 -0.118367 0.898039 0.898039 0.898039
v -0.680414 -0.02 -0.0904142 0.898039 0.898039 0.898039
v -0.670414 -0.02 -0.0904142 0.898039 0.898039 0.898039
v -0.680414 0.0289542 -0.050587 0.898039 0.898039 0.898039
v -0.680414 0.00911947 -0.0467048 0.898039 0.898039 0.898039
v -0.680414 0.00955552 -0.0446295 0.898039 0.898039 0.898039
v -0.680414 0.0281459 -0.053904 0.898039 0.898039 0.898039
v -0.680414 0.00854335 -0.0487456 0.898039 0.898039 0.898039
v -0.680414 0.027113 -0.0571581 0.898039 0.898039 0.898039
v -0.680414 0.00782982 -0.0507425 0.898039 0.898039 0.898039
v -0.680414 0.0258606 -0.0603342 0.898039 0.898039 0.898039
v -0.680414 0.00698219 -0.0526863 0.898039 0.898039 0.898039
v -0.680414 0.0115544 -0.0791997 0.898039 0.898039 0.898039
v -0.680414 0.00883402 -0.0812627 0.898039 0.898039 0.898039
v -0.680414 -0.00230368 -0.064091 0.898039 0.898039 0.898039
v -0.680414 0.0059792 -0.0831351 0.898039 0.898039 0.898039
v -0.680414 -0.00403533 -0.0653151 0.898039 0.898039 0.898039
v -0.680414 0.0298834 -0.0438263 0.898039 0.898039 0.898039
v -0.680414 0.00984949 -0.0425294 0.898039 0.898039 0.898039
v -0.680414 0.01 -0.0404142 0.898039 0.898039 0.898039
v -0.680414 0.0295343 -0.0472225 0.898039 0.898039 0.898039
v -0.680414 0.0165418 -0.0745418 0.898039 0.898039 0.898039
v -0.680414 0.000890354 -0.0613045 0.898039 0.898039 0.898039
v -0.680414 0.00233796 -0.0597549 0.898039 0.898039 0.898039
v -0.680414 0.0141277 -0.076956 0.898039 0.898039 0.898039
v -0.680414 -0.000659251 -0.0627521 0.898039 0.898039 0.898039
v -0.680414 0.0243943 -0.0634174 0.898039 0.898039 0.898039
v -0.680414 0.00600437 -0.054568 0.898039 0.898039 0.898039
v -0.680414 0.022721 -0.0663934 0.898039 0.898039 0.898039
v -0.680414 0.0049009 -0.0563788 0.898039 0.898039 0.898039
v -0.680414 0.0208485 -0.0692482 0.898039 0.898039 0.898039
v -0.680414 0.00367688 -0.0581105 0.898039 0.898039 0.898039
v -0.680414 0.0187856 -0.0719686 0.898039 0.898039 0.898039
v -0.680414 0.00300325 -0.0848084 0.898039 0.898039 0.898039
v -0.680414 -0.00584618 -0.0664185 0.898039 0.898039 0.898039
v -0.680414 -7.99455e-05 -0.0862747 0.898039 0.898039 0.898039
v -0.680414 -0.00772786 -0.0673963 0.898039 0.898039 0.898039
v -0.680414 -0.00325602 -0.0875272 0.898039 0.898039 0.898039
v -0.680414 -0.00967167 -0.068244 0.898039 0.898039 0.898039
v -0.680414 -0.00651016 -0.08856 0.898039 0.898039 0.898039
v -0.680414 -0.0116686 -0.0689575 0.898039 0.898039 0.898039
v -0.680414 -0.0098272 -0.0893684 0.898039 0.898039 0.898039
v -0.680414 -0.0137094 -0.0695336 0.898039 0.898039 0.898039
v -0.680414 -0.0131917 -0.0899485 0.898039 0.898039 0.898039
v -0.680414 -0.0157847 -0.0699697 0.898039 0.898039 0.898039
v -0.680414 -0.0165879 -0.0902976 0.898039 0.898039 0.898039
v -0.680414 -0.0178848 -0.0702636 0.898039 0.898039 0.898039
v -0.680414 0.03 -0.0404142 0.898039 0.898039 0.898039
v -0.670414 0.00883402 -0.0812627 0.898039 0.898039 0.898039
v -0.670414 -0.00230368 -0.064091 0.898039 0.898039 0.898039
v -0.670414 -0.00403533 -0.0653151 0.898039 0.898039 0.898039
v -0.670414 0.0115544 -0.0791997 0.898039 0.898039 0.898039
v -0.670414 -0.000659251 -0.0627521 0.898039 0.898039 0.898039
v -0.670414 0.0258606 -0.0603342 0.898039 0.898039 0.898039
v -0.670414 0.027113 -0.0571581 0.898039 0.898039 0.898039
v -0.670414 0.00782982 -0.0507425 0.898039 0.898039 0.898039
v -0.670414 0.0281459 -0.053904 0.898039 0.898039 0.898039
v -0.670414 0.00854335 -0.0487456 0.898039 0.898039 0.898039
v -0.670414 0.0289542 -0.050587 0.898039 0.898039 0.898039
v -0.670414 0.00911947 -0.0467048 0.898039 0.898039 0.898039
v -0.670414 0.0295343 -0.0472225 0.898039 0.898039 0.898039
v -0.670414 0.00955552 -0.0446295 0.898039 0.898039 0.898039
v -0.670414 0.0141277 -0.076956 0.898039 0.898039 0.898039
v -0.670414 0.000890354 -0.0613045 0.898039 0.898039 0.898039
v -0.670414 0.0165418 -0.0745418 0.898039 0.898039 0.898039
v -0.670414 0.0187856 -0.0719686 0.898039 0.898039 0.898039
v -0.670414 0.00233796 -0.0597549 0.898039 0.898039 0.898039
v -0.670414 0.0298834 -0.0438263 0.898039 0.898039 0.898039
v -0.670414 0.00984949 -0.0425294 0.898039 0.898039 0.898039
v -0.670414 0.03 -0.0404142 0.898039 0.898039 0.898039
v -0.670414 0.01 -0.0404142 0.898039 0.898039 0.898039
v -0.670414 0.0208485 -0.0692482 0.898039 0.898039 0.898039
v -0.670414 0.00367688 -0.0581105 0.898039 0.898039 0.898039
v -0.670414 0.022721 -0.0663934 0.898039 0.898039 0.898039
v -0.670414 0.0049009 -0.0563788 0.898039 0.898039 0.898039
v -0.670414 0.0243943 -0.0634174 0.898039 0.898039 0.898039
v -0.670414 0.00600437 -0.054568 0.898039 0.898039 0.898039
v -0.670414 0.00698219 -0.0526863 0.898039 0.898039 0.898039
v -0.670414 -0.0165879 -0.0902976 0.898039 0.898039 0.898039
v -0.670414 -0.0178848 -0.0702636 0.898039 0.898039 0.898039
v -0.670414 -0.0098272 -0.0893684 0.898039 0.898039 0.898039
v -0.670414 -0.0137094 -0.0695336 0.898039 0.898039 0.898039
v -0.670414 -0.0157847 -0.0699697 0.898039 0.898039 0.898039
v -0.670414 -0.00651016 -0.08856 0.898039 0.898039 0.898039
v -0.670414 -0.0116686 -0.0689575 0.898039 0.898039 0.898039
v -0.670414 -0.00325602 -0.0875272 0.898039 0.898039 0.898039
v -0.670414 -0.00967167 -0.068244 0.898039 0.898039 0.898039
v -0.670414 -7.99455e-05 -0.0862747 0.898039 0.898039 0.898039
v -0.670414 -0.00772786 -0.0673963 0.898039 0.898039 0.898039
v -0.670414 0.00300325 -0.0848084 0.898039 0.898039 0.898039
v -0.670414 -0.00584618 -0.0664185 0.898039 0.898039 0.898039
v -0.670414 0.0059792 -0.0831351 0.898039 0.898039 0.898039
v -0.670414 -0.0131917 -0.0899485 0.898039 0.898039 0.898039
vn -1.83571e-16 -0.0370117 0.999315
vn -6.22741e-17 -0.940785 0.339004
vn -7.40031e-17 -0.915264 0.402854
vn -8.53822e-17 -0.885416 0.464799
vn -9.63576e-17 -0.851382 0.524546
vn -1.06877e-16 -0.813322 0.581814
vn -1.16892e-16 -0.771417 0.63633
vn -1.26354e-16 -0.725864 0.687838
vn -1.35218e-16 -0.67688 0.736093
vn -1.43443e-16 -0.624695 0.780869
vn -1.5099e-16 -0.569557 0.821952
vn -1.57823e-16 -0.511725 0.859149
vn -1.6391e-16 -0.451474 0.892284
vn -1.69222e-16 -0.389089 0.9212
vn -1.73733e-16 -0.324864 0.945761
vn -1.77424e-16 -0.259103 0.96585
vn -1.80275e-16 -0.192117 0.981372
vn -1.82274e-16 -0.124222 0.992254
vn 1.83697e-16 0 -1
vn 1.83269e-16 0.0682424 -0.997669
vn 1.81986e-16 0.136167 -0.990686
vn 1.79855e-16 0.203456 -0.979084
vn 1.76885e-16 0.269797 -0.962917
vn 1.73091e-16 0.33488 -0.942261
vn 1.68489e-16 0.398401 -0.917211
vn 1.63102e-16 0.460065 -0.887885
vn 1.56954e-16 0.519584 -0.854419
vn 1.50075e-16 0.57668 -0.81697
vn 1.42496e-16 0.631088 -0.775711
vn 1.34252e-16 0.682553 -0.730836
vn 1.25383e-16 0.730836 -0.682553
vn 1.15929e-16 0.775711 -0.631088
vn 1.05934e-16 0.81697 -0.57668
vn 9.5446e-17 0.854419 -0.519584
vn 8.45126e-17 0.887885 -0.460065
vn 7.31851e-17 0.917211 -0.398401
vn 6.15164e-17 0.942261 -0.33488
vn 4.95609e-17 0.962917 -0.269797
vn 3.73743e-17 0.979084 -0.203456
vn 2.50134e-17 0.990686 -0.136167
vn 1.25359e-17 0.997669 -0.0682424
vn -3.37446e-32 1 1.83697e-16
vn 1.83697e-16 0 -1
vn -1 0 -1.83697e-16
vn 1 0 1.83697e-16
vn 8.0453e-31 1 -4.37966e-15
vn 1.25359e-17 0.997669 -0.0682424
vn 2.50134e-17 0.990686 -0.136167
vn 3.73743e-17 0.979084 -0.203456
vn 4.95609e-17 0.962917 -0.269797
vn 6.15164e-17 0.942261 -0.33488
vn 7.31851e-17 0.917211 -0.398401
vn 8.45126e-17 0.887885 -0.460065
vn 9.5446e-17 0.854419 -0.519584
vn 1.05934e-16 0.81697 -0.57668
vn 1.15929e-16 0.775711 -0.631088
vn 1.25383e-16 0.730836 -0.682553
vn 1.34252e-16 0.682553 -0.730836
vn 1.42496e-16 0.631088 -0.775711
vn 1.50075e-16 0.57668 -0.81697
vn 1.56954e-16 0.519584 -0.854419
vn 1.63102e-16 0.460065 -0.887885
vn 1.68489e-16 0.398401 -0.917211
vn 1.73091e-16 0.33488 -0.942261
vn 1.76885e-16 0.269797 -0.962917
vn 1.79855e-16 0.203456 -0.979084
vn 1.81986e-16 0.136167 -0.990686
vn 1.83269e-16 0.0682424 -0.997669
vn 1.83697e-16 1.22465e-16 -1
vn -1.83697e-16 0 1
vn -1.82684e-16 -0.104861 0.994487
vn -1.83571e-16 -0.0370117 0.999315
vn -1.80952e-16 -0.172226 0.985057
vn -1.82684e-16 -0.104861 0.994487
vn -1.78383e-16 -0.238794 0.97107
vn -1.80952e-16 -0.172226 0.985057
vn -1.74988e-16 -0.304256 0.95259
vn -1.78383e-16 -0.238794 0.97107
vn -1.70784e-16 -0.368311 0.929703
vn -1.74988e-16 -0.304256 0.95259
vn -1.65789e-16 -0.430662 0.902513
vn -1.70784e-16 -0.368311 0.929703
vn -1.60027e-16 -0.49102 0.871148
vn -1.65789e-16 -0.430662 0.902513
vn -1.53525e-16 -0.549107 0.835752
vn -1.60027e-16 -0.49102 0.871148
vn -1.46313e-16 -0.604652 0.796489
vn -1.53525e-16 -0.549107 0.835752
vn -1.38423e-16 -0.6574 0.753541
vn -1.46313e-16 -0.604652 0.796489
vn -1.29893e-16 -0.707107 0.707107
vn -1.38423e-16 -0.6574 0.753541
vn -1.20763e-16 -0.753541 0.6574
vn -1.29893e-16 -0.707107 0.707107
vn -1.11073e-16 -0.796489 0.604652
vn -1.20763e-16 -0.753541 0.6574
vn -1.00869e-16 -0.835752 0.549107
vn -1.11073e-16 -0.796489 0.604652
vn -9.0199e-17 -0.871148 0.49102
vn -1.00869e-16 -0.835752 0.549107
vn -7.91114e-17 -0.902513 0.430662
vn -9.0199e-17 -0.871148 0.49102
vn -6.76577e-17 -0.929703 0.368311
vn -7.91114e-17 -0.902513 0.430662
vn -5.5891e-17 -0.95259 0.304256
vn -6.76577e-17 -0.929703 0.368311
vn -4.38657e-17 -0.97107 0.238794
vn -5.5891e-17 -0.95259 0.304256
vn -3.16374e-17 -0.985057 0.172226
vn -4.38657e-17 -0.97107 0.238794
vn -1.92627e-17 -0.994487 0.104861
vn -3.16374e-17 -0.985057 0.172226
vn -6.79893e-18 -0.999315 0.0370117
vn -1.92627e-17 -0.994487 0.104861
vt -0.135093 -0.01
vt 0.135093 -0.01
vt 0.135093 1.73472e-18
vt -0.135093 -3.37038e-33
vt 5.05825 0.01
vt 5.05825 9.27326e-19
vt 5.12702 9.27326e-19
vt 5.12702 0.01
vt 5.1958 9.27326e-19
vt 5.1958 0.01
vt 5.26457 9.27326e-19
vt 5.26457 0.01
vt 5.33335 9.27326e-19
vt 5.33335 0.01
vt 5.40212 9.27326e-19
vt 5.40212 0.01
vt 5.4709 9.27326e-19
vt 5.4709 0.01
vt 5.53967 9.27326e-19
vt 5.53967 0.01
vt 5.60844 9.27326e-19
vt 5.60844 0.01
vt 5.67722 9.27326e-19
vt 5.67722 0.01
vt 5.74599 9.27326e-19
vt 5.74599 0.01
vt 5.81477 9.27326e-19
vt 5.81477 0.01
vt 5.88354 9.27326e-19
vt 5.88354 0.01
vt 5.95232 9.27326e-19
vt 5.95232 0.01
vt 6.02109 9.27326e-19
vt 6.02109 0.01
vt 6.08987 9.27326e-19
vt 6.08987 0.01
vt 6.15864 9.27326e-19
vt 6.15864 0.01
vt -3.39908e-33 -0.01
vt -0.01 -0.01
vt -0.01 0.01
vt 0 0.01
vt 6.21489 0.01
vt 6.28319 0.01
vt 6.28319 0
vt 6.14659 0.01
vt 6.21489 0
vt 6.0783 0.01
vt 6.14659 0
vt 6.01 0.01
vt 6.0783 0
vt 5.94171 0.01
vt 6.01 0
vt 5.87341 0.01
vt 5.94171 0
vt 5.80512 0.01
vt 5.87341 0
vt 5.73682 0.01
vt 5.80512 0
vt 5.66853 0.01
vt 5.73682 0
vt 5.60023 0.01
vt 5.66853 0
vt 5.53193 0.01
vt 5.60023 0
vt 5.46364 0.01
vt 5.53193 0
vt 5.39534 0.01
vt 5.46364 0
vt 5.32705 0.01
vt 5.39534 0
vt 5.25875 0.01
vt 5.32705 0
vt 5.19046 0.01
vt 5.25875 0
vt 5.12216 0.01
vt 5.19046 0
vt 5.05387 0.01
vt 5.12216 0
vt 4.98557 0.01
vt 5.05387 0
vt 4.91728 0.01
vt 4.98557 0
vt 4.84898 0.01
vt 4.91728 0
vt 4.78068 0.01
vt 4.84898 0
vt 4.71239 0.01
vt 4.78068 0
vt 4.71239 0
vt -2.37935e-32 -0.135
vt 0.01 -0.135
vt 0.01 0.135
vt 0 0.135
vt 1.26983 0.0289542
vt 1.27371 0.00911947
vt 1.27578 0.00955552
vt 1.26651 0.0281459
vt 1.27167 0.00854335
vt 1.26326 0.027113
vt 1.26967 0.00782982
vt 1.26008 0.0258606
vt 1.26773 0.00698219
vt 1.24121 0.0115544
vt 1.23915 0.00883402
vt 1.25632 -0.00230368
vt 1.23728 0.0059792
vt 1.2551 -0.00403533
vt 1.27659 0.0298834
vt 1.27788 0.00984949
vt 1.28 0.01
vt 1.27319 0.0295343
vt 1.24587 0.0165418
vt 1.25911 0.000890354
vt 1.26066 0.00233796
vt 1.24346 0.0141277
vt 1.25766 -0.000659251
vt 1.2 -0.32
vt 1.2 -0.34
vt 1.20391 -0.338437
vt 1.20205 -0.31993
vt 1.2077 -0.33661
vt 1.2061 -0.319373
vt 1.21136 -0.334526
vt 1.20809 -0.318888
vt 1.21487 -0.332195
vt 1.257 0.0243943
vt 1.26585 0.00600437
vt 1.25402 0.022721
vt 1.26404 0.0049009
vt 1.25117 0.0208485
vt 1.2623 0.00367688
vt 1.24845 0.0187856
vt 1.20408 -0.319721
vt 1.21005 -0.318268
vt 1.21821 -0.329629
vt 1.2138 -0.316637
vt 1.22136 -0.32684
vt 1.21559 -0.315633
vt 1.22431 -0.32384
vt 1.22706 -0.320645
vt 1.21893 -0.313271
vt 1.23388 -0.310038
vt 1.23565 -0.306218
vt 1.22664 -0.303802
vt 1.23715 -0.302286
vt 1.22827 -0.300046
vt 1.23561 0.00300325
vt 1.254 -0.00584618
vt 1.23414 -7.99455e-05
vt 1.25302 -0.00772786
vt 1.23289 -0.00325602
vt 1.25217 -0.00967167
vt 1.23185 -0.00651016
vt 1.25146 -0.0116686
vt 1.23105 -0.0098272
vt 1.25088 -0.0137094
vt 1.23047 -0.0131917
vt 1.25044 -0.0157847
vt 1.23012 -0.0165879
vt 1.23 -0.02
vt 1.25 -0.02
vt 1.23 -0.29
vt 1.24 -0.29
vt 1.21195 -0.317516
vt 1.2173 -0.314509
vt 1.22957 -0.317269
vt 1.22193 -0.310477
vt 1.22048 -0.311925
vt 1.22752 -0.301952
vt 1.22889 -0.298094
vt 1.25015 -0.0178848
vt 1.22993 -0.292047
vt 1.23185 -0.313728
vt 1.22327 -0.308933
vt 1.23838 -0.298259
vt 1.22937 -0.296104
vt 1.23933 -0.294157
vt 1.22972 -0.294085
vt 1.22563 -0.305588
vt 1.22451 -0.3073
vt 1.28 0.03
vt 1.23915 0.00883402
vt 1.25632 -0.00230368
vt 1.2551 -0.00403533
vt 1.24121 0.0115544
vt 1.25766 -0.000659251
vt 1.26008 0.0258606
vt 1.26326 0.027113
vt 1.26967 0.00782982
vt 1.26651 0.0281459
vt 1.27167 0.00854335
vt 1.26983 0.0289542
vt 1.27371 0.00911947
vt 1.27319 0.0295343
vt 1.27578 0.00955552
vt 1.24346 0.0141277
vt 1.25911 0.000890354
vt 1.24587 0.0165418
vt 1.24845 0.0187856
vt 1.26066 0.00233796
vt 1.27659 0.0298834
vt 1.27788 0.00984949
vt 1.28 0.03
vt 1.28 0.01
vt 1.25117 0.0208485
vt 1.2623 0.00367688
vt 1.25402 0.022721
vt 1.26404 0.0049009
vt 1.257 0.0243943
vt 1.26585 0.00600437
vt 1.26773 0.00698219
vt 1.20809 -0.318888
vt 1.21005 -0.318268
vt 1.21487 -0.332195
vt 1.2061 -0.319373
vt 1.21136 -0.334526
vt 1.20205 -0.31993
vt 1.20408 -0.319721
vt 1.2077 -0.33661
vt 1.2 -0.32
vt 1.20391 -0.338437
vt 1.23 -0.02
vt 1.25 -0.02
vt 1.24 -0.29
vt 1.23012 -0.0165879
vt 1.25015 -0.0178848
vt 1.23105 -0.0098272
vt 1.25088 -0.0137094
vt 1.25044 -0.0157847
vt 1.23185 -0.00651016
vt 1.25146 -0.0116686
vt 1.23289 -0.00325602
vt 1.25217 -0.00967167
vt 1.23414 -7.99455e-05
vt 1.25302 -0.00772786
vt 1.23561 0.00300325
vt 1.254 -0.00584618
vt 1.23728 0.0059792
vt 1.23565 -0.306218
vt 1.22752 -0.301952
vt 1.22827 -0.300046
vt 1.23388 -0.310038
vt 1.22563 -0.305588
vt 1.22664 -0.303802
vt 1.22431 -0.32384
vt 1.2173 -0.314509
vt 1.21893 -0.313271
vt 1.21559 -0.315633
vt 1.2138 -0.316637
vt 1.22136 -0.32684
vt 1.21195 -0.317516
vt 1.21821 -0.329629
vt 1.2 -0.34
vt 1.23933 -0.294157
vt 1.22993 -0.292047
vt 1.23047 -0.0131917
vt 1.23715 -0.302286
vt 1.22957 -0.317269
vt 1.22706 -0.320645
vt 1.22048 -0.311925
vt 1.23 -0.29
vt 1.23838 -0.298259
vt 1.22937 -0.296104
vt 1.22972 -0.294085
vt 1.22889 -0.298094
vt 1.22193 -0.310477
vt 1.22327 -0.308933
vt 1.23185 -0.313728
vt 1.22451 -0.3073
vt 1.5708 0.01
vt 1.5708 2.71926e-32
vt 1.63909 2.71926e-32
vt 1.63909 0.01
vt 1.70739 2.71926e-32
vt 1.70739 0.01
vt 1.77568 2.71926e-32
vt 1.77568 0.01
vt 1.84398 2.71926e-32
vt 1.84398 0.01
vt 1.91227 2.71926e-32
vt 1.91227 0.01
vt 1.98057 2.71926e-32
vt 1.98057 0.01
vt 2.04886 2.71926e-32
vt 2.04886 0.01
vt 2.11716 2.71926e-32
vt 2.11716 0.01
vt 2.18546 2.71926e-32
vt 2.18546 0.01
vt 2.25375 2.71926e-32
vt 2.25375 0.01
vt 2.32205 2.71926e-32
vt 2.32205 0.01
vt 2.39034 2.71926e-32
vt 2.39034 0.01
vt 2.45864 2.71926e-32
vt 2.45864 0.01
vt 2.52693 2.71926e-32
vt 2.52693 0.01
vt 2.59523 2.71926e-32
vt 2.59523 0.01
vt 2.66352 2.71926e-32
vt 2.66352 0.01
vt 2.73182 2.71926e-32
vt 2.73182 0.01
vt 2.80012 2.71926e-32
vt 2.80012 0.01
vt 2.86841 2.71926e-32
vt 2.86841 0.01
vt 2.93671 2.71926e-32
vt 2.93671 0.01
vt 3.005 2.71926e-32
vt 3.005 0.01
vt 3.0733 2.71926e-32
vt 3.0733 0.01
vt 3.14159 2.71926e-32
vt 3.14159 0.01
vt -0.01 0.01
vt -0.01 -0.01
vt 0 -0.01
vt 0 0.01
vt 3.03654 0.01
vt 3.10457 0.01
vt 3.10457 1.41305e-19
vt 2.9685 0.01
vt 3.03654 1.41305e-19
vt 2.90047 0.01
vt 2.9685 1.41305e-19
vt 2.83244 0.01
vt 2.90047 1.41305e-19
vt 2.7644 0.01
vt 2.83244 1.41305e-19
vt 2.69637 0.01
vt 2.7644 1.41305e-19
vt 2.62833 0.01
vt 2.69637 1.41305e-19
vt 2.5603 0.01
vt 2.62833 1.41305e-19
vt 2.49226 0.01
vt 2.5603 1.41305e-19
vt 2.42423 0.01
vt 2.49226 1.41305e-19
vt 2.35619 0.01
vt 2.42423 1.41305e-19
vt 2.28816 0.01
vt 2.35619 1.41305e-19
vt 2.22013 0.01
vt 2.28816 1.41305e-19
vt 2.15209 0.01
vt 2.22013 1.41305e-19
vt 2.08406 0.01
vt 2.15209 1.41305e-19
vt 2.01602 0.01
vt 2.08406 1.41305e-19
vt 1.94799 0.01
vt 2.01602 1.41305e-19
vt 1.87995 0.01
vt 1.94799 1.41305e-19
vt 1.81192 0.01
vt 1.87995 1.41305e-19
vt 1.74389 0.01
vt 1.81192 1.41305e-19
vt 1.67585 0.01
vt 1.74389 1.41305e-19
vt 1.60782 0.01
vt 1.67585 1.41305e-19
vt 1.60782 1.41305e-19
f 2140/2776/2046 2141/2777/2046 2142/2778/2046
f 2142/2778/2046 2143/2779/2046 2140/2776/2046
f 2144/2780/2047 2145/2781/2047 2146/2782/2048
f 2147/2783/2048 2146/2782/2048 2148/2784/2049
f 2149/2785/2049 2148/2784/2049 2150/2786/2050
f 2151/2787/2050 2150/2786/2050 2152/2788/2051
f 2153/2789/2051 2152/2788/2051 2154/2790/2052
f 2155/2791/2052 2154/2790/2052 2156/2792/2053
f 2157/2793/2053 2156/2792/2053 2158/2794/2054
f 2159/2795/2054 2158/2794/2054 2160/2796/2055
f 2161/2797/2055 2160/2796/2055 2162/2798/2056
f 2163/2799/2056 2162/2798/2056 2164/2800/2057
f 2165/2801/2057 2164/2800/2057 2166/2802/2058
f 2167/2803/2058 2166/2802/2058 2168/2804/2059
f 2169/2805/2059 2168/2804/2059 2170/2806/2060
f 2171/2807/2060 2170/2806/2060 2172/2808/2061
f 2173/2809/2061 2172/2808/2061 2174/2810/2062
f 2175/2811/2062 2174/2810/2062 2142/2812/2063
f 2142/2812/2063 2141/2813/2063 2175/2811/2062
f 2174/2810/2062 2175/2811/2062 2173/2809/2061
f 2172/2808/2061 2173/2809/2061 2171/2807/2060
f 2170/2806/2060 2171/2807/2060 2169/2805/2059
f 2168/2804/2059 2169/2805/2059 2167/2803/2058
f 2166/2802/2058 2167/2803/2058 2165/2801/2057
f 2164/2800/2057 2165/2801/2057 2163/2799/2056
f 2162/2798/2056 2163/2799/2056 2161/2797/2055
f 2160/2796/2055 2161/2797/2055 2159/2795/2054
f 2158/2794/2054 2159/2795/2054 2157/2793/2053
f 2156/2792/2053 2157/2793/2053 2155/2791/2052
f 2154/2790/2052 2155/2791/2052 2153/2789/2051
f 2152/2788/2051 2153/2789/2051 2151/2787/2050
f 2150/2786/2050 2151/2787/2050 2149/2785/2049
f 2148/2784/2049 2149/2785/2049 2147/2783/2048
f 2146/2782/2048 2147/2783/2048 2144/2780/2047
f 2145/2814/2064 2144/2815/2064 2176/2816/2064
f 2176/2816/2064 2177/2817/2064 2145/2814/2064
f 2178/2818/2065 2179/2819/2064 2180/2820/2064
f 2181/2821/2066 2178/2818/2065 2182/2822/2065
f 2183/2823/2067 2181/2821/2066 2184/2824/2066
f 2185/2825/2068 2183/2823/2067 2186/2826/2067
f 2187/2827/2069 2185/2825/2068 2188/2828/2068
f 2189/2829/2070 2187/2827/2069 2190/2830/2069
f 2191/2831/2071 2189/2829/2070 2192/2832/2070
f 2193/2833/2072 2191/2831/2071 2194/2834/2071
f 2195/2835/2073 2193/2833/2072 2196/2836/2072
f 2197/2837/2074 2195/2835/2073 2198/2838/2073
f 2199/2839/2075 2197/2837/2074 2200/2840/2074
f 2201/2841/2076 2199/2839/2075 2202/2842/2075
f 2203/2843/2077 2201/2841/2076 2204/2844/2076
f 2205/2845/2078 2203/2843/2077 2206/2846/2077
f 2207/2847/2079 2205/2845/2078 2208/2848/2078
f 2209/2849/2080 2207/2847/2079 2210/2850/2079
f 2211/2851/2081 2209/2849/2080 2212/2852/2080
f 2213/2853/2082 2211/2851/2081 2214/2854/2081
f 2215/2855/2083 2213/2853/2082 2216/2856/2082
f 2217/2857/2084 2215/2855/2083 2218/2858/2083
f 2219/2859/2085 2217/2857/2084 2220/2860/2084
f 2221/2861/2086 2219/2859/2085 2222/2862/2085
f 2176/2863/2087 2221/2861/2086 2223/2864/2086
f 2223/2864/2086 2177/2865/2087 2176/2863/2087
f 2222/2862/2085 2223/2864/2086 2221/2861/2086
f 2220/2860/2084 2222/2862/2085 2219/2859/2085
f 2218/2858/2083 2220/2860/2084 2217/2857/2084
f 2216/2856/2082 2218/2858/2083 2215/2855/2083
f 2214/2854/2081 2216/2856/2082 2213/2853/2082
f 2212/2852/2080 2214/2854/2081 2211/2851/2081
f 2210/2850/2079 2212/2852/2080 2209/2849/2080
f 2208/2848/2078 2210/2850/2079 2207/2847/2079
f 2206/2846/2077 2208/2848/2078 2205/2845/2078
f 2204/2844/2076 2206/2846/2077 2203/2843/2077
f 2202/2842/2075 2204/2844/2076 2201/2841/2076
f 2200/2840/2074 2202/2842/2075 2199/2839/2075
f 2198/2838/2073 2200/2840/2074 2197/2837/2074
f 2196/2836/2072 2198/2838/2073 2195/2835/2073
f 2194/2834/2071 2196/2836/2072 2193/2833/2072
f 2192/2832/2070 2194/2834/2071 2191/2831/2071
f 2190/2830/2069 2192/2832/2070 2189/2829/2070
f 2188/2828/2068 2190/2830/2069 2187/2827/2069
f 2186/2826/2067 2188/2828/2068 2185/2825/2068
f 2184/2824/2066 2186/2826/2067 2183/2823/2067
f 2182/2822/2065 2184/2824/2066 2181/2821/2066
f 2180/2820/2064 2182/2822/2065 2178/2818/2065
f 2180/2866/2088 2179/2867/2088 2224/2868/2088
f 2224/2868/2088 2225/2869/2088 2180/2866/2088
f 2226/2870/2089 2227/2871/2089 2228/2872/2089
f 2229/2873/2089 2230/2874/2089 2227/2871/2089
f 2231/2875/2089 2232/2876/2089 2230/2874/2089
f 2233/2877/2089 2234/2878/2089 2232/2876/2089
f 2235/2879/2089 2236/2880/2089 2237/2881/2089
f 2236/2880/2089 2238/2882/2089 2239/2883/2089
f 2240/2884/2089 2241/2885/2089 2242/2886/2089
f 2243/2887/2089 2228/2872/2089 2241/2885/2089
f 2227/2871/2089 2226/2870/2089 2229/2873/2089
f 2232/2876/2089 2231/2875/2089 2233/2877/2089
f 2244/2888/2089 2245/2889/2089 2246/2890/2089
f 2247/2891/2089 2235/2879/2089 2248/2892/2089
f 2239/2883/2089 2237/2881/2089 2236/2880/2089
f 2176/2893/2089 2144/2894/2089 2147/2895/2089
f 2221/2896/2089 2147/2895/2089 2149/2897/2089
f 2217/2898/2089 2149/2897/2089 2151/2899/2089
f 2215/2900/2089 2151/2899/2089 2153/2901/2089
f 2241/2885/2089 2240/2884/2089 2243/2887/2089
f 2230/2874/2089 2229/2873/2089 2231/2875/2089
f 2249/2902/2089 2250/2903/2089 2234/2878/2089
f 2251/2904/2089 2252/2905/2089 2250/2903/2089
f 2253/2906/2089 2254/2907/2089 2252/2905/2089
f 2255/2908/2089 2246/2890/2089 2254/2907/2089
f 2246/2890/2089 2255/2908/2089 2244/2888/2089
f 2237/2881/2089 2248/2892/2089 2235/2879/2089
f 2149/2897/2089 2219/2909/2089 2221/2896/2089
f 2153/2901/2089 2213/2910/2089 2215/2900/2089
f 2213/2910/2089 2153/2901/2089 2155/2911/2089
f 2209/2912/2089 2155/2911/2089 2157/2913/2089
f 2207/2914/2089 2157/2913/2089 2159/2915/2089
f 2159/2915/2089 2161/2916/2089 2203/2917/2089
f 2167/2918/2089 2169/2919/2089 2191/2920/2089
f 2169/2919/2089 2171/2921/2089 2187/2922/2089
f 2228/2872/2089 2243/2887/2089 2226/2870/2089
f 2250/2903/2089 2249/2902/2089 2251/2904/2089
f 2254/2907/2089 2253/2906/2089 2255/2908/2089
f 2248/2892/2089 2245/2889/2089 2247/2891/2089
f 2238/2882/2089 2256/2923/2089 2257/2924/2089
f 2256/2923/2089 2258/2925/2089 2259/2926/2089
f 2258/2925/2089 2260/2927/2089 2261/2928/2089
f 2260/2927/2089 2262/2929/2089 2263/2930/2089
f 2262/2929/2089 2264/2931/2089 2265/2932/2089
f 2264/2931/2089 2266/2933/2089 2267/2934/2089
f 2268/2935/2089 2224/2936/2089 2140/2937/2089
f 2224/2936/2089 2179/2938/2089 2141/2939/2089
f 2149/2897/2089 2217/2898/2089 2219/2909/2089
f 2155/2911/2089 2211/2940/2089 2213/2910/2089
f 2157/2913/2089 2207/2914/2089 2209/2912/2089
f 2203/2917/2089 2205/2941/2089 2159/2915/2089
f 2163/2942/2089 2199/2943/2089 2201/2944/2089
f 2169/2919/2089 2189/2945/2089 2191/2920/2089
f 2171/2921/2089 2185/2946/2089 2187/2922/2089
f 2234/2878/2089 2233/2877/2089 2249/2902/2089
f 2244/2888/2089 2247/2891/2089 2245/2889/2089
f 2259/2926/2089 2257/2924/2089 2256/2923/2089
f 2263/2930/2089 2261/2928/2089 2260/2927/2089
f 2267/2934/2089 2265/2932/2089 2264/2931/2089
f 2266/2933/2089 2268/2935/2089 2269/2947/2089
f 2141/2939/2089 2179/2938/2089 2178/2948/2089
f 2141/2939/2089 2140/2937/2089 2224/2936/2089
f 2151/2899/2089 2215/2900/2089 2217/2898/2089
f 2159/2915/2089 2205/2941/2089 2207/2914/2089
f 2201/2944/2089 2161/2916/2089 2163/2942/2089
f 2163/2942/2089 2165/2949/2089 2197/2950/2089
f 2187/2922/2089 2189/2945/2089 2169/2919/2089
f 2173/2951/2089 2183/2952/2089 2185/2946/2089
f 2173/2951/2089 2175/2953/2089 2181/2954/2089
f 2252/2905/2089 2251/2904/2089 2253/2906/2089
f 2261/2928/2089 2259/2926/2089 2258/2925/2089
f 2269/2947/2089 2267/2934/2089 2266/2933/2089
f 2140/2937/2089 2269/2947/2089 2268/2935/2089
f 2209/2912/2089 2211/2940/2089 2155/2911/2089
f 2197/2950/2089 2199/2943/2089 2163/2942/2089
f 2167/2918/2089 2193/2955/2089 2195/2956/2089
f 2185/2946/2089 2171/2921/2089 2173/2951/2089
f 2175/2953/2089 2178/2948/2089 2181/2954/2089
f 2257/2924/2089 2239/2883/2089 2238/2882/2089
f 2178/2948/2089 2175/2953/2089 2141/2939/2089
f 2201/2944/2089 2203/2917/2089 2161/2916/2089
f 2195/2956/2089 2165/2949/2089 2167/2918/2089
f 2181/2954/2089 2183/2952/2089 2173/2951/2089
f 2265/2932/2089 2263/2930/2089 2262/2929/2089
f 2195/2956/2089 2197/2950/2089 2165/2949/2089
f 2242/2886/2089 2270/2957/2089 2240/2884/2089
f 2191/2920/2089 2193/2955/2089 2167/2918/2089
f 2147/2895/2089 2221/2896/2089 2176/2893/2089
f 2271/2958/2090 2272/2959/2090 2273/2960/2090
f 2274/2961/2090 2275/2962/2090 2272/2959/2090
f 2276/2963/2090 2277/2964/2090 2278/2965/2090
f 2277/2964/2090 2279/2966/2090 2280/2967/2090
f 2279/2966/2090 2281/2968/2090 2282/2969/2090
f 2281/2968/2090 2283/2970/2090 2284/2971/2090
f 2272/2959/2090 2271/2958/2090 2274/2961/2090
f 2285/2972/2090 2286/2973/2090 2275/2962/2090
f 2287/2974/2090 2288/2975/2090 2289/2976/2090
f 2280/2967/2090 2278/2965/2090 2277/2964/2090
f 2284/2971/2090 2282/2969/2090 2281/2968/2090
f 2283/2970/2090 2290/2977/2090 2291/2978/2090
f 2290/2977/2090 2292/2979/2090 2293/2980/2090
f 2275/2962/2090 2274/2961/2090 2285/2972/2090
f 2286/2973/2090 2285/2972/2090 2287/2974/2090
f 2288/2975/2090 2294/2981/2090 2295/2982/2090
f 2294/2981/2090 2296/2983/2090 2297/2984/2090
f 2296/2983/2090 2298/2985/2090 2299/2986/2090
f 2298/2985/2090 2276/2963/2090 2300/2987/2090
f 2282/2969/2090 2280/2967/2090 2279/2966/2090
f 2293/2980/2090 2291/2978/2090 2290/2977/2090
f 2218/2988/2090 2216/2989/2090 2152/2990/2090
f 2220/2991/2090 2218/2988/2090 2150/2992/2090
f 2223/2993/2090 2222/2994/2090 2148/2995/2090
f 2177/2996/2090 2223/2993/2090 2146/2997/2090
f 2225/2998/2090 2143/2999/2090 2142/3000/2090
f 2301/3001/2090 2302/3002/2090 2143/2999/2090
f 2303/3003/2090 2304/3004/2090 2305/3005/2090
f 2306/3006/2090 2307/3007/2090 2304/3004/2090
f 2308/3008/2090 2309/3009/2090 2307/3007/2090
f 2310/3010/2090 2311/3011/2090 2309/3009/2090
f 2312/3012/2090 2313/3013/2090 2311/3011/2090
f 2314/3014/2090 2273/2960/2090 2313/3013/2090
f 2289/2976/2090 2286/2973/2090 2287/2974/2090
f 2297/2984/2090 2295/2982/2090 2294/2981/2090
f 2300/2987/2090 2299/2986/2090 2298/2985/2090
f 2291/2978/2090 2284/2971/2090 2283/2970/2090
f 2168/3015/2090 2192/3016/2090 2190/3017/2090
f 2166/3018/2090 2196/3019/2090 2194/3020/2090
f 2158/3021/2090 2208/3022/2090 2206/3023/2090
f 2210/3024/2090 2208/3022/2090 2158/3021/2090
f 2212/3025/2090 2210/3024/2090 2156/3026/2090
f 2216/2989/2090 2214/3027/2090 2154/3028/2090
f 2150/2992/2090 2148/2995/2090 2220/2991/2090
f 2146/2997/2090 2145/3029/2090 2177/2996/2090
f 2143/2999/2090 2225/2998/2090 2301/3001/2090
f 2142/3000/2090 2174/3030/2090 2182/3031/2090
f 2315/3032/2090 2305/3005/2090 2302/3002/2090
f 2304/3004/2090 2303/3003/2090 2306/3006/2090
f 2309/3009/2090 2308/3008/2090 2310/3010/2090
f 2313/3013/2090 2312/3012/2090 2314/3014/2090
f 2295/2982/2090 2289/2976/2090 2288/2975/2090
f 2278/2965/2090 2300/2987/2090 2276/2963/2090
f 2190/3017/2090 2170/3033/2090 2168/3015/2090
f 2194/3020/2090 2168/3015/2090 2166/3018/2090
f 2162/3034/2090 2160/3035/2090 2204/3036/2090
f 2158/3021/2090 2156/3026/2090 2210/3024/2090
f 2154/3028/2090 2214/3027/2090 2212/3025/2090
f 2152/2990/2090 2150/2992/2090 2218/2988/2090
f 2148/2995/2090 2146/2997/2090 2223/2993/2090
f 2182/3031/2090 2180/3037/2090 2142/3000/2090
f 2305/3005/2090 2315/3032/2090 2303/3003/2090
f 2311/3011/2090 2310/3010/2090 2312/3012/2090
f 2299/2986/2090 2297/2984/2090 2296/2983/2090
f 2172/3038/2090 2186/3039/2090 2184/3040/2090
f 2172/3038/2090 2170/3033/2090 2188/3041/2090
f 2194/3020/2090 2192/3016/2090 2168/3015/2090
f 2162/3034/2090 2202/3042/2090 2200/3043/2090
f 2160/3035/2090 2206/3023/2090 2204/3036/2090
f 2156/3026/2090 2154/3028/2090 2212/3025/2090
f 2222/2994/2090 2220/2991/2090 2148/2995/2090
f 2302/3002/2090 2301/3001/2090 2315/3032/2090
f 2273/2960/2090 2314/3014/2090 2271/2958/2090
f 2184/3040/2090 2174/3030/2090 2172/3038/2090
f 2190/3017/2090 2188/3041/2090 2170/3033/2090
f 2166/3018/2090 2164/3044/2090 2198/3045/2090
f 2204/3036/2090 2202/3042/2090 2162/3034/2090
f 2154/3028/2090 2152/2990/2090 2216/2989/2090
f 2307/3007/2090 2306/3006/2090 2308/3008/2090
f 2188/3041/2090 2186/3039/2090 2172/3038/2090
f 2164/3044/2090 2200/3043/2090 2198/3045/2090
f 2206/3023/2090 2160/3035/2090 2158/3021/2090
f 2184/3040/2090 2182/3031/2090 2174/3030/2090
f 2200/3043/2090 2164/3044/2090 2162/3034/2090
f 2198/3045/2090 2196/3019/2090 2166/3018/2090
f 2142/3000/2090 2180/3037/2090 2225/2998/2090
f 2270/3046/2091 2292/3047/2091 2290/3048/2092
f 2240/3049/2092 2290/3048/2092 2283/3050/2093
f 2243/3051/2093 2283/3050/2093 2281/3052/2094
f 2226/3053/2094 2281/3052/2094 2279/3054/2095
f 2229/3055/2095 2279/3054/2095 2277/3056/2096
f 2231/3057/2096 2277/3056/2096 2276/3058/2097
f 2233/3059/2097 2276/3058/2097 2298/3060/2098
f 2249/3061/2098 2298/3060/2098 2296/3062/2099
f 2251/3063/2099 2296/3062/2099 2294/3064/2100
f 2253/3065/2100 2294/3064/2100 2288/3066/2101
f 2255/3067/2101 2288/3066/2101 2287/3068/2102
f 2244/3069/2102 2287/3068/2102 2285/3070/2103
f 2247/3071/2103 2285/3070/2103 2274/3072/2104
f 2235/3073/2104 2274/3072/2104 2271/3074/2105
f 2236/3075/2105 2271/3074/2105 2314/3076/2106
f 2238/3077/2106 2314/3076/2106 2312/3078/2107
f 2256/3079/2107 2312/3078/2107 2310/3080/2108
f 2258/3081/2108 2310/3080/2108 2308/3082/2109
f 2260/3083/2109 2308/3082/2109 2306/3084/2110
f 2262/3085/2110 2306/3084/2110 2303/3086/2111
f 2264/3087/2111 2303/3086/2111 2315/3088/2112
f 2266/3089/2112 2315/3088/2112 2301/3090/2113
f 2268/3091/2113 2301/3090/2113 2225/3092/2114
f 2225/3092/2114 2224/3093/2114 2268/3091/2113
f 2301/3090/2113 2268/3091/2113 2266/3089/2112
f 2315/3088/2112 2266/3089/2112 2264/3087/2111
f 2303/3086/2111 2264/3087/2111 2262/3085/2110
f 2306/3084/2110 2262/3085/2110 2260/3083/2109
f 2308/3082/2109 2260/3083/2109 2258/3081/2108
f 2310/3080/2108 2258/3081/2108 2256/3079/2107
f 2312/3078/2107 2256/3079/2107 2238/3077/2106
f 2314/3076/2106 2238/3077/2106 2236/3075/2105
f 2271/3074/2105 2236/3075/2105 2235/3073/2104
f 2274/3072/2104 2235/3073/2104 2247/3071/2103
f 2285/3070/2103 2247/3071/2103 2244/3069/2102
f 2287/3068/2102 2244/3069/2102 2255/3067/2101
f 2288/3066/2101 2255/3067/2101 2253/3065/2100
f 2294/3064/2100 2253/3065/2100 2251/3063/2099
f 2296/3062/2099 2251/3063/2099 2249/3061/2098
f 2298/3060/2098 2249/3061/2098 2233/3059/2097
f 2276/3058/2097 2233/3059/2097 2231/3057/2096
f 2277/3056/2096 2231/3057/2096 2229/3055/2095
f 2279/3054/2095 2229/3055/2095 2226/3053/2094
f 2281/3052/2094 2226/3053/2094 2243/3051/2093
f 2283/3050/2093 2243/3051/2093 2240/3049/2092
f 2290/3048/2092 2240/3049/2092 2270/3046/2091
f 2270/3094/2115 2242/3095/2115 2293/3096/2115
f 2293/3096/2115 2292/3097/2115 2270/3094/2115
f 2269/3098/2116 2140/3099/2117 2143/3100/2117
f 2267/3101/2118 2269/3098/2116 2302/3102/2119
f 2265/3103/2120 2267/3101/2118 2305/3104/2121
f 2263/3105/2122 2265/3103/2120 2304/3106/2123
f 2261/3107/2124 2263/3105/2122 2307/3108/2125
f 2259/3109/2126 2261/3107/2124 2309/3110/2127
f 2257/3111/2128 2259/3109/2126 2311/3112/2129
f 2239/3113/2130 2257/3111/2128 2313/3114/2131
f 2237/3115/2132 2239/3113/2130 2273/3116/2133
f 2248/3117/2134 2237/3115/2132 2272/3118/2135
f 2245/3119/2136 2248/3117/2134 2275/3120/2137
f 2246/3121/2138 2245/3119/2136 2286/3122/2139
f 2254/3123/2140 2246/3121/2138 2289/3124/2141
f 2252/3125/2142 2254/3123/2140 2295/3126/2143
f 2250/3127/2144 2252/3125/2142 2297/3128/2145
f 2234/3129/2146 2250/3127/2144 2299/3130/2147
f 2232/3131/2148 2234/3129/2146 2300/3132/2149
f 2230/3133/2150 2232/3131/2148 2278/3134/2151
f 2227/3135/2152 2230/3133/2150 2280/3136/2153
f 2228/3137/2154 2227/3135/2152 2282/3138/2155
f 2241/3139/2156 2228/3137/2154 2284/3140/2157
f 2242/3141/2158 2241/3139/2156 2291/3142/2159
f 2291/3142/2159 2293/3143/2158 2242/3141/2158
f 2284/3140/2157 2291/3142/2159 2241/3139/2156
f 2282/3138/2155 2284/3140/2157 2228/3137/2154
f 2280/3136/2153 2282/3138/2155 2227/3135/2152
f 2278/3134/2151 2280/3136/2153 2230/3133/2150
f 2300/3132/2149 2278/3134/2151 2232/3131/2148
f 2299/3130/2147 2300/3132/2149 2234/3129/2146
f 2297/3128/2145 2299/3130/2147 2250/3127/2144
f 2295/3126/2143 2297/3128/2145 2252/3125/2142
f 2289/3124/2141 2295/3126/2143 2254/3123/2140
f 2286/3122/2139 2289/3124/2141 2246/3121/2138
f 2275/3120/2137 2286/3122/2139 2245/3119/2136
f 2272/3118/2135 2275/3120/2137 2248/3117/2134
f 2273/3116/2133 2272/3118/2135 2237/3115/2132
f 2313/3114/2131 2273/3116/2133 2239/3113/2130
f 2311/3112/2129 2313/3114/2131 2257/3111/2128
f 2309/3110/2127 2311/3112/2129 2259/3109/2126
f 2307/3108/2125 2309/3110/2127 2261/3107/2124
f 2304/3106/2123 2307/3108/2125 2263/3105/2122
f 2305/3104/2121 2304/3106/2123 2265/3103/2120
f 2302/3102/2119 2305/3104/2121 2267/3101/2118
f 2143/3100/2117 2302/3102/2119 2269/3098/2116
g ___08
v -0.680414 0.153384 0.290414 0.898039 0.898039 0.898039
v -0.680414 0.0131055 -0.0104142 0.898039 0.898039 0.898039
v -0.670414 0.0131055 -0.0104142 0.898039 0.898039 0.898039
v -0.670414 0.153384 0.290414 0.898039 0.898039 0.898039
v -0.670414 0.17151 0.281962 0.898039 0.898039 0.898039
v -0.680414 0.17151 0.281962 0.898039 0.898039 0.898039
v -0.670414 0.035 -0.0154142 0.898039 0.898039 0.898039
v -0.680414 0.035 -0.0154142 0.898039 0.898039 0.898039
v -0.680414 0.0103461 -0.0303508 0.898039 0.898039 0.898039
v -0.680414 0.011383 -0.020335 0.898039 0.898039 0.898039
v -0.680414 0.0312623 -0.0276666 0.898039 0.898039 0.898039
v -0.680414 0.0322383 -0.0235034 0.898039 0.898039 0.898039
v -0.680414 0.0334861 -0.0194133 0.898039 0.898039 0.898039
v -0.680414 0.030562 -0.031885 0.898039 0.898039 0.898039
v -0.680414 0.01 -0.0404142 0.898039 0.898039 0.898039
v -0.680414 0.0301407 -0.0361403 0.898039 0.898039 0.898039
v -0.680414 0.03 -0.0404142 0.898039 0.898039 0.898039
v -0.670414 0.0103461 -0.0303508 0.898039 0.898039 0.898039
v -0.670414 0.030562 -0.031885 0.898039 0.898039 0.898039
v -0.670414 0.0312623 -0.0276666 0.898039 0.898039 0.898039
v -0.670414 0.011383 -0.020335 0.898039 0.898039 0.898039
v -0.670414 0.0322383 -0.0235034 0.898039 0.898039 0.898039
v -0.670414 0.0301407 -0.0361403 0.898039 0.898039 0.898039
v -0.670414 0.01 -0.0404142 0.898039 0.898039 0.898039
v -0.670414 0.03 -0.0404142 0.898039 0.898039 0.898039
v -0.670414 0.0334861 -0.0194133 0.898039 0.898039 0.898039
vn -2.58779e-17 -0.906308 0.422618
vn -5.54953e-17 0.422618 0.906308
vn 2.55457e-17 0.908818 -0.417192
vn -1 -0 -6.12323e-17
vn 1 0 6.12323e-17
vn 1.97835e-17 0.946368 -0.32309
vn 2.35509e-17 0.923077 -0.384615
vn 1.59306e-17 0.965564 -0.260166
vn 1.97835e-17 0.946368 -0.32309
vn 1.20086e-17 0.980581 -0.196116
vn 1.59306e-17 0.965564 -0.260166
vn 8.03476e-18 0.991354 -0.131218
vn 1.20086e-17 0.980581 -0.196116
vn 4.02609e-18 0.997836 -0.0657511
vn 8.03476e-18 0.991354 -0.131218
vn 3.15063e-31 1 -5.14537e-15
vn 4.02609e-18 0.997836 -0.0657511
vn 6.12323e-17 0 -1
vn 1.12482e-32 -1 -1.83697e-16
vn -4.20742e-18 -0.997637 0.0687124
vn -8.39495e-18 -0.990557 0.1371
vn -1.25428e-17 -0.978796 0.204839
vt -0.05 -0.01
vt 0.281927 -0.01
vt 0.281927 0
vt -0.05 0
vt -0.01 0
vt -0.01 -0.01
vt 0.01 -0.01
vt 0.01 0
vt -0.163606 0
vt -0.163606 -0.01
vt 0.163606 -0.01
vt 0.163606 0
vt 0.129937 0.0103461
vt 0.119921 0.011383
vt 0.127252 0.0312623
vt 0.123089 0.0322383
vt 0.11 0.0131055
vt 0.118999 0.0334861
vt 0.131471 0.030562
vt 0.115 0.035
vt 0.14 0.01
vt 0.135726 0.0301407
vt -0.190828 0.153384
vt -0.182376 0.17151
vt 0.14 0.03
vt 0.129937 0.0103461
vt 0.131471 0.030562
vt 0.127252 0.0312623
vt 0.119921 0.011383
vt 0.11 0.0131055
vt 0.123089 0.0322383
vt 0.135726 0.0301407
vt 0.14 0.01
vt 0.14 0.03
vt -0.190828 0.153384
vt 0.115 0.035
vt 0.118999 0.0334861
vt -0.182376 0.17151
vt 5.04138 0.01
vt 5.10718 0.01
vt 5.10718 0
vt 4.97558 0.01
vt 5.04138 0
vt 4.90978 0.01
vt 4.97558 0
vt 4.84399 0.01
vt 4.90978 0
vt 4.77819 0.01
vt 4.84399 0
vt 4.71239 0.01
vt 4.77819 0
vt 4.71239 0
vt 0 -0.01
vt -0.01 -0.01
vt -0.01 0.01
vt 0 0.01
vt 4.71239 0.01
vt 4.71239 0
vt 4.78116 0
vt 4.78116 0.01
vt 4.84992 0
vt 4.84992 0.01
vt 4.91869 0
vt 4.91869 0.01
f 2316/3144/2160 2317/3145/2160 2318/3146/2160
f 2318/3146/2160 2319/3147/2160 2316/3144/2160
f 2320/3148/2161 2321/3149/2161 2316/3150/2161
f 2316/3150/2161 2319/3151/2161 2320/3148/2161
f 2322/3152/2162 2323/3153/2162 2321/3154/2162
f 2321/3154/2162 2320/3155/2162 2322/3152/2162
f 2324/3156/2163 2325/3157/2163 2326/3158/2163
f 2325/3157/2163 2327/3159/2163 2326/3158/2163
f 2317/3160/2163 2328/3161/2163 2327/3159/2163
f 2326/3158/2163 2329/3162/2163 2324/3156/2163
f 2317/3160/2163 2323/3163/2163 2328/3161/2163
f 2330/3164/2163 2324/3156/2163 2331/3165/2163
f 2327/3159/2163 2325/3157/2163 2317/3160/2163
f 2329/3162/2163 2331/3165/2163 2324/3156/2163
f 2316/3166/2163 2321/3167/2163 2323/3163/2163
f 2323/3163/2163 2317/3160/2163 2316/3166/2163
f 2331/3165/2163 2332/3168/2163 2330/3164/2163
f 2333/3169/2164 2334/3170/2164 2335/3171/2164
f 2335/3171/2164 2336/3172/2164 2333/3169/2164
f 2318/3173/2164 2336/3172/2164 2337/3174/2164
f 2333/3169/2164 2338/3175/2164 2334/3170/2164
f 2335/3171/2164 2337/3174/2164 2336/3172/2164
f 2339/3176/2164 2340/3177/2164 2338/3175/2164
f 2338/3175/2164 2333/3169/2164 2339/3176/2164
f 2319/3178/2164 2318/3173/2164 2322/3179/2164
f 2337/3174/2164 2341/3180/2164 2318/3173/2164
f 2341/3180/2164 2322/3179/2164 2318/3173/2164
f 2322/3179/2164 2320/3181/2164 2319/3178/2164
f 2328/3182/2165 2323/3183/2166 2322/3184/2166
f 2327/3185/2167 2328/3182/2165 2341/3186/2168
f 2326/3187/2169 2327/3185/2167 2337/3188/2170
f 2329/3189/2171 2326/3187/2169 2335/3190/2172
f 2331/3191/2173 2329/3189/2171 2334/3192/2174
f 2332/3193/2175 2331/3191/2173 2338/3194/2176
f 2338/3194/2176 2340/3195/2175 2332/3193/2175
f 2334/3192/2174 2338/3194/2176 2331/3191/2173
f 2335/3190/2172 2334/3192/2174 2329/3189/2171
f 2337/3188/2170 2335/3190/2172 2326/3187/2169
f 2341/3186/2168 2337/3188/2170 2327/3185/2167
f 2322/3184/2166 2341/3186/2168 2328/3182/2165
f 2339/3196/2177 2330/3197/2177 2332/3198/2177
f 2332/3198/2177 2340/3199/2177 2339/3196/2177
f 2330/3200/2178 2339/3201/2178 2333/3202/2179
f 2324/3203/2179 2333/3202/2179 2336/3204/2180
f 2325/3205/2180 2336/3204/2180 2318/3206/2181
f 2318/3206/2181 2317/3207/2181 2325/3205/2180
f 2336/3204/2180 2325/3205/2180 2324/3203/2179
f 2333/3202/2179 2324/3203/2179 2330/3200/2178
g ___01_(3)_(2)
v -0.667981 0.17151 0.280236 0.333333 0.239216 0.184314
v 0.532019 0.17151 0.280236 0.333333 0.239216 0.184314
v 0.532019 0.129248 0.189605 0.333333 0.239216 0.184314
v -0.667981 0.129248 0.189605 0.333333 0.239216 0.184314
v -0.667981 0.153384 0.288689 0.333333 0.239216 0.184314
v -0.667981 0.111122 0.198058 0.333333 0.239216 0.184314
v 0.532019 0.111122 0.198058 0.333333 0.239216 0.184314
v 0.532019 0.153384 0.288689 0.333333 0.239216 0.184314
vn 3.57909e-17 0.906308 -0.422618
vn -1 0 -9.44766e-17
vn -3.57909e-17 -0.906308 0.422618
vn -8.22584e-17 0.422618 0.906308
vn 1 0 9.44766e-17
vn 3.2512e-16 -0.422618 -0.906308
vt -0.6 0
vt 0.6 0
vt 0.6 -0.1
vt -0.6 -0.1
vt 0 0.05
vt -0.02 0.05
vt -0.02 -0.05
vt 0 -0.05
vt -0.6 0
vt -0.6 -0.1
vt 0.6 -0.1
vt 0.6 0
vt 0 0.6
vt -0.02 0.6
vt -0.02 -0.6
vt 0 -0.6
vt 0 -0.05
vt -0.02 -0.05
vt -0.02 0.05
vt 0 0.05
vt 0.6 0
vt 0.6 -0.02
vt -0.6 -0.02
vt -0.6 0
f 2342/3208/2182 2343/3209/2182 2344/3210/2182
f 2344/3210/2182 2345/3211/2182 2342/3208/2182
f 2346/3212/2183 2342/3213/2183 2345/3214/2183
f 2345/3214/2183 2347/3215/2183 2346/3212/2183
f 2346/3216/2184 2347/3217/2184 2348/3218/2184
f 2348/3218/2184 2349/3219/2184 2346/3216/2184
f 2349/3220/2185 2343/3221/2185 2342/3222/2185
f 2342/3222/2185 2346/3223/2185 2349/3220/2185
f 2348/3224/2186 2344/3225/2186 2343/3226/2186
f 2343/3226/2186 2349/3227/2186 2348/3224/2186
f 2347/3228/2187 2345/3229/2187 2344/3230/2187
f 2344/3230/2187 2348/3231/2187 2347/3228/2187
g ___10
v -0.680414 -0.34 -0.400414 0.898039 0.898039 0.898039
v -0.680414 -0.34 -0.120414 0.898039 0.898039 0.898039
v -0.680414 -0.32 -0.120414 0.898039 0.898039 0.898039
v -0.680414 -0.32 -0.400414 0.898039 0.898039 0.898039
v -0.670414 -0.32 -0.400414 0.898039 0.898039 0.898039
v -0.670414 -0.32 -0.120414 0.898039 0.898039 0.898039
v -0.670414 -0.34 -0.400414 0.898039 0.898039 0.898039
v -0.670414 -0.34 -0.120414 0.898039 0.898039 0.898039
vn -1 -0 -6.12323e-17
vn -1.21396e-32 1 1.98254e-16
vn 1 0 6.12323e-17
vn 6.12323e-17 0 -1
vn -0 -1 0
vn -6.12323e-17 0 1
vt 0.5 -0.34
vt 0.22 -0.34
vt 0.22 -0.32
vt 0.5 -0.32
vt -0.14 0
vt -0.14 -0.01
vt 0.14 -0.01
vt 0.14 0
vt 0.5 -0.34
vt 0.5 -0.32
vt 0.22 -0.32
vt 0.22 -0.34
vt 0 -0.01
vt -0.01 -0.01
vt -0.01 0.01
vt 0 0.01
vt 0 -0.14
vt -0.01 -0.14
vt -0.01 0.14
vt 0 0.14
vt 0 0.01
vt -0.01 0.01
vt -0.01 -0.01
vt 0 -0.01
f 2350/3232/2188 2351/3233/2188 2352/3234/2188
f 2352/3234/2188 2353/3235/2188 2350/3232/2188
f 2354/3236/2189 2353/3237/2189 2352/3238/2189
f 2352/3238/2189 2355/3239/2189 2354/3236/2189
f 2356/3240/2190 2354/3241/2190 2355/3242/2190
f 2355/3242/2190 2357/3243/2190 2356/3240/2190
f 2356/3244/2191 2350/3245/2191 2353/3246/2191
f 2353/3246/2191 2354/3247/2191 2356/3244/2191
f 2357/3248/2192 2351/3249/2192 2350/3250/2192
f 2350/3250/2192 2356/3251/2192 2357/3248/2192
f 2355/3252/2193 2352/3253/2193 2351/3254/2193
f 2351/3254/2193 2357/3255/2193 2355/3252/2193
g ___10_(1)
v 0.529586 -0.34 -0.400414 0.898039 0.898039 0.898039
v 0.529586 -0.34 -0.120414 0.898039 0.898039 0.898039
v 0.529586 -0.32 -0.120414 0.898039 0.898039 0.898039
v 0.529586 -0.32 -0.400414 0.898039 0.898039 0.898039
v 0.539586 -0.32 -0.400414 0.898039 0.898039 0.898039
v 0.539586 -0.32 -0.120414 0.898039 0.898039 0.898039
v 0.539586 -0.34 -0.400414 0.898039 0.898039 0.898039
v 0.539586 -0.34 -0.120414 0.898039 0.898039 0.898039
vn -1 -0 -1.52656e-16
vn -3.02646e-32 1 1.98254e-16
vn 1 0 1.52656e-16
vn 1.52656e-16 0 -1
vn -0 -1 0
vn -1.52656e-16 0 1
vt 0.5 -0.34
vt 0.22 -0.34
vt 0.22 -0.32
vt 0.5 -0.32
vt -0.14 0
vt -0.14 -0.01
vt 0.14 -0.01
vt 0.14 0
vt 0.5 -0.34
vt 0.5 -0.32
vt 0.22 -0.32
vt 0.22 -0.34
vt 0 -0.01
vt -0.01 -0.01
vt -0.01 0.01
vt 0 0.01
vt 0 -0.14
vt -0.01 -0.14
vt -0.01 0.14
vt 0 0.14
vt 0 0.01
vt -0.01 0.01
vt -0.01 -0.01
vt 0 -0.01
f 2358/3256/2194 2359/3257/2194 2360/3258/2194
f 2360/3258/2194 2361/3259/2194 2358/3256/2194
f 2362/3260/2195 2361/3261/2195 2360/3262/2195
f 2360/3262/2195 2363/3263/2195 2362/3260/2195
f 2364/3264/2196 2362/3265/2196 2363/3266/2196
f 2363/3266/2196 2365/3267/2196 2364/3264/2196
f 2364/3268/2197 2358/3269/2197 2361/3270/2197
f 2361/3270/2197 2362/3271/2197 2364/3268/2197
f 2365/3272/2198 2359/3273/2198 2358/3274/2198
f 2358/3274/2198 2364/3275/2198 2365/3272/2198
f 2363/3276/2199 2360/3277/2199 2359/3278/2199
f 2359/3278/2199 2365/3279/2199 2363/3276/2199
