g ___06
v 8 -30 0.12 0.623529 0.615686 0.607843
v 7.31745 -29.7308 0.12 0.623529 0.615686 0.607843
v 7.36891 -29.7757 0.12 0.623529 0.615686 0.607843
v 7.79654 -29.9791 0.12 0.623529 0.615686 0.607843
v 7.86383 -29.9907 0.12 0.623529 0.615686 0.607843
v 7.93176 -29.9977 0.12 0.623529 0.615686 0.607843
v 7.42332 -29.817 0.12 0.623529 0.615686 0.607843
v 7.48042 -29.8544 0.12 0.623529 0.615686 0.607843
v 7.26916 -29.6826 0.12 0.623529 0.615686 0.607843
v 7.7302 -29.9629 0.12 0.623529 0.615686 0.607843
v 7.6016 -29.9172 0.12 0.623529 0.615686 0.607843
v 7.66512 -29.9423 0.12 0.623529 0.615686 0.607843
v 9.73193 1.91186 0.12 0.623529 0.615686 0.607843
v 8.30235 1.02602 0.12 0.623529 0.615686 0.607843
v 8.1041 0.825209 0.12 0.623529 0.615686 0.607843
v 87.4082 -30.6586 0.12 0.623529 0.615686 0.607843
v 88.436 -29.3093 0.12 0.623529 0.615686 0.607843
v 88.5832 -29.0019 0.12 0.623529 0.615686 0.607843
v 87.8741 -30.1616 0.12 0.623529 0.615686 0.607843
v 88.0806 -29.8905 0.12 0.623529 0.615686 0.607843
v 88.2682 -29.6059 0.12 0.623529 0.615686 0.607843
v 87.6496 -30.418 0.12 0.623529 0.615686 0.607843
v 7.53993 -29.8879 0.12 0.623529 0.615686 0.607843
v 7.18303 -29.5767 0.12 0.623529 0.615686 0.607843
v 7.22429 -29.6311 0.12 0.623529 0.615686 0.607843
v 7.02092 -29.2035 0.12 0.623529 0.615686 0.607843
v 7.03708 -29.2698 0.12 0.623529 0.615686 0.607843
v 8.51373 1.21295 0.12 0.623529 0.615686 0.607843
v 9.21675 1.68224 0.12 0.623529 0.615686 0.607843
v 8.97198 1.54182 0.12 0.623529 0.615686 0.607843
v 88.8133 -28.3606 0.12 0.623529 0.615686 0.607843
v 88.895 -28.0298 0.12 0.623529 0.615686 0.607843
v 88.7092 -28.6852 0.12 0.623529 0.615686 0.607843
v 78.0129 19.6347 0.12 0.623529 0.615686 0.607843
v 81.5232 16.529 0.12 0.623529 0.615686 0.607843
v 81.3405 16.8866 0.12 0.623529 0.615686 0.607843
v 7.14558 -29.5196 0.12 0.623529 0.615686 0.607843
v 7.08279 -29.3984 0.12 0.623529 0.615686 0.607843
v 7.11211 -29.4601 0.12 0.623529 0.615686 0.607843
v 7.05774 -29.3349 0.12 0.623529 0.615686 0.607843
v 7.75059 0.385693 0.12 0.623529 0.615686 0.607843
v 7.59695 0.149004 0.12 0.623529 0.615686 0.607843
v 8.73729 1.38515 0.12 0.623529 0.615686 0.607843
v 9.47045 1.80578 0.12 0.623529 0.615686 0.607843
v 88.9541 -27.6941 0.12 0.623529 0.615686 0.607843
v 89.0031 -27.0146 0.12 0.623529 0.615686 0.607843
v 84.3406 -31.9883 0.12 0.623529 0.615686 0.607843
v 84.6796 -31.9534 0.12 0.623529 0.615686 0.607843
v 81.6812 16.1598 0.12 0.623529 0.615686 0.607843
v 75.2363 19.8521 0.12 0.623529 0.615686 0.607843
v 74.8423 19.7747 0.12 0.623529 0.615686 0.607843
v 76.0356 19.9258 0.12 0.623529 0.615686 0.607843
v 75.6347 19.9025 0.12 0.623529 0.615686 0.607843
v 77.2348 19.8319 0.12 0.623529 0.615686 0.607843
v 76.8375 19.8904 0.12 0.623529 0.615686 0.607843
v 81.1339 17.2309 0.12 0.623529 0.615686 0.607843
v 7.00233 -29.0682 0.12 0.623529 0.615686 0.607843
v 7.00931 -29.1362 0.12 0.623529 0.615686 0.607843
v 17.3621 1.94749 0.12 0.623529 0.615686 0.607843
v 7.03818 -1.43725 0.12 0.623529 0.615686 0.607843
v 7.00956 -1.71798 0.12 0.623529 0.615686 0.607843
v 7.15201 -0.884813 0.12 0.623529 0.615686 0.607843
v 7.08573 -1.1591 0.12 0.623529 0.615686 0.607843
v 7.45968 -0.0975411 0.12 0.623529 0.615686 0.607843
v 7.33941 -0.352812 0.12 0.623529 0.615686 0.607843
v 7.9199 0.61144 0.12 0.623529 0.615686 0.607843
v 86.8791 -31.0877 0.12 0.623529 0.615686 0.607843
v 87.1509 -30.8822 0.12 0.623529 0.615686 0.607843
v 85.9887 -31.5871 0.12 0.623529 0.615686 0.607843
v 86.2966 -31.441 0.12 0.623529 0.615686 0.607843
v 85.3467 -31.8149 0.12 0.623529 0.615686 0.607843
v 85.6716 -31.712 0.12 0.623529 0.615686 0.607843
v 84 -32 0.12 0.623529 0.615686 0.607843
v 76.4372 19.9217 0.12 0.623529 0.615686 0.607843
v 79.7798 18.7008 0.12 0.623529 0.615686 0.607843
v 79.4535 18.9349 0.12 0.623529 0.615686 0.607843
v 79.112 19.1462 0.12 0.623529 0.615686 0.607843
v 78.757 19.3339 0.12 0.623529 0.615686 0.607843
v 80.3809 18.1689 0.12 0.623529 0.615686 0.607843
v 80.0894 18.4451 0.12 0.623529 0.615686 0.607843
v 7 -29 0.12 0.623529 0.615686 0.607843
v 7.2367 -0.615638 0.12 0.623529 0.615686 0.607843
v 10 2 0.12 0.623529 0.615686 0.607843
v 88.9902 -27.3552 0.12 0.623529 0.615686 0.607843
v 86.5939 -31.2743 0.12 0.623529 0.615686 0.607843
v 85.0155 -31.8955 0.12 0.623529 0.615686 0.607843
v 73.7044 19.3849 0.12 0.623529 0.615686 0.607843
v 73.3456 19.2044 0.12 0.623529 0.615686 0.607843
v 74.4544 19.6707 0.12 0.623529 0.615686 0.607843
v 74.0745 19.5405 0.12 0.623529 0.615686 0.607843
v 77.6272 19.7466 0.12 0.623529 0.615686 0.607843
v 78.39 19.497 0.12 0.623529 0.615686 0.607843
v 80.9044 17.5604 0.12 0.623529 0.615686 0.607843
v 7 -2 0.12 0.623529 0.615686 0.607843
v 60.0884 11.9393 0.12 0.623529 0.615686 0.607843
v 88.9929 -26.674 0.12 0.623529 0.615686 0.607843
v 80.653 17.8736 0.12 0.623529 0.615686 0.607843
v 39.2341 4.7673 0.12 0.623529 0.615686 0.607843
v 32.0127 3.33432 0.12 0.623529 0.615686 0.607843
v 73 19 0.12 0.623529 0.615686 0.607843
v 81.9201 15.3935 0.12 0.623529 0.615686 0.607843
v 81.8137 15.7807 0.12 0.623529 0.615686 0.607843
v 46.3421 6.68534 0.12 0.623529 0.615686 0.607843
v 82 15 0.12 0.623529 0.615686 0.607843
v 24.7108 2.39294 0.12 0.623529 0.615686 0.607843
v 53.3042 9.07965 0.12 0.623529 0.615686 0.607843
v 66.6637 15.2511 0.12 0.623529 0.615686 0.607843
v -58 -76 0.12 0.623529 0.615686 0.607843
v -58.4732 -76.0219 0.12 0.623529 0.615686 0.607843
v -58.3546 -76.0288 0.12 0.623529 0.615686 0.607843
v 64.9152 -74.1955 0.12 0.623529 0.615686 0.607843
v 63.3985 -41.0569 0.12 0.623529 0.615686 0.607843
v 63.2412 -40.8964 0.12 0.623529 0.615686 0.607843
v -60.0392 -40.2912 0.12 0.623529 0.615686 0.607843
v -60.3651 -40.5383 0.12 0.623529 0.615686 0.607843
v -60.4617 -40.6349 0.12 0.623529 0.615686 0.607843
v -60.1534 -40.3661 0.12 0.623529 0.615686 0.607843
v -60.2622 -40.4486 0.12 0.623529 0.615686 0.607843
v -60.5514 -40.7378 0.12 0.623529 0.615686 0.607843
v -59.6698 -40.1155 0.12 0.623529 0.615686 0.607843
v -59.7968 -40.1656 0.12 0.623529 0.615686 0.607843
v -58.2358 -76.0274 0.12 0.623529 0.615686 0.607843
v -58.8221 -75.9526 0.12 0.623529 0.615686 0.607843
v -58.7075 -75.9837 0.12 0.623529 0.615686 0.607843
v 63.0732 -40.7471 0.12 0.623529 0.615686 0.607843
v 62.8952 -40.6098 0.12 0.623529 0.615686 0.607843
v 63.5444 -41.228 0.12 0.623529 0.615686 0.607843
v -60.6339 -40.8466 0.12 0.623529 0.615686 0.607843
v -60.7088 -40.9608 0.12 0.623529 0.615686 0.607843
v -59.9201 -40.2242 0.12 0.623529 0.615686 0.607843
v -60.7758 -41.0799 0.12 0.623529 0.615686 0.607843
v -59.2723 -40.0186 0.12 0.623529 0.615686 0.607843
v -59.4069 -40.0418 0.12 0.623529 0.615686 0.607843
v -58.591 -76.0069 0.12 0.623529 0.615686 0.607843
v -58.9343 -75.9135 0.12 0.623529 0.615686 0.607843
v 62.7082 -40.4851 0.12 0.623529 0.615686 0.607843
v 62.513 -40.3737 0.12 0.623529 0.615686 0.607843
v 63.9064 -41.7956 0.12 0.623529 0.615686 0.607843
v 63.7989 -41.5982 0.12 0.623529 0.615686 0.607843
v -59 -40 0.12 0.623529 0.615686 0.607843
v -60.9258 -41.4604 0.12 0.623529 0.615686 0.607843
v -60.9582 -41.5931 0.12 0.623529 0.615686 0.607843
v -59.5396 -40.0742 0.12 0.623529 0.615686 0.607843
v -59.1365 -40.0047 0.12 0.623529 0.615686 0.607843
v -59.1492 -75.8126 0.12 0.623529 0.615686 0.607843
v -59.0435 -75.8668 0.12 0.623529 0.615686 0.607843
v -59.3481 -75.683 0.12 0.623529 0.615686 0.607843
v -59.2509 -75.7513 0.12 0.623529 0.615686 0.607843
v -59.5272 -75.5272 0.12 0.623529 0.615686 0.607843
v -59.4403 -75.6082 0.12 0.623529 0.615686 0.607843
v -59.683 -75.3481 0.12 0.623529 0.615686 0.607843
v -59.6082 -75.4403 0.12 0.623529 0.615686 0.607843
v -60.0069 -74.591 0.12 0.623529 0.615686 0.607843
v -59.9837 -74.7075 0.12 0.623529 0.615686 0.607843
v 63.6781 -41.4087 0.12 0.623529 0.615686 0.607843
v 62.1018 -40.1925 0.12 0.623529 0.615686 0.607843
v 62.6363 -75.9478 0.12 0.623529 0.615686 0.607843
v 62.8444 -75.9019 0.12 0.623529 0.615686 0.607843
v -60.8845 -41.3302 0.12 0.623529 0.615686 0.607843
v -60.8344 -41.2032 0.12 0.623529 0.615686 0.607843
v 62 -76 0.12 0.623529 0.615686 0.607843
v 61.4482 -40.0311 0.12 0.623529 0.615686 0.607843
v 61.2246 -40.0078 0.12 0.623529 0.615686 0.607843
v -59.7513 -75.2509 0.12 0.623529 0.615686 0.607843
v -59.8668 -75.0435 0.12 0.623529 0.615686 0.607843
v -59.8126 -75.1492 0.12 0.623529 0.615686 0.607843
v -59.9526 -74.8221 0.12 0.623529 0.615686 0.607843
v -59.9135 -74.9343 0.12 0.623529 0.615686 0.607843
v -60.0219 -74.4732 0.12 0.623529 0.615686 0.607843
v -60.0274 -74.2358 0.12 0.623529 0.615686 0.607843
v -60.0288 -74.3546 0.12 0.623529 0.615686 0.607843
v 64.306 -75.064 0.12 0.623529 0.615686 0.607843
v 64.4508 -74.9076 0.12 0.623529 0.615686 0.607843
v 63.9866 -75.3459 0.12 0.623529 0.615686 0.607843
v 64.1511 -75.2103 0.12 0.623529 0.615686 0.607843
v 63.6321 -75.5822 0.12 0.623529 0.615686 0.607843
v 63.8133 -75.47 0.12 0.623529 0.615686 0.607843
v 63.2491 -75.7687 0.12 0.623529 0.615686 0.607843
v 63.4437 -75.6819 0.12 0.623529 0.615686 0.607843
v 62.4255 -75.9795 0.12 0.623529 0.615686 0.607843
v 62.2131 -75.9969 0.12 0.623529 0.615686 0.607843
v 61.6696 -40.0697 0.12 0.623529 0.615686 0.607843
v -60.0178 -74.1174 0.12 0.623529 0.615686 0.607843
v 62.3105 -40.276 0.12 0.623529 0.615686 0.607843
v 65 -74 0.12 0.623529 0.615686 0.607843
v 64 -42 0.12 0.623529 0.615686 0.607843
v 64.5847 -74.7417 0.12 0.623529 0.615686 0.607843
v 63.049 -75.8421 0.12 0.623529 0.615686 0.607843
v -60.9814 -41.7277 0.12 0.623529 0.615686 0.607843
v -60.9953 -41.8635 0.12 0.623529 0.615686 0.607843
v 61.8879 -40.1236 0.12 0.623529 0.615686 0.607843
v 64.7071 -74.5673 0.12 0.623529 0.615686 0.607843
v 64.8174 -74.3849 0.12 0.623529 0.615686 0.607843
v 61 -40 0.12 0.623529 0.615686 0.607843
v -61 -42 0.12 0.623529 0.615686 0.607843
v -60 -74 0.12 0.623529 0.615686 0.607843
v -58.1174 -76.0178 0.12 0.623529 0.615686 0.607843
v -66 18 0.12 0.623529 0.615686 0.607843
v -74.6513 16.0475 0.12 0.623529 0.615686 0.607843
v -74.9321 15.6573 0.12 0.623529 0.615686 0.607843
v -73.281 17.3879 0.12 0.623529 0.615686 0.607843
v -73.6575 17.0891 0.12 0.623529 0.615686 0.607843
v -67.8132 18.6219 0.12 0.623529 0.615686 0.607843
v -69.7273 18.7258 0.12 0.623529 0.615686 0.607843
v -70.2045 18.669 0.12 0.623529 0.615686 0.607843
v -5.95074 1.85993 0.12 0.623529 0.615686 0.607843
v -5.18299 1.56349 0.12 0.623529 0.615686 0.607843
v -5.43191 1.67982 0.12 0.623529 0.615686 0.607843
v -4.49216 1.11621 0.12 0.623529 0.615686 0.607843
v -4.71201 1.28102 0.12 0.623529 0.615686 0.607843
v -4.54282 -30.5822 0.12 0.623529 0.615686 0.607843
v -3.12692 -29.621 0.12 0.623529 0.615686 0.607843
v -3.0885 -29.5218 0.12 0.623529 0.615686 0.607843
v -3.22326 -29.8105 0.12 0.623529 0.615686 0.607843
v -3.1719 -29.7173 0.12 0.623529 0.615686 0.607843
v -74.3443 16.4173 0.12 0.623529 0.615686 0.607843
v -74.0125 16.7651 0.12 0.623529 0.615686 0.607843
v -71.1417 18.4575 0.12 0.623529 0.615686 0.607843
v -71.5971 18.3038 0.12 0.623529 0.615686 0.607843
v -69.2472 18.7495 0.12 0.623529 0.615686 0.607843
v -68.2879 18.6975 0.12 0.623529 0.615686 0.607843
v -68.7666 18.7401 0.12 0.623529 0.615686 0.607843
v -4.94265 1.43035 0.12 0.623529 0.615686 0.607843
v -4.28415 0.936694 0.12 0.623529 0.615686 0.607843
v -6.76291 1.99297 0.12 0.623529 0.615686 0.607843
v -3.2337 -0.652785 0.12 0.623529 0.615686 0.607843
v -3.33507 -0.397407 0.12 0.623529 0.615686 0.607843
v -3.03205 -29.3169 0.12 0.623529 0.615686 0.607843
v -3.01427 -29.2121 0.12 0.623529 0.615686 0.607843
v -75.9 13.4701 0.12 0.623529 0.615686 0.607843
v -76 13 0.12 0.623529 0.615686 0.607843
v -70.6768 18.5795 0.12 0.623529 0.615686 0.607843
v -72.0408 18.119 0.12 0.623529 0.615686 0.607843
v -66.8851 18.3737 0.12 0.623529 0.615686 0.607843
v -67.3449 18.5138 0.12 0.623529 0.615686 0.607843
v -66.4361 18.2021 0.12 0.623529 0.615686 0.607843
v -3.90749 0.537007 0.12 0.623529 0.615686 0.607843
v -6.2182 1.92286 0.12 0.623529 0.615686 0.607843
v -4.08896 0.743322 0.12 0.623529 0.615686 0.607843
v -3.1501 -0.91452 0.12 0.623529 0.615686 0.607843
v -3 -2 0.12 0.623529 0.615686 0.607843
v -3.00944 -1.7254 0.12 0.623529 0.615686 0.607843
v -3.05683 -29.4203 0.12 0.623529 0.615686 0.607843
v -3.28075 -29.8999 0.12 0.623529 0.615686 0.607843
v -3.73825 -30.3386 0.12 0.623529 0.615686 0.607843
v -3.65027 -30.2788 0.12 0.623529 0.615686 0.607843
v -4.33118 -30.5625 0.12 0.623529 0.615686 0.607843
v -4.02338 -30.4805 0.12 0.623529 0.615686 0.607843
v -3.92523 -30.4396 0.12 0.623529 0.615686 0.607843
v -4.22682 -30.5421 0.12 0.623529 0.615686 0.607843
v -4.12407 -30.5148 0.12 0.623529 0.615686 0.607843
v -81.9381 -30.896 0.12 0.623529 0.615686 0.607843
v -81.3877 -30.9837 0.12 0.623529 0.615686 0.607843
v -81.1093 -30.9991 0.12 0.623529 0.615686 0.607843
v -75.7679 13.9323 0.12 0.623529 0.615686 0.607843
v -72.8848 17.66 0.12 0.623529 0.615686 0.607843
v -72.4707 17.9041 0.12 0.623529 0.615686 0.607843
v -6.48935 1.96727 0.12 0.623529 0.615686 0.607843
v -3.08466 -1.18138 0.12 0.623529 0.615686 0.607843
v -3.0377 -1.4521 0.12 0.623529 0.615686 0.607843
v -3.5665 -30.2133 0.12 0.623529 0.615686 0.607843
v -3.48731 -30.1424 0.12 0.623529 0.615686 0.607843
v -3.83004 -30.3923 0.12 0.623529 0.615686 0.607843
v -4.43667 -30.5759 0.12 0.623529 0.615686 0.607843
v -79.7371 -30.7924 0.12 0.623529 0.615686 0.607843
v -79.4756 -30.6957 0.12 0.623529 0.615686 0.607843
v -80.2768 -30.9314 0.12 0.623529 0.615686 0.607843
v -80.0046 -30.8711 0.12 0.623529 0.615686 0.607843
v -80.8305 -30.9955 0.12 0.623529 0.615686 0.607843
v -80.5526 -30.9729 0.12 0.623529 0.615686 0.607843
v -81.6644 -30.9493 0.12 0.623529 0.615686 0.607843
v -79.2213 -30.5813 0.12 0.623529 0.615686 0.607843
v -83.4477 -30.2015 0.12 0.623529 0.615686 0.607843
v -83.2178 -30.3594 0.12 0.623529 0.615686 0.607843
v -75.6041 14.3842 0.12 0.623529 0.615686 0.607843
v -75.1852 15.2488 0.12 0.623529 0.615686 0.607843
v -75.4096 14.8237 0.12 0.623529 0.615686 0.607843
v -5.68823 1.77879 0.12 0.623529 0.615686 0.607843
v -3.58913 0.0894948 0.12 0.623529 0.615686 0.607843
v -3.74062 0.318721 0.12 0.623529 0.615686 0.607843
v -3.00357 -29.1063 0.12 0.623529 0.615686 0.607843
v -3.41307 -30.0662 0.12 0.623529 0.615686 0.607843
v -3.34411 -29.9853 0.12 0.623529 0.615686 0.607843
v -82.4715 -30.7342 0.12 0.623529 0.615686 0.607843
v -82.2076 -30.8242 0.12 0.623529 0.615686 0.607843
v -82.9778 -30.5013 0.12 0.623529 0.615686 0.607843
v -84.0652 -29.6392 0.12 0.623529 0.615686 0.607843
v -83.8723 -29.8405 0.12 0.623529 0.615686 0.607843
v -84.4075 -29.1993 0.12 0.623529 0.615686 0.607843
v -84.2439 -29.4251 0.12 0.623529 0.615686 0.607843
v -85.0363 -27.6613 0.12 0.623529 0.615686 0.607843
v -84.9762 -27.9335 0.12 0.623529 0.615686 0.607843
v -3.45374 -0.149591 0.12 0.623529 0.615686 0.607843
v -82.7286 -30.6264 0.12 0.623529 0.615686 0.607843
v -83.6662 -30.0283 0.12 0.623529 0.615686 0.607843
v -84.801 -28.4626 0.12 0.623529 0.615686 0.607843
v -84.6867 -28.717 0.12 0.623529 0.615686 0.607843
v -84.8976 -28.2011 0.12 0.623529 0.615686 0.607843
v -85.088 -26.5504 0.12 0.623529 0.615686 0.607843
v -85.1036 -26.8288 0.12 0.623529 0.615686 0.607843
v -4.64915 -30.5813 0.12 0.623529 0.615686 0.607843
v -27.1772 4.6102 0.12 0.623529 0.615686 0.607843
v -3 -29 0.12 0.623529 0.615686 0.607843
v -85.1001 -27.1076 0.12 0.623529 0.615686 0.607843
v -85.0777 -27.3855 0.12 0.623529 0.615686 0.607843
v -85.0534 -26.2737 0.12 0.623529 0.615686 0.607843
v -56.6598 13.6663 0.12 0.623529 0.615686 0.607843
v -17.0147 2.95337 0.12 0.623529 0.615686 0.607843
v -84.5554 -28.9629 0.12 0.623529 0.615686 0.607843
v -47.0459 9.97913 0.12 0.623529 0.615686 0.607843
v -37.2031 6.95576 0.12 0.623529 0.615686 0.607843
v -85 -26 0.12 0.623529 0.615686 0.607843
v -66.8809 24.2004 0.12 0.623529 0.615686 0.607843
v -68.9873 27.8564 0.12 0.623529 0.615686 0.607843
v -68.898 27.4352 0.12 0.623529 0.615686 0.607843
v -69.0471 28.2827 0.12 0.623529 0.615686 0.607843
v -68.2559 25.843 0.12 0.623529 0.615686 0.607843
v -68.0281 25.4777 0.12 0.623529 0.615686 0.607843
v -67.7754 25.1291 0.12 0.623529 0.615686 0.607843
v -68.7795 27.0213 0.12 0.623529 0.615686 0.607843
v 70 35 0.12 0.623529 0.615686 0.607843
v 73.7007 26.6941 0.12 0.623529 0.615686 0.607843
v 73.8511 27.1088 0.12 0.623529 0.615686 0.607843
v 73.3152 25.9013 0.12 0.623529 0.615686 0.607843
v 73.5218 26.291 0.12 0.623529 0.615686 0.607843
v -68.4577 26.2233 0.12 0.623529 0.615686 0.607843
v -67.4991 24.799 0.12 0.623529 0.615686 0.607843
v -67.2005 24.4889 0.12 0.623529 0.615686 0.607843
v -69.0771 28.7122 0.12 0.623529 0.615686 0.607843
v -68.7795 30.8335 0.12 0.623529 0.615686 0.607843
v -68.898 30.4196 0.12 0.623529 0.615686 0.607843
v 71.187 34.4203 0.12 0.623529 0.615686 0.607843
v 70.8052 34.641 0.12 0.623529 0.615686 0.607843
v 70.4088 34.8346 0.12 0.623529 0.615686 0.607843
v 71.9001 33.902 0.12 0.623529 0.615686 0.607843
v 71.5526 34.1736 0.12 0.623529 0.615686 0.607843
v 72.8232 25.1698 0.12 0.623529 0.615686 0.607843
v 73.082 25.527 0.12 0.623529 0.615686 0.607843
v -68.6325 26.6167 0.12 0.623529 0.615686 0.607843
v -69.0471 29.5721 0.12 0.623529 0.615686 0.607843
v -69.0771 29.1427 0.12 0.623529 0.615686 0.607843
v -68.9873 29.9985 0.12 0.623529 0.615686 0.607843
v -65.8132 23.4775 0.12 0.623529 0.615686 0.607843
v -68.4577 31.6315 0.12 0.623529 0.615686 0.607843
v -68.6325 31.2381 0.12 0.623529 0.615686 0.607843
v -68.0281 32.3772 0.12 0.623529 0.615686 0.607843
v -68.2559 32.0118 0.12 0.623529 0.615686 0.607843
v -65.8132 34.3773 0.12 0.623529 0.615686 0.607843
v -66.1856 34.1614 0.12 0.623529 0.615686 0.607843
v 72.5341 33.2895 0.12 0.623529 0.615686 0.607843
v 72.2278 33.6068 0.12 0.623529 0.615686 0.607843
v 73.0769 32.5948 0.12 0.623529 0.615686 0.607843
v 72.8176 32.9516 0.12 0.623529 0.615686 0.607843
v 73.8483 31.0142 0.12 0.623529 0.615686 0.607843
v 73.6973 31.4286 0.12 0.623529 0.615686 0.607843
v 74.0619 30.1589 0.12 0.623529 0.615686 0.607843
v 73.97 30.5902 0.12 0.623529 0.615686 0.607843
v 74.1546 29.2822 0.12 0.623529 0.615686 0.607843
v 74.1236 29.7222 0.12 0.623529 0.615686 0.607843
v 74.1245 28.4012 0.12 0.623529 0.615686 0.607843
v 74.1549 28.8412 0.12 0.623529 0.615686 0.607843
v 73.9722 27.5328 0.12 0.623529 0.615686 0.607843
v 74.0635 27.9643 0.12 0.623529 0.615686 0.607843
v 72.2343 24.5138 0.12 0.623529 0.615686 0.607843
v 72.5402 24.8315 0.12 0.623529 0.615686 0.607843
v -66.5421 23.9348 0.12 0.623529 0.615686 0.607843
v -67.4991 33.0558 0.12 0.623529 0.615686 0.607843
v -67.7754 32.7257 0.12 0.623529 0.615686 0.607843
v -66.8809 33.6545 0.12 0.623529 0.615686 0.607843
v -67.2005 33.3659 0.12 0.623529 0.615686 0.607843
v -66.5421 33.92 0.12 0.623529 0.615686 0.607843
v 73.3107 32.2208 0.12 0.623529 0.615686 0.607843
v 73.5178 31.8314 0.12 0.623529 0.615686 0.607843
v 71.5599 23.946 0.12 0.623529 0.615686 0.607843
v 71.907 24.2182 0.12 0.623529 0.615686 0.607843
v 70.8132 23.4775 0.12 0.623529 0.615686 0.607843
v 71.1947 23.6988 0.12 0.623529 0.615686 0.607843
v -66.1856 23.6935 0.12 0.623529 0.615686 0.607843
v -58.3855 38.0333 0.12 0.623529 0.615686 0.607843
v 62.3073 19.2859 0.12 0.623529 0.615686 0.607843
v -21.1052 8.31144 0.12 0.623529 0.615686 0.607843
v -10.2785 49.057 0.12 0.623529 0.615686 0.607843
v -18.5425 48.5652 0.12 0.623529 0.615686 0.607843
v -2 49 0.12 0.623529 0.615686 0.607843
v -11.7036 7.07448 0.12 0.623529 0.615686 0.607843
v -30.4058 10.1603 0.12 0.623529 0.615686 0.607843
v -39.5657 12.613 0.12 0.623529 0.615686 0.607843
v -26.7558 47.5267 0.12 0.623529 0.615686 0.607843
v -34.8822 45.9462 0.12 0.623529 0.615686 0.607843
v -48.5456 15.6593 0.12 0.623529 0.615686 0.607843
v -42.886 43.8305 0.12 0.623529 0.615686 0.607843
v -57.3073 19.2859 0.12 0.623529 0.615686 0.607843
v -50.7319 41.189 0.12 0.623529 0.615686 0.607843
v -2.24129 6.45468 0.12 0.623529 0.615686 0.607843
v 7.24129 6.45468 0.12 0.623529 0.615686 0.607843
v 12.6961 48.0292 0.12 0.623529 0.615686 0.607843
v 16.7036 7.07448 0.12 0.623529 0.615686 0.607843
v 27.3019 46.1344 0.12 0.623529 0.615686 0.607843
v 26.1052 8.31144 0.12 0.623529 0.615686 0.607843
v 35.4058 10.1603 0.12 0.623529 0.615686 0.607843
v 56.0109 39.6069 0.12 0.623529 0.615686 0.607843
v 53.5456 15.6593 0.12 0.623529 0.615686 0.607843
v 41.7593 43.3233 0.12 0.623529 0.615686 0.607843
v 44.5657 12.613 0.12 0.623529 0.615686 0.607843
v -88.6251 65.8458 0.12 0.623529 0.615686 0.607843
v -88.8456 64.9691 0.12 0.623529 0.615686 0.607843
v -88.8779 64.669 0.12 0.623529 0.615686 0.607843
v -88.7189 65.5589 0.12 0.623529 0.615686 0.607843
v -88.7925 65.2662 0.12 0.623529 0.615686 0.607843
v -75.5608 44.3518 0.12 0.623529 0.615686 0.607843
v -72.8707 44.2183 0.12 0.623529 0.615686 0.607843
v -72.4919 44.3041 0.12 0.623529 0.615686 0.607843
v -73.6413 44.125 0.12 0.623529 0.615686 0.607843
v -73.2544 44.1586 0.12 0.623529 0.615686 0.607843
v -71.7561 44.5516 0.12 0.623529 0.615686 0.607843
v -76.2885 44.6221 0.12 0.623529 0.615686 0.607843
v -75.9293 44.4746 0.12 0.623529 0.615686 0.607843
v -77.2948 45.2059 0.12 0.623529 0.615686 0.607843
v -76.9729 44.9887 0.12 0.623529 0.615686 0.607843
v -77.8906 45.7035 0.12 0.623529 0.615686 0.607843
v -77.6011 45.4446 0.12 0.623529 0.615686 0.607843
v -88.3789 66.3966 0.12 0.623529 0.615686 0.607843
v -88.8797 64.0657 0.12 0.623529 0.615686 0.607843
v -88.8491 63.7655 0.12 0.623529 0.615686 0.607843
v -88.8893 64.3674 0.12 0.623529 0.615686 0.607843
v -88.5116 66.1255 0.12 0.623529 0.615686 0.607843
v -88.7259 63.1749 0.12 0.623529 0.615686 0.607843
v -87.6708 67.3698 0.12 0.623529 0.615686 0.607843
v -87.8728 67.1456 0.12 0.623529 0.615686 0.607843
v -87.2225 67.7735 0.12 0.623529 0.615686 0.607843
v -87.4536 67.5795 0.12 0.623529 0.615686 0.607843
v 71.8545 45.4255 0.12 0.623529 0.615686 0.607843
v 80.6753 44.8357 0.12 0.623529 0.615686 0.607843
v 81.3197 45.1158 0.12 0.623529 0.615686 0.607843
v 79.3369 44.4101 0.12 0.623529 0.615686 0.607843
v 77.2521 44.1215 0.12 0.623529 0.615686 0.607843
v 77.953 44.1702 0.12 0.623529 0.615686 0.607843
v 75.8484 44.1674 0.12 0.623529 0.615686 0.607843
v 76.5495 44.1205 0.12 0.623529 0.615686 0.607843
v 74.4639 44.4035 0.12 0.623529 0.615686 0.607843
v 75.1522 44.2619 0.12 0.623529 0.615686 0.607843
v 73.1244 44.8255 0.12 0.623529 0.615686 0.607843
v 73.787 44.5917 0.12 0.623529 0.615686 0.607843
v -74.4175 44.1371 0.12 0.623529 0.615686 0.607843
v -74.0296 44.1179 0.12 0.623529 0.615686 0.607843
v -75.1849 44.2543 0.12 0.623529 0.615686 0.607843
v -74.8032 44.1827 0.12 0.623529 0.615686 0.607843
v -76.6369 44.7938 0.12 0.623529 0.615686 0.607843
v -78.6444 46.5896 0.12 0.623529 0.615686 0.607843
v -78.4134 46.2774 0.12 0.623529 0.615686 0.607843
v -88.7978 63.468 0.12 0.623529 0.615686 0.607843
v -88.0587 66.9079 0.12 0.623529 0.615686 0.607843
v -88.2277 66.6578 0.12 0.623529 0.615686 0.607843
v -86.4561 68.2531 0.12 0.623529 0.615686 0.607843
v -86.7225 68.1112 0.12 0.623529 0.615686 0.607843
v 81.9435 45.4391 0.12 0.623529 0.615686 0.607843
v 80.0133 44.6001 0.12 0.623529 0.615686 0.607843
v -72.1198 44.4153 0.12 0.623529 0.615686 0.607843
v -78.1618 45.9816 0.12 0.623529 0.615686 0.607843
v -85.8971 68.4798 0.12 0.623529 0.615686 0.607843
v -88.5219 62.6071 0.12 0.623529 0.615686 0.607843
v -78.8536 46.9168 0.12 0.623529 0.615686 0.607843
v -86.9784 67.9511 0.12 0.623529 0.615686 0.607843
v -86.1806 68.3762 0.12 0.623529 0.615686 0.607843
v 72.4792 45.1039 0.12 0.623529 0.615686 0.607843
v -88.6338 62.8875 0.12 0.623529 0.615686 0.607843
v 95.6788 66.1735 0.12 0.623529 0.615686 0.607843
v 93.8166 68.8064 0.12 0.623529 0.615686 0.607843
v 93.5741 68.9396 0.12 0.623529 0.615686 0.607843
v 94.8595 67.9077 0.12 0.623529 0.615686 0.607843
v 94.6771 68.1157 0.12 0.623529 0.615686 0.607843
v 95.1788 67.4562 0.12 0.623529 0.615686 0.607843
v 95.0271 67.6875 0.12 0.623529 0.615686 0.607843
v 95.4323 66.9647 0.12 0.623529 0.615686 0.607843
v 95.3142 67.2149 0.12 0.623529 0.615686 0.607843
v 95.6151 66.4428 0.12 0.623529 0.615686 0.607843
v 93.3229 69.0555 0.12 0.623529 0.615686 0.607843
v 95.7427 65.072 0.12 0.623529 0.615686 0.607843
v 95.7556 65.3484 0.12 0.623529 0.615686 0.607843
v 83.118 46.2092 0.12 0.623529 0.615686 0.607843
v 83.6633 46.6523 0.12 0.623529 0.615686 0.607843
v 82.5439 45.8041 0.12 0.623529 0.615686 0.607843
v 94.0493 68.6567 0.12 0.623529 0.615686 0.607843
v 94.4806 68.3105 0.12 0.623529 0.615686 0.607843
v 94.271 68.4911 0.12 0.623529 0.615686 0.607843
v 95.5328 66.7069 0.12 0.623529 0.615686 0.607843
v 95.7106 64.7972 0.12 0.623529 0.615686 0.607843
v 95.5895 64.2576 0.12 0.623529 0.615686 0.607843
v 95.6595 64.5253 0.12 0.623529 0.615686 0.607843
v 95.3946 63.7401 0.12 0.623529 0.615686 0.607843
v 95.5011 63.9955 0.12 0.623529 0.615686 0.607843
v 95.1297 63.2547 0.12 0.623529 0.615686 0.607843
v 95.2706 63.4928 0.12 0.623529 0.615686 0.607843
v 84.1771 47.1316 0.12 0.623529 0.615686 0.607843
v 78.649 44.2666 0.12 0.623529 0.615686 0.607843
v 54.0308 78.6647 0.12 0.623529 0.615686 0.607843
v 48.0203 53.3199 0.12 0.623529 0.615686 0.607843
v 59.7581 49.9287 0.12 0.623529 0.615686 0.607843
v 33.9796 81.4021 0.12 0.623529 0.615686 0.607843
v 36.0886 55.9483 0.12 0.623529 0.615686 0.607843
v 95.7492 65.625 0.12 0.623529 0.615686 0.607843
v 95.7235 65.9005 0.12 0.623529 0.615686 0.607843
v 84.6571 47.6447 0.12 0.623529 0.615686 0.607843
v 85.1011 48.1893 0.12 0.623529 0.615686 0.607843
v 13.7867 82.7415 0.12 0.623529 0.615686 0.607843
v 11.8419 58.8768 0.12 0.623529 0.615686 0.607843
v 24.0124 57.8032 0.12 0.623529 0.615686 0.607843
v -6.45042 82.6765 0.12 0.623529 0.615686 0.607843
v -0.372539 59.1646 0.12 0.623529 0.615686 0.607843
v -26.6343 81.2074 0.12 0.623529 0.615686 0.607843
v -24.7303 57.3815 0.12 0.623529 0.615686 0.607843
v -12.5802 58.6655 0.12 0.623529 0.615686 0.607843
v -66.4536 74.0919 0.12 0.623529 0.615686 0.607843
v 94.9725 63.027 0.12 0.623529 0.615686 0.607843
v 94.6126 62.6071 0.12 0.623529 0.615686 0.607843
v 94.7999 62.8108 0.12 0.623529 0.615686 0.607843
v 73.8438 74.5426 0.12 0.623529 0.615686 0.607843
v 71.2532 45.7889 0.12 0.623529 0.615686 0.607843
v -46.6675 78.3412 0.12 0.623529 0.615686 0.607843
v -36.7726 55.318 0.12 0.623529 0.615686 0.607843
v -60.3344 48.8897 0.12 0.623529 0.615686 0.607843
v -48.6571 52.4834 0.12 0.623529 0.615686 0.607843
v 85.5069 48.7629 0.12 0.623529 0.615686 0.607843
vn 0 0 1
vt 248 -30
vt 247.317 -29.7308
vt 247.369 -29.7757
vt 247.797 -29.9791
vt 247.864 -29.9907
vt 247.932 -29.9977
vt 247.423 -29.817
vt 247.48 -29.8544
vt 247.269 -29.6826
vt 247.73 -29.9629
vt 247.602 -29.9172
vt 247.665 -29.9423
vt 249.732 1.91186
vt 248.302 1.02602
vt 248.104 0.825209
vt 327.408 -30.6586
vt 328.436 -29.3093
vt 328.583 -29.0019
vt 327.874 -30.1616
vt 328.081 -29.8905
vt 328.268 -29.6059
vt 327.65 -30.418
vt 247.54 -29.8879
vt 247.183 -29.5767
vt 247.224 -29.6311
vt 247.021 -29.2035
vt 247.037 -29.2698
vt 248.514 1.21295
vt 249.217 1.68224
vt 248.972 1.54182
vt 328.813 -28.3606
vt 328.895 -28.0298
vt 328.709 -28.6852
vt 318.013 19.6347
vt 321.523 16.529
vt 321.34 16.8866
vt 247.146 -29.5196
vt 247.083 -29.3984
vt 247.112 -29.4601
vt 247.058 -29.3349
vt 247.751 0.385693
vt 247.597 0.149004
vt 248.737 1.38515
vt 249.47 1.80578
vt 328.954 -27.6941
vt 329.003 -27.0146
vt 324.341 -31.9883
vt 324.68 -31.9534
vt 321.681 16.1598
vt 315.236 19.8521
vt 314.842 19.7747
vt 316.036 19.9258
vt 315.635 19.9025
vt 317.235 19.8319
vt 316.837 19.8904
vt 321.134 17.2309
vt 247.002 -29.0682
vt 247.009 -29.1362
vt 257.362 1.94749
vt 247.038 -1.43725
vt 247.01 -1.71798
vt 247.152 -0.884813
vt 247.086 -1.1591
vt 247.46 -0.0975411
vt 247.339 -0.352812
vt 247.92 0.61144
vt 326.879 -31.0877
vt 327.151 -30.8822
vt 325.989 -31.5871
vt 326.297 -31.441
vt 325.347 -31.8149
vt 325.672 -31.712
vt 324 -32
vt 316.437 19.9217
vt 319.78 18.7008
vt 319.453 18.9349
vt 319.112 19.1462
vt 318.757 19.3339
vt 320.381 18.1689
vt 320.089 18.4451
vt 247 -29
vt 247.237 -0.615638
vt 250 2
vt 328.99 -27.3552
vt 326.594 -31.2743
vt 325.016 -31.8955
vt 313.704 19.3849
vt 313.346 19.2044
vt 314.454 19.6707
vt 314.075 19.5405
vt 317.627 19.7466
vt 318.39 19.497
vt 320.904 17.5604
vt 247 -2
vt 300.088 11.9393
vt 328.993 -26.674
vt 320.653 17.8736
vt 279.234 4.7673
vt 272.013 3.33432
vt 313 19
vt 321.92 15.3935
vt 321.814 15.7807
vt 286.342 6.68534
vt 322 15
vt 264.711 2.39294
vt 293.304 9.07965
vt 306.664 15.2511
vt 182 -76
vt 181.527 -76.0219
vt 181.645 -76.0288
vt 304.915 -74.1955
vt 303.399 -41.0569
vt 303.241 -40.8964
vt 179.961 -40.2912
vt 179.635 -40.5383
vt 179.538 -40.6349
vt 179.847 -40.3661
vt 179.738 -40.4486
vt 179.449 -40.7378
vt 180.33 -40.1155
vt 180.203 -40.1656
vt 181.764 -76.0274
vt 181.178 -75.9526
vt 181.293 -75.9837
vt 303.073 -40.7471
vt 302.895 -40.6098
vt 303.544 -41.228
vt 179.366 -40.8466
vt 179.291 -40.9608
vt 180.08 -40.2242
vt 179.224 -41.0799
vt 180.728 -40.0186
vt 180.593 -40.0418
vt 181.409 -76.0069
vt 181.066 -75.9135
vt 302.708 -40.4851
vt 302.513 -40.3737
vt 303.906 -41.7956
vt 303.799 -41.5982
vt 181 -40
vt 179.074 -41.4604
vt 179.042 -41.5931
vt 180.46 -40.0742
vt 180.864 -40.0047
vt 180.851 -75.8126
vt 180.957 -75.8668
vt 180.652 -75.683
vt 180.749 -75.7513
vt 180.473 -75.5272
vt 180.56 -75.6082
vt 180.317 -75.3481
vt 180.392 -75.4403
vt 179.993 -74.591
vt 180.016 -74.7075
vt 303.678 -41.4087
vt 302.102 -40.1925
vt 302.636 -75.9478
vt 302.844 -75.9019
vt 179.115 -41.3302
vt 179.166 -41.2032
vt 302 -76
vt 301.448 -40.0311
vt 301.225 -40.0078
vt 180.249 -75.2509
vt 180.133 -75.0435
vt 180.187 -75.1492
vt 180.047 -74.8221
vt 180.086 -74.9343
vt 179.978 -74.4732
vt 179.973 -74.2358
vt 179.971 -74.3546
vt 304.306 -75.064
vt 304.451 -74.9076
vt 303.987 -75.3459
vt 304.151 -75.2103
vt 303.632 -75.5822
vt 303.813 -75.47
vt 303.249 -75.7687
vt 303.444 -75.6819
vt 302.426 -75.9795
vt 302.213 -75.9969
vt 301.67 -40.0697
vt 179.982 -74.1174
vt 302.311 -40.276
vt 305 -74
vt 304 -42
vt 304.585 -74.7417
vt 303.049 -75.8421
vt 179.019 -41.7277
vt 179.005 -41.8635
vt 301.888 -40.1236
vt 304.707 -74.5673
vt 304.817 -74.3849
vt 301 -40
vt 179 -42
vt 180 -74
vt 181.883 -76.0178
vt 174 18
vt 165.349 16.0475
vt 165.068 15.6573
vt 166.719 17.3879
vt 166.342 17.0891
vt 172.187 18.6219
vt 170.273 18.7258
vt 169.795 18.669
vt 234.049 1.85993
vt 234.817 1.56349
vt 234.568 1.67982
vt 235.508 1.11621
vt 235.288 1.28102
vt 235.457 -30.5822
vt 236.873 -29.621
vt 236.911 -29.5218
vt 236.777 -29.8105
vt 236.828 -29.7173
vt 165.656 16.4173
vt 165.987 16.7651
vt 168.858 18.4575
vt 168.403 18.3038
vt 170.753 18.7495
vt 171.712 18.6975
vt 171.233 18.7401
vt 235.057 1.43035
vt 235.716 0.936694
vt 233.237 1.99297
vt 236.766 -0.652785
vt 236.665 -0.397407
vt 236.968 -29.3169
vt 236.986 -29.2121
vt 164.1 13.4701
vt 164 13
vt 169.323 18.5795
vt 167.959 18.119
vt 173.115 18.3737
vt 172.655 18.5138
vt 173.564 18.2021
vt 236.093 0.537007
vt 233.782 1.92286
vt 235.911 0.743322
vt 236.85 -0.91452
vt 237 -2
vt 236.991 -1.7254
vt 236.943 -29.4203
vt 236.719 -29.8999
vt 236.262 -30.3386
vt 236.35 -30.2788
vt 235.669 -30.5625
vt 235.977 -30.4805
vt 236.075 -30.4396
vt 235.773 -30.5421
vt 235.876 -30.5148
vt 158.062 -30.896
vt 158.612 -30.9837
vt 158.891 -30.9991
vt 164.232 13.9323
vt 167.115 17.66
vt 167.529 17.9041
vt 233.511 1.96727
vt 236.915 -1.18138
vt 236.962 -1.4521
vt 236.434 -30.2133
vt 236.513 -30.1424
vt 236.17 -30.3923
vt 235.563 -30.5759
vt 160.263 -30.7924
vt 160.524 -30.6957
vt 159.723 -30.9314
vt 159.995 -30.8711
vt 159.17 -30.9955
vt 159.447 -30.9729
vt 158.336 -30.9493
vt 160.779 -30.5813
vt 156.552 -30.2015
vt 156.782 -30.3594
vt 164.396 14.3842
vt 164.815 15.2488
vt 164.59 14.8237
vt 234.312 1.77879
vt 236.411 0.0894948
vt 236.259 0.318721
vt 236.996 -29.1063
vt 236.587 -30.0662
vt 236.656 -29.9853
vt 157.529 -30.7342
vt 157.792 -30.8242
vt 157.022 -30.5013
vt 155.935 -29.6392
vt 156.128 -29.8405
vt 155.592 -29.1993
vt 155.756 -29.4251
vt 154.964 -27.6613
vt 155.024 -27.9335
vt 236.546 -0.149591
vt 157.271 -30.6264
vt 156.334 -30.0283
vt 155.199 -28.4626
vt 155.313 -28.717
vt 155.102 -28.2011
vt 154.912 -26.5504
vt 154.896 -26.8288
vt 235.351 -30.5813
vt 212.823 4.6102
vt 237 -29
vt 154.9 -27.1076
vt 154.922 -27.3855
vt 154.947 -26.2737
vt 183.34 13.6663
vt 222.985 2.95337
vt 155.445 -28.9629
vt 192.954 9.97913
vt 202.797 6.95576
vt 155 -26
vt 173.119 24.2004
vt 171.013 27.8564
vt 171.102 27.4352
vt 170.953 28.2827
vt 171.744 25.843
vt 171.972 25.4777
vt 172.225 25.1291
vt 171.221 27.0213
vt 310 35
vt 313.701 26.6941
vt 313.851 27.1088
vt 313.315 25.9013
vt 313.522 26.291
vt 171.542 26.2233
vt 172.501 24.799
vt 172.8 24.4889
vt 170.923 28.7122
vt 171.221 30.8335
vt 171.102 30.4196
vt 311.187 34.4203
vt 310.805 34.641
vt 310.409 34.8346
vt 311.9 33.902
vt 311.553 34.1736
vt 312.823 25.1698
vt 313.082 25.527
vt 171.368 26.6167
vt 170.953 29.5721
vt 170.923 29.1427
vt 171.013 29.9985
vt 174.187 23.4775
vt 171.542 31.6315
vt 171.368 31.2381
vt 171.972 32.3772
vt 171.744 32.0118
vt 174.187 34.3773
vt 173.814 34.1614
vt 312.534 33.2895
vt 312.228 33.6068
vt 313.077 32.5948
vt 312.818 32.9516
vt 313.848 31.0142
vt 313.697 31.4286
vt 314.062 30.1589
vt 313.97 30.5902
vt 314.155 29.2822
vt 314.124 29.7222
vt 314.125 28.4012
vt 314.155 28.8412
vt 313.972 27.5328
vt 314.064 27.9643
vt 312.234 24.5138
vt 312.54 24.8315
vt 173.458 23.9348
vt 172.501 33.0558
vt 172.225 32.7257
vt 173.119 33.6545
vt 172.8 33.3659
vt 173.458 33.92
vt 313.311 32.2208
vt 313.518 31.8314
vt 311.56 23.946
vt 311.907 24.2182
vt 310.813 23.4775
vt 311.195 23.6988
vt 173.814 23.6935
vt 181.614 38.0333
vt 302.307 19.2859
vt 218.895 8.31144
vt 229.722 49.057
vt 221.457 48.5652
vt 238 49
vt 228.296 7.07448
vt 209.594 10.1603
vt 200.434 12.613
vt 213.244 47.5267
vt 205.118 45.9462
vt 191.454 15.6593
vt 197.114 43.8305
vt 182.693 19.2859
vt 189.268 41.189
vt 237.759 6.45468
vt 247.241 6.45468
vt 252.696 48.0292
vt 256.704 7.07448
vt 267.302 46.1344
vt 266.105 8.31144
vt 275.406 10.1603
vt 296.011 39.6069
vt 293.546 15.6593
vt 281.759 43.3233
vt 284.566 12.613
vt 151.375 65.8458
vt 151.154 64.9691
vt 151.122 64.669
vt 151.281 65.5589
vt 151.207 65.2662
vt 164.439 44.3518
vt 167.129 44.2183
vt 167.508 44.3041
vt 166.359 44.125
vt 166.746 44.1586
vt 168.244 44.5516
vt 163.711 44.6221
vt 164.071 44.4746
vt 162.705 45.2059
vt 163.027 44.9887
vt 162.109 45.7035
vt 162.399 45.4446
vt 151.621 66.3966
vt 151.12 64.0657
vt 151.151 63.7655
vt 151.111 64.3674
vt 151.488 66.1255
vt 151.274 63.1749
vt 152.329 67.3698
vt 152.127 67.1456
vt 152.778 67.7735
vt 152.546 67.5795
vt 311.855 45.4255
vt 320.675 44.8357
vt 321.32 45.1158
vt 319.337 44.4101
vt 317.252 44.1215
vt 317.953 44.1702
vt 315.848 44.1674
vt 316.549 44.1205
vt 314.464 44.4035
vt 315.152 44.2619
vt 313.124 44.8255
vt 313.787 44.5917
vt 165.582 44.1371
vt 165.97 44.1179
vt 164.815 44.2543
vt 165.197 44.1827
vt 163.363 44.7938
vt 161.356 46.5896
vt 161.587 46.2774
vt 151.202 63.468
vt 151.941 66.9079
vt 151.772 66.6578
vt 153.544 68.2531
vt 153.278 68.1112
vt 321.943 45.4391
vt 320.013 44.6001
vt 167.88 44.4153
vt 161.838 45.9816
vt 154.103 68.4798
vt 151.478 62.6071
vt 161.146 46.9168
vt 153.022 67.9511
vt 153.819 68.3762
vt 312.479 45.1039
vt 151.366 62.8875
vt 335.679 66.1735
vt 333.817 68.8064
vt 333.574 68.9396
vt 334.86 67.9077
vt 334.677 68.1157
vt 335.179 67.4562
vt 335.027 67.6875
vt 335.432 66.9647
vt 335.314 67.2149
vt 335.615 66.4428
vt 333.323 69.0555
vt 335.743 65.072
vt 335.756 65.3484
vt 323.118 46.2092
vt 323.663 46.6523
vt 322.544 45.8041
vt 334.049 68.6567
vt 334.481 68.3105
vt 334.271 68.4911
vt 335.533 66.7069
vt 335.711 64.7972
vt 335.59 64.2576
vt 335.659 64.5253
vt 335.395 63.7401
vt 335.501 63.9955
vt 335.13 63.2547
vt 335.271 63.4928
vt 324.177 47.1316
vt 318.649 44.2666
vt 294.031 78.6647
vt 288.02 53.3199
vt 299.758 49.9287
vt 273.98 81.4021
vt 276.089 55.9483
vt 335.749 65.625
vt 335.724 65.9005
vt 324.657 47.6447
vt 325.101 48.1893
vt 253.787 82.7415
vt 251.842 58.8768
vt 264.012 57.8032
vt 233.55 82.6765
vt 239.627 59.1646
vt 213.366 81.2074
vt 215.27 57.3815
vt 227.42 58.6655
vt 173.546 74.0919
vt 334.973 63.027
vt 334.613 62.6071
vt 334.8 62.8108
vt 313.844 74.5426
vt 311.253 45.7889
vt 193.333 78.3412
vt 203.227 55.318
vt 179.666 48.8897
vt 191.343 52.4834
vt 325.507 48.7629
f 1/1/1 2/2/1 3/3/1
f 4/4/1 5/5/1 6/6/1
f 1/1/1 7/7/1 8/8/1
f 1/1/1 9/9/1 2/2/1
f 1/1/1 10/10/1 4/4/1
f 1/1/1 11/11/1 12/12/1
f 3/3/1 7/7/1 1/1/1
f 13/13/1 14/14/1 15/15/1
f 16/16/1 17/17/1 18/18/1
f 19/19/1 20/20/1 21/21/1
f 17/17/1 16/16/1 22/22/1
f 12/12/1 10/10/1 1/1/1
f 8/8/1 23/23/1 1/1/1
f 1/1/1 24/24/1 25/25/1
f 1/1/1 26/26/1 27/27/1
f 13/13/1 28/28/1 14/14/1
f 13/13/1 29/29/1 30/30/1
f 16/16/1 31/31/1 32/32/1
f 18/18/1 33/33/1 16/16/1
f 22/22/1 19/19/1 17/17/1
f 34/34/1 35/35/1 36/36/1
f 23/23/1 11/11/1 1/1/1
f 1/1/1 37/37/1 24/24/1
f 1/1/1 38/38/1 39/39/1
f 27/27/1 40/40/1 1/1/1
f 13/13/1 41/41/1 42/42/1
f 13/13/1 43/43/1 28/28/1
f 13/13/1 44/44/1 29/29/1
f 32/32/1 45/45/1 16/16/1
f 21/21/1 17/17/1 19/19/1
f 46/46/1 47/47/1 48/48/1
f 49/49/1 50/50/1 51/51/1
f 49/49/1 52/52/1 53/53/1
f 49/49/1 54/54/1 55/55/1
f 36/36/1 56/56/1 34/34/1
f 25/25/1 9/9/1 1/1/1
f 40/40/1 38/38/1 1/1/1
f 1/1/1 57/57/1 58/58/1
f 59/59/1 60/60/1 61/61/1
f 59/59/1 62/62/1 63/63/1
f 59/59/1 64/64/1 65/65/1
f 13/13/1 66/66/1 41/41/1
f 30/30/1 43/43/1 13/13/1
f 33/33/1 31/31/1 16/16/1
f 46/46/1 67/67/1 68/68/1
f 46/46/1 69/69/1 70/70/1
f 46/46/1 71/71/1 72/72/1
f 46/46/1 73/73/1 47/47/1
f 53/53/1 50/50/1 49/49/1
f 55/55/1 74/74/1 49/49/1
f 75/75/1 76/76/1 77/77/1
f 78/78/1 79/79/1 80/80/1
f 34/34/1 49/49/1 35/35/1
f 39/39/1 37/37/1 1/1/1
f 1/1/1 81/81/1 57/57/1
f 63/63/1 60/60/1 59/59/1
f 65/65/1 82/82/1 59/59/1
f 15/15/1 66/66/1 13/13/1
f 64/64/1 59/59/1 83/83/1
f 45/45/1 84/84/1 16/16/1
f 46/46/1 85/85/1 67/67/1
f 72/72/1 69/69/1 46/46/1
f 48/48/1 86/86/1 46/46/1
f 49/49/1 87/87/1 88/88/1
f 49/49/1 89/89/1 90/90/1
f 74/74/1 52/52/1 49/49/1
f 49/49/1 34/34/1 91/91/1
f 79/79/1 78/78/1 92/92/1
f 80/80/1 75/75/1 78/78/1
f 56/56/1 93/93/1 34/34/1
f 58/58/1 26/26/1 1/1/1
f 59/59/1 94/94/1 81/81/1
f 82/82/1 62/62/1 59/59/1
f 83/83/1 13/13/1 64/64/1
f 95/95/1 73/73/1 96/96/1
f 68/68/1 16/16/1 46/46/1
f 86/86/1 71/71/1 46/46/1
f 90/90/1 87/87/1 49/49/1
f 91/91/1 54/54/1 49/49/1
f 77/77/1 78/78/1 75/75/1
f 93/93/1 97/97/1 34/34/1
f 81/81/1 1/1/1 59/59/1
f 42/42/1 64/64/1 13/13/1
f 73/73/1 98/98/1 99/99/1
f 73/73/1 46/46/1 96/96/1
f 70/70/1 85/85/1 46/46/1
f 51/51/1 89/89/1 49/49/1
f 97/97/1 79/79/1 34/34/1
f 100/100/1 101/101/1 102/102/1
f 61/61/1 94/94/1 59/59/1
f 73/73/1 103/103/1 98/98/1
f 84/84/1 46/46/1 16/16/1
f 92/92/1 34/34/1 79/79/1
f 100/100/1 104/104/1 101/101/1
f 1/1/1 105/105/1 59/59/1
f 73/73/1 106/106/1 103/103/1
f 96/96/1 107/107/1 95/95/1
f 102/102/1 49/49/1 100/100/1
f 1/1/1 99/99/1 105/105/1
f 95/95/1 106/106/1 73/73/1
f 100/100/1 96/96/1 104/104/1
f 99/99/1 1/1/1 73/73/1
f 88/88/1 100/100/1 49/49/1
f 100/100/1 107/107/1 96/96/1
f 6/6/1 1/1/1 4/4/1
f 108/108/1 109/109/1 110/110/1
f 111/111/1 112/112/1 113/113/1
f 114/114/1 115/115/1 116/116/1
f 114/114/1 117/117/1 118/118/1
f 119/119/1 120/120/1 121/121/1
f 110/110/1 122/122/1 108/108/1
f 108/108/1 123/123/1 124/124/1
f 111/111/1 125/125/1 126/126/1
f 111/111/1 127/127/1 112/112/1
f 120/120/1 128/128/1 129/129/1
f 118/118/1 115/115/1 114/114/1
f 121/121/1 130/130/1 119/119/1
f 131/131/1 132/132/1 133/133/1
f 108/108/1 134/134/1 109/109/1
f 108/108/1 135/135/1 123/123/1
f 111/111/1 136/136/1 137/137/1
f 113/113/1 125/125/1 111/111/1
f 111/111/1 138/138/1 139/139/1
f 140/140/1 141/141/1 142/142/1
f 120/120/1 119/119/1 128/128/1
f 130/130/1 114/114/1 119/119/1
f 133/133/1 143/143/1 131/131/1
f 131/131/1 140/140/1 144/144/1
f 124/124/1 134/134/1 108/108/1
f 108/108/1 145/145/1 146/146/1
f 108/108/1 147/147/1 148/148/1
f 108/108/1 149/149/1 150/150/1
f 108/108/1 151/151/1 152/152/1
f 108/108/1 153/153/1 154/154/1
f 126/126/1 136/136/1 111/111/1
f 139/139/1 155/155/1 111/111/1
f 156/156/1 157/157/1 158/158/1
f 140/140/1 159/159/1 141/141/1
f 140/140/1 131/131/1 160/160/1
f 116/116/1 119/119/1 114/114/1
f 144/144/1 132/132/1 131/131/1
f 161/161/1 162/162/1 163/163/1
f 146/146/1 135/135/1 108/108/1
f 150/150/1 147/147/1 108/108/1
f 108/108/1 164/164/1 151/151/1
f 108/108/1 165/165/1 166/166/1
f 108/108/1 167/167/1 168/168/1
f 108/108/1 169/169/1 153/153/1
f 108/108/1 170/170/1 171/171/1
f 155/155/1 127/127/1 111/111/1
f 156/156/1 172/172/1 173/173/1
f 156/156/1 174/174/1 175/175/1
f 156/156/1 176/176/1 177/177/1
f 156/156/1 178/178/1 179/179/1
f 156/156/1 180/180/1 157/157/1
f 156/156/1 161/161/1 181/181/1
f 160/160/1 159/159/1 140/140/1
f 143/143/1 120/120/1 131/131/1
f 161/161/1 182/182/1 162/162/1
f 148/148/1 145/145/1 108/108/1
f 166/166/1 164/164/1 108/108/1
f 154/154/1 167/167/1 108/108/1
f 108/108/1 183/183/1 170/170/1
f 137/137/1 184/184/1 111/111/1
f 111/111/1 185/185/1 186/186/1
f 173/173/1 187/187/1 156/156/1
f 177/177/1 174/174/1 156/156/1
f 156/156/1 188/188/1 178/178/1
f 181/181/1 180/180/1 156/156/1
f 140/140/1 189/189/1 190/190/1
f 129/129/1 131/131/1 120/120/1
f 161/161/1 191/191/1 182/182/1
f 152/152/1 149/149/1 108/108/1
f 171/171/1 169/169/1 108/108/1
f 186/186/1 138/138/1 111/111/1
f 156/156/1 192/192/1 193/193/1
f 175/175/1 172/172/1 156/156/1
f 158/158/1 188/188/1 156/156/1
f 142/142/1 189/189/1 140/140/1
f 161/161/1 194/194/1 140/140/1
f 161/161/1 156/156/1 191/191/1
f 168/168/1 165/165/1 108/108/1
f 193/193/1 111/111/1 156/156/1
f 179/179/1 176/176/1 156/156/1
f 190/190/1 195/195/1 140/140/1
f 163/163/1 194/194/1 161/161/1
f 108/108/1 196/196/1 183/183/1
f 187/187/1 192/192/1 156/156/1
f 140/140/1 196/196/1 161/161/1
f 122/122/1 197/197/1 108/108/1
f 195/195/1 196/196/1 140/140/1
f 184/184/1 156/156/1 111/111/1
f 108/108/1 161/161/1 196/196/1
f 198/198/1 199/199/1 200/200/1
f 198/198/1 201/201/1 202/202/1
f 203/203/1 204/204/1 205/205/1
f 206/206/1 207/207/1 208/208/1
f 206/206/1 209/209/1 210/210/1
f 211/211/1 212/212/1 213/213/1
f 211/211/1 214/214/1 215/215/1
f 198/198/1 216/216/1 199/199/1
f 202/202/1 217/217/1 198/198/1
f 203/203/1 218/218/1 219/219/1
f 203/203/1 220/220/1 204/204/1
f 203/203/1 221/221/1 222/222/1
f 206/206/1 223/223/1 207/207/1
f 206/206/1 224/224/1 209/209/1
f 225/225/1 226/226/1 227/227/1
f 211/211/1 228/228/1 229/229/1
f 215/215/1 212/212/1 211/211/1
f 198/198/1 230/230/1 231/231/1
f 217/217/1 216/216/1 198/198/1
f 203/203/1 232/232/1 218/218/1
f 222/222/1 220/220/1 203/203/1
f 233/233/1 234/234/1 235/235/1
f 233/233/1 198/198/1 236/236/1
f 237/237/1 206/206/1 238/238/1
f 210/210/1 223/223/1 206/206/1
f 206/206/1 237/237/1 239/239/1
f 225/225/1 240/240/1 226/226/1
f 225/225/1 241/241/1 242/242/1
f 211/211/1 243/243/1 228/228/1
f 211/211/1 244/244/1 214/214/1
f 211/211/1 245/245/1 246/246/1
f 247/247/1 248/248/1 249/249/1
f 247/247/1 250/250/1 251/251/1
f 252/252/1 253/253/1 254/254/1
f 198/198/1 255/255/1 230/230/1
f 198/198/1 256/256/1 201/201/1
f 198/198/1 233/233/1 257/257/1
f 205/205/1 232/232/1 203/203/1
f 236/236/1 234/234/1 233/233/1
f 238/238/1 258/258/1 237/237/1
f 239/239/1 224/224/1 206/206/1
f 225/225/1 259/259/1 240/240/1
f 242/242/1 260/260/1 225/225/1
f 213/213/1 243/243/1 211/211/1
f 211/211/1 261/261/1 262/262/1
f 211/211/1 263/263/1 245/245/1
f 251/251/1 248/248/1 247/247/1
f 263/263/1 211/211/1 264/264/1
f 252/252/1 265/265/1 266/266/1
f 252/252/1 267/267/1 268/268/1
f 252/252/1 269/269/1 270/270/1
f 252/252/1 271/271/1 253/253/1
f 272/272/1 273/273/1 274/274/1
f 198/198/1 275/275/1 255/255/1
f 198/198/1 276/276/1 277/277/1
f 257/257/1 256/256/1 198/198/1
f 235/235/1 203/203/1 233/233/1
f 208/208/1 278/278/1 206/206/1
f 225/225/1 279/279/1 280/280/1
f 260/260/1 259/259/1 225/225/1
f 229/229/1 281/281/1 211/211/1
f 211/211/1 282/282/1 283/283/1
f 246/246/1 261/261/1 211/211/1
f 264/264/1 247/247/1 263/263/1
f 268/268/1 265/265/1 252/252/1
f 254/254/1 269/269/1 252/252/1
f 272/272/1 284/284/1 285/285/1
f 274/274/1 286/286/1 272/272/1
f 272/272/1 287/287/1 288/288/1
f 272/272/1 289/289/1 290/290/1
f 272/272/1 291/291/1 292/292/1
f 277/277/1 275/275/1 198/198/1
f 219/219/1 233/233/1 203/203/1
f 280/280/1 237/237/1 225/225/1
f 227/227/1 293/293/1 225/225/1
f 283/283/1 244/244/1 211/211/1
f 249/249/1 263/263/1 247/247/1
f 270/270/1 267/267/1 252/252/1
f 272/272/1 294/294/1 284/284/1
f 272/272/1 295/295/1 273/273/1
f 290/290/1 287/287/1 272/272/1
f 272/272/1 296/296/1 297/297/1
f 292/292/1 298/298/1 272/272/1
f 272/272/1 299/299/1 300/300/1
f 200/200/1 276/276/1 198/198/1
f 272/272/1 301/301/1 302/302/1
f 293/293/1 279/279/1 225/225/1
f 301/301/1 303/303/1 241/241/1
f 262/262/1 282/282/1 211/211/1
f 285/285/1 252/252/1 272/272/1
f 288/288/1 295/295/1 272/272/1
f 298/298/1 296/296/1 272/272/1
f 272/272/1 304/304/1 305/305/1
f 272/272/1 306/306/1 299/299/1
f 272/272/1 307/307/1 198/198/1
f 301/301/1 308/308/1 302/302/1
f 241/241/1 225/225/1 301/301/1
f 303/303/1 301/301/1 211/211/1
f 286/286/1 294/294/1 272/272/1
f 297/297/1 309/309/1 272/272/1
f 300/300/1 304/304/1 272/272/1
f 272/272/1 310/310/1 307/307/1
f 302/302/1 311/311/1 272/272/1
f 281/281/1 303/303/1 211/211/1
f 309/309/1 289/289/1 272/272/1
f 272/272/1 312/312/1 306/306/1
f 311/311/1 310/310/1 272/272/1
f 258/258/1 225/225/1 237/237/1
f 305/305/1 291/291/1 272/272/1
f 225/225/1 308/308/1 301/301/1
f 272/272/1 231/231/1 312/312/1
f 266/266/1 272/272/1 252/252/1
f 231/231/1 272/272/1 198/198/1
f 313/313/1 314/314/1 315/315/1
f 313/313/1 316/316/1 314/314/1
f 317/317/1 318/318/1 319/319/1
f 315/315/1 320/320/1 313/313/1
f 321/321/1 322/322/1 323/323/1
f 321/321/1 324/324/1 325/325/1
f 326/326/1 327/327/1 328/328/1
f 327/327/1 326/326/1 317/317/1
f 313/313/1 329/329/1 316/316/1
f 313/313/1 330/330/1 331/331/1
f 332/332/1 333/333/1 334/334/1
f 321/321/1 335/335/1 336/336/1
f 325/325/1 322/322/1 321/321/1
f 321/321/1 337/337/1 338/338/1
f 319/319/1 327/327/1 317/317/1
f 320/320/1 339/339/1 313/313/1
f 313/313/1 340/340/1 341/341/1
f 331/331/1 342/342/1 313/313/1
f 343/343/1 344/344/1 345/345/1
f 343/343/1 346/346/1 347/347/1
f 343/343/1 348/348/1 349/349/1
f 336/336/1 332/332/1 321/321/1
f 321/321/1 350/350/1 351/351/1
f 321/321/1 352/352/1 353/353/1
f 321/321/1 354/354/1 355/355/1
f 321/321/1 356/356/1 357/357/1
f 321/321/1 358/358/1 359/359/1
f 321/321/1 360/360/1 361/361/1
f 321/321/1 362/362/1 363/363/1
f 338/338/1 324/324/1 321/321/1
f 321/321/1 364/364/1 365/365/1
f 330/330/1 313/313/1 366/366/1
f 339/339/1 326/326/1 313/313/1
f 342/342/1 340/340/1 313/313/1
f 347/347/1 344/344/1 343/343/1
f 343/343/1 367/367/1 368/368/1
f 343/343/1 369/369/1 370/370/1
f 349/349/1 371/371/1 343/343/1
f 351/351/1 335/335/1 321/321/1
f 321/321/1 372/372/1 352/352/1
f 355/355/1 373/373/1 321/321/1
f 359/359/1 356/356/1 321/321/1
f 363/363/1 360/360/1 321/321/1
f 365/365/1 337/337/1 321/321/1
f 321/321/1 374/374/1 375/375/1
f 321/321/1 376/376/1 377/377/1
f 366/366/1 378/378/1 330/330/1
f 341/341/1 329/329/1 313/313/1
f 368/368/1 346/346/1 343/343/1
f 371/371/1 369/369/1 343/343/1
f 353/353/1 350/350/1 321/321/1
f 357/357/1 354/354/1 321/321/1
f 323/323/1 362/362/1 321/321/1
f 377/377/1 374/374/1 321/321/1
f 328/328/1 313/313/1 326/326/1
f 370/370/1 367/367/1 343/343/1
f 373/373/1 372/372/1 321/321/1
f 375/375/1 364/364/1 321/321/1
f 345/345/1 330/330/1 343/343/1
f 361/361/1 358/358/1 321/321/1
f 343/343/1 379/379/1 348/348/1
f 321/321/1 380/380/1 376/376/1
f 381/381/1 382/382/1 383/383/1
f 378/378/1 343/343/1 330/330/1
f 334/334/1 321/321/1 332/332/1
f 384/384/1 382/382/1 385/385/1
f 383/383/1 386/386/1 381/381/1
f 387/387/1 388/388/1 389/389/1
f 390/390/1 389/389/1 391/391/1
f 392/392/1 393/393/1 379/379/1
f 384/384/1 394/394/1 395/395/1
f 396/396/1 395/395/1 397/397/1
f 398/398/1 399/399/1 400/400/1
f 401/401/1 402/402/1 380/380/1
f 381/381/1 385/385/1 382/382/1
f 386/386/1 383/383/1 388/388/1
f 391/391/1 392/392/1 390/390/1
f 392/392/1 391/391/1 393/393/1
f 397/397/1 398/398/1 396/396/1
f 398/398/1 397/397/1 399/399/1
f 403/403/1 400/400/1 404/404/1
f 401/401/1 404/404/1 402/402/1
f 388/388/1 387/387/1 386/386/1
f 343/343/1 392/392/1 379/379/1
f 400/400/1 403/403/1 398/398/1
f 321/321/1 401/401/1 380/380/1
f 389/389/1 390/390/1 387/387/1
f 404/404/1 401/401/1 403/403/1
f 395/395/1 396/396/1 384/384/1
f 385/385/1 394/394/1 384/384/1
f 405/405/1 406/406/1 407/407/1
f 406/406/1 405/405/1 408/408/1
f 408/408/1 409/409/1 406/406/1
f 410/410/1 411/411/1 412/412/1
f 410/410/1 413/413/1 414/414/1
f 415/415/1 416/416/1 417/417/1
f 415/415/1 418/418/1 419/419/1
f 415/415/1 420/420/1 421/421/1
f 422/422/1 423/423/1 424/424/1
f 407/407/1 425/425/1 405/405/1
f 423/423/1 422/422/1 426/426/1
f 427/427/1 428/428/1 429/429/1
f 427/427/1 430/430/1 431/431/1
f 432/432/1 433/433/1 434/434/1
f 435/435/1 436/436/1 437/437/1
f 435/435/1 438/438/1 439/439/1
f 435/435/1 440/440/1 441/441/1
f 435/435/1 442/442/1 443/443/1
f 414/414/1 411/411/1 410/410/1
f 410/410/1 444/444/1 445/445/1
f 410/410/1 446/446/1 447/447/1
f 415/415/1 448/448/1 416/416/1
f 421/421/1 418/418/1 415/415/1
f 415/415/1 449/449/1 450/450/1
f 424/424/1 451/451/1 422/422/1
f 426/426/1 405/405/1 423/423/1
f 427/427/1 452/452/1 453/453/1
f 431/431/1 428/428/1 427/427/1
f 427/427/1 454/454/1 455/455/1
f 434/434/1 456/456/1 432/432/1
f 432/432/1 435/435/1 457/457/1
f 439/439/1 436/436/1 435/435/1
f 443/443/1 440/440/1 435/435/1
f 412/412/1 458/458/1 410/410/1
f 447/447/1 444/444/1 410/410/1
f 419/419/1 448/448/1 415/415/1
f 450/450/1 459/459/1 415/415/1
f 460/460/1 461/461/1 462/462/1
f 425/425/1 423/423/1 405/405/1
f 429/429/1 452/452/1 427/427/1
f 455/455/1 463/463/1 427/427/1
f 427/427/1 460/460/1 464/464/1
f 457/457/1 433/433/1 432/432/1
f 441/441/1 438/438/1 435/435/1
f 435/435/1 432/432/1 465/465/1
f 445/445/1 413/413/1 410/410/1
f 459/459/1 420/420/1 415/415/1
f 460/460/1 466/466/1 461/461/1
f 453/453/1 422/422/1 427/427/1
f 464/464/1 454/454/1 427/427/1
f 467/467/1 468/468/1 469/469/1
f 467/467/1 470/470/1 471/471/1
f 467/467/1 472/472/1 473/473/1
f 467/467/1 474/474/1 475/475/1
f 474/474/1 467/467/1 476/476/1
f 477/477/1 478/478/1 479/479/1
f 432/432/1 480/480/1 481/481/1
f 456/456/1 482/482/1 432/432/1
f 465/465/1 442/442/1 435/435/1
f 417/417/1 410/410/1 415/415/1
f 460/460/1 427/427/1 466/466/1
f 463/463/1 430/430/1 427/427/1
f 467/467/1 483/483/1 468/468/1
f 467/467/1 484/484/1 485/485/1
f 473/473/1 470/470/1 467/467/1
f 476/476/1 486/486/1 474/474/1
f 477/477/1 487/487/1 478/478/1
f 477/477/1 488/488/1 489/489/1
f 477/477/1 490/490/1 491/491/1
f 477/477/1 492/492/1 493/493/1
f 481/481/1 494/494/1 432/432/1
f 437/437/1 495/495/1 435/435/1
f 496/496/1 497/497/1 498/498/1
f 496/496/1 499/499/1 500/500/1
f 415/415/1 462/462/1 449/449/1
f 451/451/1 427/427/1 422/422/1
f 485/485/1 483/483/1 467/467/1
f 475/475/1 472/472/1 467/467/1
f 477/477/1 501/501/1 502/502/1
f 489/489/1 487/487/1 477/477/1
f 493/493/1 490/490/1 477/477/1
f 432/432/1 503/503/1 504/504/1
f 482/482/1 480/480/1 432/432/1
f 500/500/1 497/497/1 496/496/1
f 505/505/1 506/506/1 507/507/1
f 505/505/1 508/508/1 509/509/1
f 510/510/1 511/511/1 512/512/1
f 513/513/1 460/460/1 415/415/1
f 462/462/1 415/415/1 460/460/1
f 471/471/1 484/484/1 467/467/1
f 479/479/1 501/501/1 477/477/1
f 477/477/1 514/514/1 492/492/1
f 477/477/1 515/515/1 516/516/1
f 494/494/1 503/503/1 432/432/1
f 517/517/1 498/498/1 518/518/1
f 499/499/1 507/507/1 500/500/1
f 509/509/1 506/506/1 505/505/1
f 512/512/1 508/508/1 510/510/1
f 510/510/1 519/519/1 520/520/1
f 513/513/1 521/521/1 522/522/1
f 458/458/1 415/415/1 410/410/1
f 502/502/1 467/467/1 477/477/1
f 516/516/1 514/514/1 477/477/1
f 518/518/1 523/523/1 515/515/1
f 523/523/1 518/518/1 432/432/1
f 498/498/1 517/517/1 496/496/1
f 512/512/1 509/509/1 508/508/1
f 519/519/1 522/522/1 520/520/1
f 415/415/1 521/521/1 513/513/1
f 491/491/1 488/488/1 477/477/1
f 504/504/1 523/523/1 432/432/1
f 507/507/1 499/499/1 505/505/1
f 522/522/1 519/519/1 513/513/1
f 515/515/1 477/477/1 518/518/1
f 520/520/1 511/511/1 510/510/1
f 518/518/1 477/477/1 517/517/1
f 469/469/1 477/477/1 467/467/1
v 8 -30 0.01 0.627451 0.627451 0.643137
v 8 -30 0.12 0.627451 0.627451 0.643137
v 7.93176 -29.9977 0.12 0.627451 0.627451 0.643137
v 7.93176 -29.9977 0.01 0.627451 0.627451 0.643137
v 7.86383 -29.9907 0.12 0.627451 0.627451 0.643137
v 7.86383 -29.9907 0.01 0.627451 0.627451 0.643137
v 7.79654 -29.9791 0.12 0.627451 0.627451 0.643137
v 7.79654 -29.9791 0.01 0.627451 0.627451 0.643137
v 7.7302 -29.9629 0.12 0.627451 0.627451 0.643137
v 7.7302 -29.9629 0.01 0.627451 0.627451 0.643137
v 7.66512 -29.9423 0.12 0.627451 0.627451 0.643137
v 7.66512 -29.9423 0.01 0.627451 0.627451 0.643137
v 7.6016 -29.9172 0.12 0.627451 0.627451 0.643137
v 7.6016 -29.9172 0.01 0.627451 0.627451 0.643137
v 7.53993 -29.8879 0.12 0.627451 0.627451 0.643137
v 7.53993 -29.8879 0.01 0.627451 0.627451 0.643137
v 7.48042 -29.8544 0.12 0.627451 0.627451 0.643137
v 7.48042 -29.8544 0.01 0.627451 0.627451 0.643137
v 7.42332 -29.817 0.12 0.627451 0.627451 0.643137
v 7.42332 -29.817 0.01 0.627451 0.627451 0.643137
v 7.36891 -29.7757 0.12 0.627451 0.627451 0.643137
v 7.36891 -29.7757 0.01 0.627451 0.627451 0.643137
v 7.31745 -29.7308 0.12 0.627451 0.627451 0.643137
v 7.31745 -29.7308 0.01 0.627451 0.627451 0.643137
v 7.26916 -29.6826 0.12 0.627451 0.627451 0.643137
v 7.26916 -29.6826 0.01 0.627451 0.627451 0.643137
v 7.22429 -29.6311 0.12 0.627451 0.627451 0.643137
v 7.22429 -29.6311 0.01 0.627451 0.627451 0.643137
v 7.18303 -29.5767 0.12 0.627451 0.627451 0.643137
v 7.18303 -29.5767 0.01 0.627451 0.627451 0.643137
v 7.14558 -29.5196 0.12 0.627451 0.627451 0.643137
v 7.14558 -29.5196 0.01 0.627451 0.627451 0.643137
v 7.11211 -29.4601 0.12 0.627451 0.627451 0.643137
v 7.11211 -29.4601 0.01 0.627451 0.627451 0.643137
v 7.08279 -29.3984 0.12 0.627451 0.627451 0.643137
v 7.08279 -29.3984 0.01 0.627451 0.627451 0.643137
v 7.05774 -29.3349 0.12 0.627451 0.627451 0.643137
v 7.05774 -29.3349 0.01 0.627451 0.627451 0.643137
v 7.03708 -29.2698 0.12 0.627451 0.627451 0.643137
v 7.03708 -29.2698 0.01 0.627451 0.627451 0.643137
v 7.02092 -29.2035 0.12 0.627451 0.627451 0.643137
v 7.02092 -29.2035 0.01 0.627451 0.627451 0.643137
v 7.00931 -29.1362 0.12 0.627451 0.627451 0.643137
v 7.00931 -29.1362 0.01 0.627451 0.627451 0.643137
v 7.00233 -29.0682 0.12 0.627451 0.627451 0.643137
v 7.00233 -29.0682 0.01 0.627451 0.627451 0.643137
v 7 -29 0.12 0.627451 0.627451 0.643137
v 7 -29 0.01 0.627451 0.627451 0.643137
v 7 -2 0.12 0.627451 0.627451 0.643137
v 7 -2 0.01 0.627451 0.627451 0.643137
v 7.00956 -1.71798 0.12 0.627451 0.627451 0.643137
v 7.00956 -1.71798 0.01 0.627451 0.627451 0.643137
v 7.03818 -1.43725 0.12 0.627451 0.627451 0.643137
v 7.03818 -1.43725 0.01 0.627451 0.627451 0.643137
v 7.08573 -1.1591 0.12 0.627451 0.627451 0.643137
v 7.08573 -1.1591 0.01 0.627451 0.627451 0.643137
v 7.15201 -0.884813 0.12 0.627451 0.627451 0.643137
v 7.15201 -0.884813 0.01 0.627451 0.627451 0.643137
v 7.2367 -0.615638 0.12 0.627451 0.627451 0.643137
v 7.2367 -0.615638 0.01 0.627451 0.627451 0.643137
v 7.33941 -0.352812 0.12 0.627451 0.627451 0.643137
v 7.33941 -0.352812 0.01 0.627451 0.627451 0.643137
v 7.45968 -0.0975411 0.12 0.627451 0.627451 0.643137
v 7.45968 -0.0975411 0.01 0.627451 0.627451 0.643137
v 7.59695 0.149004 0.12 0.627451 0.627451 0.643137
v 7.59695 0.149004 0.01 0.627451 0.627451 0.643137
v 7.75059 0.385693 0.12 0.627451 0.627451 0.643137
v 7.75059 0.385693 0.01 0.627451 0.627451 0.643137
v 7.9199 0.61144 0.12 0.627451 0.627451 0.643137
v 7.9199 0.61144 0.01 0.627451 0.627451 0.643137
v 8.1041 0.825209 0.12 0.627451 0.627451 0.643137
v 8.1041 0.825209 0.01 0.627451 0.627451 0.643137
v 8.30235 1.02602 0.12 0.627451 0.627451 0.643137
v 8.30235 1.02602 0.01 0.627451 0.627451 0.643137
v 8.51373 1.21295 0.12 0.627451 0.627451 0.643137
v 8.51373 1.21295 0.01 0.627451 0.627451 0.643137
v 8.73729 1.38515 0.12 0.627451 0.627451 0.643137
v 8.73729 1.38515 0.01 0.627451 0.627451 0.643137
v 8.97198 1.54182 0.12 0.627451 0.627451 0.643137
v 8.97198 1.54182 0.01 0.627451 0.627451 0.643137
v 9.21675 1.68224 0.12 0.627451 0.627451 0.643137
v 9.21675 1.68224 0.01 0.627451 0.627451 0.643137
v 9.47045 1.80578 0.12 0.627451 0.627451 0.643137
v 9.47045 1.80578 0.01 0.627451 0.627451 0.643137
v 9.73193 1.91186 0.12 0.627451 0.627451 0.643137
v 9.73193 1.91186 0.01 0.627451 0.627451 0.643137
v 10 2 0.12 0.627451 0.627451 0.643137
v 10 2 0.01 0.627451 0.627451 0.643137
v 17.3621 1.94749 0.01 0.627451 0.627451 0.643137
v 24.7108 2.39294 0.01 0.627451 0.627451 0.643137
v 17.3621 1.94749 0.12 0.627451 0.627451 0.643137
v 32.0127 3.33432 0.01 0.627451 0.627451 0.643137
v 24.7108 2.39294 0.12 0.627451 0.627451 0.643137
v 39.2341 4.7673 0.01 0.627451 0.627451 0.643137
v 32.0127 3.33432 0.12 0.627451 0.627451 0.643137
v 46.3421 6.68534 0.01 0.627451 0.627451 0.643137
v 39.2341 4.7673 0.12 0.627451 0.627451 0.643137
v 53.3042 9.07965 0.01 0.627451 0.627451 0.643137
v 46.3421 6.68534 0.12 0.627451 0.627451 0.643137
v 60.0884 11.9393 0.01 0.627451 0.627451 0.643137
v 53.3042 9.07965 0.12 0.627451 0.627451 0.643137
v 66.6637 15.2511 0.01 0.627451 0.627451 0.643137
v 60.0884 11.9393 0.12 0.627451 0.627451 0.643137
v 73 19 0.01 0.627451 0.627451 0.643137
v 66.6637 15.2511 0.12 0.627451 0.627451 0.643137
v 73 19 0.12 0.627451 0.627451 0.643137
v 73.3456 19.2044 0.12 0.627451 0.627451 0.643137
v 73.3456 19.2044 0.01 0.627451 0.627451 0.643137
v 73.7044 19.3849 0.12 0.627451 0.627451 0.643137
v 73.7044 19.3849 0.01 0.627451 0.627451 0.643137
v 74.0745 19.5405 0.12 0.627451 0.627451 0.643137
v 74.0745 19.5405 0.01 0.627451 0.627451 0.643137
v 74.4544 19.6707 0.12 0.627451 0.627451 0.643137
v 74.4544 19.6707 0.01 0.627451 0.627451 0.643137
v 74.8423 19.7747 0.12 0.627451 0.627451 0.643137
v 74.8423 19.7747 0.01 0.627451 0.627451 0.643137
v 75.2363 19.8521 0.12 0.627451 0.627451 0.643137
v 75.2363 19.8521 0.01 0.627451 0.627451 0.643137
v 75.6347 19.9025 0.12 0.627451 0.627451 0.643137
v 75.6347 19.9025 0.01 0.627451 0.627451 0.643137
v 76.0356 19.9258 0.12 0.627451 0.627451 0.643137
v 76.0356 19.9258 0.01 0.627451 0.627451 0.643137
v 76.4372 19.9217 0.12 0.627451 0.627451 0.643137
v 76.4372 19.9217 0.01 0.627451 0.627451 0.643137
v 76.8375 19.8904 0.12 0.627451 0.627451 0.643137
v 76.8375 19.8904 0.01 0.627451 0.627451 0.643137
v 77.2348 19.8319 0.12 0.627451 0.627451 0.643137
v 77.2348 19.8319 0.01 0.627451 0.627451 0.643137
v 77.6272 19.7466 0.12 0.627451 0.627451 0.643137
v 77.6272 19.7466 0.01 0.627451 0.627451 0.643137
v 78.0129 19.6347 0.12 0.627451 0.627451 0.643137
v 78.0129 19.6347 0.01 0.627451 0.627451 0.643137
v 78.39 19.497 0.12 0.627451 0.627451 0.643137
v 78.39 19.497 0.01 0.627451 0.627451 0.643137
v 78.757 19.3339 0.12 0.627451 0.627451 0.643137
v 78.757 19.3339 0.01 0.627451 0.627451 0.643137
v 79.112 19.1462 0.12 0.627451 0.627451 0.643137
v 79.112 19.1462 0.01 0.627451 0.627451 0.643137
v 79.4535 18.9349 0.12 0.627451 0.627451 0.643137
v 79.4535 18.9349 0.01 0.627451 0.627451 0.643137
v 79.7798 18.7008 0.12 0.627451 0.627451 0.643137
v 79.7798 18.7008 0.01 0.627451 0.627451 0.643137
v 80.0894 18.4451 0.12 0.627451 0.627451 0.643137
v 80.0894 18.4451 0.01 0.627451 0.627451 0.643137
v 80.3809 18.1689 0.12 0.627451 0.627451 0.643137
v 80.3809 18.1689 0.01 0.627451 0.627451 0.643137
v 80.653 17.8736 0.12 0.627451 0.627451 0.643137
v 80.653 17.8736 0.01 0.627451 0.627451 0.643137
v 80.9044 17.5604 0.12 0.627451 0.627451 0.643137
v 80.9044 17.5604 0.01 0.627451 0.627451 0.643137
v 81.1339 17.2309 0.12 0.627451 0.627451 0.643137
v 81.1339 17.2309 0.01 0.627451 0.627451 0.643137
v 81.3405 16.8866 0.12 0.627451 0.627451 0.643137
v 81.3405 16.8866 0.01 0.627451 0.627451 0.643137
v 81.5232 16.529 0.12 0.627451 0.627451 0.643137
v 81.5232 16.529 0.01 0.627451 0.627451 0.643137
v 81.6812 16.1598 0.12 0.627451 0.627451 0.643137
v 81.6812 16.1598 0.01 0.627451 0.627451 0.643137
v 81.8137 15.7807 0.12 0.627451 0.627451 0.643137
v 81.8137 15.7807 0.01 0.627451 0.627451 0.643137
v 81.9201 15.3935 0.12 0.627451 0.627451 0.643137
v 81.9201 15.3935 0.01 0.627451 0.627451 0.643137
v 82 15 0.12 0.627451 0.627451 0.643137
v 82 15 0.01 0.627451 0.627451 0.643137
v 88.9929 -26.674 0.12 0.627451 0.627451 0.643137
v 88.9929 -26.674 0.01 0.627451 0.627451 0.643137
v 89.0031 -27.0146 0.12 0.627451 0.627451 0.643137
v 89.0031 -27.0146 0.01 0.627451 0.627451 0.643137
v 88.9902 -27.3552 0.12 0.627451 0.627451 0.643137
v 88.9902 -27.3552 0.01 0.627451 0.627451 0.643137
v 88.9541 -27.6941 0.12 0.627451 0.627451 0.643137
v 88.9541 -27.6941 0.01 0.627451 0.627451 0.643137
v 88.895 -28.0298 0.12 0.627451 0.627451 0.643137
v 88.895 -28.0298 0.01 0.627451 0.627451 0.643137
v 88.8133 -28.3606 0.12 0.627451 0.627451 0.643137
v 88.8133 -28.3606 0.01 0.627451 0.627451 0.643137
v 88.7092 -28.6852 0.12 0.627451 0.627451 0.643137
v 88.7092 -28.6852 0.01 0.627451 0.627451 0.643137
v 88.5832 -29.0019 0.12 0.627451 0.627451 0.643137
v 88.5832 -29.0019 0.01 0.627451 0.627451 0.643137
v 88.436 -29.3093 0.12 0.627451 0.627451 0.643137
v 88.436 -29.3093 0.01 0.627451 0.627451 0.643137
v 88.2682 -29.6059 0.12 0.627451 0.627451 0.643137
v 88.2682 -29.6059 0.01 0.627451 0.627451 0.643137
v 88.0806 -29.8905 0.12 0.627451 0.627451 0.643137
v 88.0806 -29.8905 0.01 0.627451 0.627451 0.643137
v 87.8741 -30.1616 0.12 0.627451 0.627451 0.643137
v 87.8741 -30.1616 0.01 0.627451 0.627451 0.643137
v 87.6496 -30.418 0.12 0.627451 0.627451 0.643137
v 87.6496 -30.418 0.01 0.627451 0.627451 0.643137
v 87.4082 -30.6586 0.12 0.627451 0.627451 0.643137
v 87.4082 -30.6586 0.01 0.627451 0.627451 0.643137
v 87.1509 -30.8822 0.12 0.627451 0.627451 0.643137
v 87.1509 -30.8822 0.01 0.627451 0.627451 0.643137
v 86.8791 -31.0877 0.12 0.627451 0.627451 0.643137
v 86.8791 -31.0877 0.01 0.627451 0.627451 0.643137
v 86.5939 -31.2743 0.12 0.627451 0.627451 0.643137
v 86.5939 -31.2743 0.01 0.627451 0.627451 0.643137
v 86.2966 -31.441 0.12 0.627451 0.627451 0.643137
v 86.2966 -31.441 0.01 0.627451 0.627451 0.643137
v 85.9887 -31.5871 0.12 0.627451 0.627451 0.643137
v 85.9887 -31.5871 0.01 0.627451 0.627451 0.643137
v 85.6716 -31.712 0.12 0.627451 0.627451 0.643137
v 85.6716 -31.712 0.01 0.627451 0.627451 0.643137
v 85.3467 -31.8149 0.12 0.627451 0.627451 0.643137
v 85.3467 -31.8149 0.01 0.627451 0.627451 0.643137
v 85.0155 -31.8955 0.12 0.627451 0.627451 0.643137
v 85.0155 -31.8955 0.01 0.627451 0.627451 0.643137
v 84.6796 -31.9534 0.12 0.627451 0.627451 0.643137
v 84.6796 -31.9534 0.01 0.627451 0.627451 0.643137
v 84.3406 -31.9883 0.12 0.627451 0.627451 0.643137
v 84.3406 -31.9883 0.01 0.627451 0.627451 0.643137
v 84 -32 0.12 0.627451 0.627451 0.643137
v 84 -32 0.01 0.627451 0.627451 0.643137
v -58 -76 0.12 0.627451 0.627451 0.643137
v -58 -76 0.01 0.627451 0.627451 0.643137
v 62 -76 0.01 0.627451 0.627451 0.643137
v 62 -76 0.12 0.627451 0.627451 0.643137
v -58.1174 -76.0178 0.12 0.627451 0.627451 0.643137
v -58.1174 -76.0178 0.01 0.627451 0.627451 0.643137
v -58.2358 -76.0274 0.12 0.627451 0.627451 0.643137
v -58.2358 -76.0274 0.01 0.627451 0.627451 0.643137
v -58.3546 -76.0288 0.12 0.627451 0.627451 0.643137
v -58.3546 -76.0288 0.01 0.627451 0.627451 0.643137
v -58.4732 -76.0219 0.12 0.627451 0.627451 0.643137
v -58.4732 -76.0219 0.01 0.627451 0.627451 0.643137
v -58.591 -76.0069 0.12 0.627451 0.627451 0.643137
v -58.591 -76.0069 0.01 0.627451 0.627451 0.643137
v -58.7075 -75.9837 0.12 0.627451 0.627451 0.643137
v -58.7075 -75.9837 0.01 0.627451 0.627451 0.643137
v -58.8221 -75.9526 0.12 0.627451 0.627451 0.643137
v -58.8221 -75.9526 0.01 0.627451 0.627451 0.643137
v -58.9343 -75.9135 0.12 0.627451 0.627451 0.643137
v -58.9343 -75.9135 0.01 0.627451 0.627451 0.643137
v -59.0435 -75.8668 0.12 0.627451 0.627451 0.643137
v -59.0435 -75.8668 0.01 0.627451 0.627451 0.643137
v -59.1492 -75.8126 0.12 0.627451 0.627451 0.643137
v -59.1492 -75.8126 0.01 0.627451 0.627451 0.643137
v -59.2509 -75.7513 0.12 0.627451 0.627451 0.643137
v -59.2509 -75.7513 0.01 0.627451 0.627451 0.643137
v -59.3481 -75.683 0.12 0.627451 0.627451 0.643137
v -59.3481 -75.683 0.01 0.627451 0.627451 0.643137
v -59.4403 -75.6082 0.12 0.627451 0.627451 0.643137
v -59.4403 -75.6082 0.01 0.627451 0.627451 0.643137
v -59.5272 -75.5272 0.12 0.627451 0.627451 0.643137
v -59.5272 -75.5272 0.01 0.627451 0.627451 0.643137
v -59.6082 -75.4403 0.12 0.627451 0.627451 0.643137
v -59.6082 -75.4403 0.01 0.627451 0.627451 0.643137
v -59.683 -75.3481 0.12 0.627451 0.627451 0.643137
v -59.683 -75.3481 0.01 0.627451 0.627451 0.643137
v -59.7513 -75.2509 0.12 0.627451 0.627451 0.643137
v -59.7513 -75.2509 0.01 0.627451 0.627451 0.643137
v -59.8126 -75.1492 0.12 0.627451 0.627451 0.643137
v -59.8126 -75.1492 0.01 0.627451 0.627451 0.643137
v -59.8668 -75.0435 0.12 0.627451 0.627451 0.643137
v -59.8668 -75.0435 0.01 0.627451 0.627451 0.643137
v -59.9135 -74.9343 0.12 0.627451 0.627451 0.643137
v -59.9135 -74.9343 0.01 0.627451 0.627451 0.643137
v -59.9526 -74.8221 0.12 0.627451 0.627451 0.643137
v -59.9526 -74.8221 0.01 0.627451 0.627451 0.643137
v -59.9837 -74.7075 0.12 0.627451 0.627451 0.643137
v -59.9837 -74.7075 0.01 0.627451 0.627451 0.643137
v -60.0069 -74.591 0.12 0.627451 0.627451 0.643137
v -60.0069 -74.591 0.01 0.627451 0.627451 0.643137
v -60.0219 -74.4732 0.12 0.627451 0.627451 0.643137
v -60.0219 -74.4732 0.01 0.627451 0.627451 0.643137
v -60.0288 -74.3546 0.12 0.627451 0.627451 0.643137
v -60.0288 -74.3546 0.01 0.627451 0.627451 0.643137
v -60.0274 -74.2358 0.12 0.627451 0.627451 0.643137
v -60.0274 -74.2358 0.01 0.627451 0.627451 0.643137
v -60.0178 -74.1174 0.12 0.627451 0.627451 0.643137
v -60.0178 -74.1174 0.01 0.627451 0.627451 0.643137
v -60 -74 0.12 0.627451 0.627451 0.643137
v -60 -74 0.01 0.627451 0.627451 0.643137
v -61 -42 0.01 0.627451 0.627451 0.643137
v -61 -42 0.12 0.627451 0.627451 0.643137
v -60.9953 -41.8635 0.12 0.627451 0.627451 0.643137
v -60.9953 -41.8635 0.01 0.627451 0.627451 0.643137
v -60.9814 -41.7277 0.12 0.627451 0.627451 0.643137
v -60.9814 -41.7277 0.01 0.627451 0.627451 0.643137
v -60.9582 -41.5931 0.12 0.627451 0.627451 0.643137
v -60.9582 -41.5931 0.01 0.627451 0.627451 0.643137
v -60.9258 -41.4604 0.12 0.627451 0.627451 0.643137
v -60.9258 -41.4604 0.01 0.627451 0.627451 0.643137
v -60.8845 -41.3302 0.12 0.627451 0.627451 0.643137
v -60.8845 -41.3302 0.01 0.627451 0.627451 0.643137
v -60.8344 -41.2032 0.12 0.627451 0.627451 0.643137
v -60.8344 -41.2032 0.01 0.627451 0.627451 0.643137
v -60.7758 -41.0799 0.12 0.627451 0.627451 0.643137
v -60.7758 -41.0799 0.01 0.627451 0.627451 0.643137
v -60.7088 -40.9608 0.12 0.627451 0.627451 0.643137
v -60.7088 -40.9608 0.01 0.627451 0.627451 0.643137
v -60.6339 -40.8466 0.12 0.627451 0.627451 0.643137
v -60.6339 -40.8466 0.01 0.627451 0.627451 0.643137
v -60.5514 -40.7378 0.12 0.627451 0.627451 0.643137
v -60.5514 -40.7378 0.01 0.627451 0.627451 0.643137
v -60.4617 -40.6349 0.12 0.627451 0.627451 0.643137
v -60.4617 -40.6349 0.01 0.627451 0.627451 0.643137
v -60.3651 -40.5383 0.12 0.627451 0.627451 0.643137
v -60.3651 -40.5383 0.01 0.627451 0.627451 0.643137
v -60.2622 -40.4486 0.12 0.627451 0.627451 0.643137
v -60.2622 -40.4486 0.01 0.627451 0.627451 0.643137
v -60.1534 -40.3661 0.12 0.627451 0.627451 0.643137
v -60.1534 -40.3661 0.01 0.627451 0.627451 0.643137
v -60.0392 -40.2912 0.12 0.627451 0.627451 0.643137
v -60.0392 -40.2912 0.01 0.627451 0.627451 0.643137
v -59.9201 -40.2242 0.12 0.627451 0.627451 0.643137
v -59.9201 -40.2242 0.01 0.627451 0.627451 0.643137
v -59.7968 -40.1656 0.12 0.627451 0.627451 0.643137
v -59.7968 -40.1656 0.01 0.627451 0.627451 0.643137
v -59.6698 -40.1155 0.12 0.627451 0.627451 0.643137
v -59.6698 -40.1155 0.01 0.627451 0.627451 0.643137
v -59.5396 -40.0742 0.12 0.627451 0.627451 0.643137
v -59.5396 -40.0742 0.01 0.627451 0.627451 0.643137
v -59.4069 -40.0418 0.12 0.627451 0.627451 0.643137
v -59.4069 -40.0418 0.01 0.627451 0.627451 0.643137
v -59.2723 -40.0186 0.12 0.627451 0.627451 0.643137
v -59.2723 -40.0186 0.01 0.627451 0.627451 0.643137
v -59.1365 -40.0047 0.12 0.627451 0.627451 0.643137
v -59.1365 -40.0047 0.01 0.627451 0.627451 0.643137
v -59 -40 0.12 0.627451 0.627451 0.643137
v -59 -40 0.01 0.627451 0.627451 0.643137
v 61 -40 0.12 0.627451 0.627451 0.643137
v 61 -40 0.01 0.627451 0.627451 0.643137
v 61.2246 -40.0078 0.12 0.627451 0.627451 0.643137
v 61.2246 -40.0078 0.01 0.627451 0.627451 0.643137
v 61.4482 -40.0311 0.12 0.627451 0.627451 0.643137
v 61.4482 -40.0311 0.01 0.627451 0.627451 0.643137
v 61.6696 -40.0697 0.12 0.627451 0.627451 0.643137
v 61.6696 -40.0697 0.01 0.627451 0.627451 0.643137
v 61.8879 -40.1236 0.12 0.627451 0.627451 0.643137
v 61.8879 -40.1236 0.01 0.627451 0.627451 0.643137
v 62.1018 -40.1925 0.12 0.627451 0.627451 0.643137
v 62.1018 -40.1925 0.01 0.627451 0.627451 0.643137
v 62.3105 -40.276 0.12 0.627451 0.627451 0.643137
v 62.3105 -40.276 0.01 0.627451 0.627451 0.643137
v 62.513 -40.3737 0.12 0.627451 0.627451 0.643137
v 62.513 -40.3737 0.01 0.627451 0.627451 0.643137
v 62.7082 -40.4851 0.12 0.627451 0.627451 0.643137
v 62.7082 -40.4851 0.01 0.627451 0.627451 0.643137
v 62.8952 -40.6098 0.12 0.627451 0.627451 0.643137
v 62.8952 -40.6098 0.01 0.627451 0.627451 0.643137
v 63.0732 -40.7471 0.12 0.627451 0.627451 0.643137
v 63.0732 -40.7471 0.01 0.627451 0.627451 0.643137
v 63.2412 -40.8964 0.12 0.627451 0.627451 0.643137
v 63.2412 -40.8964 0.01 0.627451 0.627451 0.643137
v 63.3985 -41.0569 0.12 0.627451 0.627451 0.643137
v 63.3985 -41.0569 0.01 0.627451 0.627451 0.643137
v 63.5444 -41.228 0.12 0.627451 0.627451 0.643137
v 63.5444 -41.228 0.01 0.627451 0.627451 0.643137
v 63.6781 -41.4087 0.12 0.627451 0.627451 0.643137
v 63.6781 -41.4087 0.01 0.627451 0.627451 0.643137
v 63.7989 -41.5982 0.12 0.627451 0.627451 0.643137
v 63.7989 -41.5982 0.01 0.627451 0.627451 0.643137
v 63.9064 -41.7956 0.12 0.627451 0.627451 0.643137
v 63.9064 -41.7956 0.01 0.627451 0.627451 0.643137
v 64 -42 0.12 0.627451 0.627451 0.643137
v 64 -42 0.01 0.627451 0.627451 0.643137
v 65 -74 0.12 0.627451 0.627451 0.643137
v 65 -74 0.01 0.627451 0.627451 0.643137
v 64.9152 -74.1955 0.12 0.627451 0.627451 0.643137
v 64.9152 -74.1955 0.01 0.627451 0.627451 0.643137
v 64.8174 -74.3849 0.12 0.627451 0.627451 0.643137
v 64.8174 -74.3849 0.01 0.627451 0.627451 0.643137
v 64.7071 -74.5673 0.12 0.627451 0.627451 0.643137
v 64.7071 -74.5673 0.01 0.627451 0.627451 0.643137
v 64.5847 -74.7417 0.12 0.627451 0.627451 0.643137
v 64.5847 -74.7417 0.01 0.627451 0.627451 0.643137
v 64.4508 -74.9076 0.12 0.627451 0.627451 0.643137
v 64.4508 -74.9076 0.01 0.627451 0.627451 0.643137
v 64.306 -75.064 0.12 0.627451 0.627451 0.643137
v 64.306 -75.064 0.01 0.627451 0.627451 0.643137
v 64.1511 -75.2103 0.12 0.627451 0.627451 0.643137
v 64.1511 -75.2103 0.01 0.627451 0.627451 0.643137
v 63.9866 -75.3459 0.12 0.627451 0.627451 0.643137
v 63.9866 -75.3459 0.01 0.627451 0.627451 0.643137
v 63.8133 -75.47 0.12 0.627451 0.627451 0.643137
v 63.8133 -75.47 0.01 0.627451 0.627451 0.643137
v 63.6321 -75.5822 0.12 0.627451 0.627451 0.643137
v 63.6321 -75.5822 0.01 0.627451 0.627451 0.643137
v 63.4437 -75.6819 0.12 0.627451 0.627451 0.643137
v 63.4437 -75.6819 0.01 0.627451 0.627451 0.643137
v 63.2491 -75.7687 0.12 0.627451 0.627451 0.643137
v 63.2491 -75.7687 0.01 0.627451 0.627451 0.643137
v 63.049 -75.8421 0.12 0.627451 0.627451 0.643137
v 63.049 -75.8421 0.01 0.627451 0.627451 0.643137
v 62.8444 -75.9019 0.12 0.627451 0.627451 0.643137
v 62.8444 -75.9019 0.01 0.627451 0.627451 0.643137
v 62.6363 -75.9478 0.12 0.627451 0.627451 0.643137
v 62.6363 -75.9478 0.01 0.627451 0.627451 0.643137
v 62.4255 -75.9795 0.12 0.627451 0.627451 0.643137
v 62.4255 -75.9795 0.01 0.627451 0.627451 0.643137
v 62.2131 -75.9969 0.12 0.627451 0.627451 0.643137
v 62.2131 -75.9969 0.01 0.627451 0.627451 0.643137
v 85.5069 48.7629 0.12 0.627451 0.627451 0.643137
v 85.5069 48.7629 0.01 0.627451 0.627451 0.643137
v 94.6126 62.6071 0.01 0.627451 0.627451 0.643137
v 94.6126 62.6071 0.12 0.627451 0.627451 0.643137
v 93.3229 69.0555 0.01 0.627451 0.627451 0.643137
v 93.3229 69.0555 0.12 0.627451 0.627451 0.643137
v 93.5741 68.9396 0.12 0.627451 0.627451 0.643137
v 93.5741 68.9396 0.01 0.627451 0.627451 0.643137
v 93.8166 68.8064 0.12 0.627451 0.627451 0.643137
v 93.8166 68.8064 0.01 0.627451 0.627451 0.643137
v 94.0493 68.6567 0.12 0.627451 0.627451 0.643137
v 94.0493 68.6567 0.01 0.627451 0.627451 0.643137
v 94.271 68.4911 0.12 0.627451 0.627451 0.643137
v 94.271 68.4911 0.01 0.627451 0.627451 0.643137
v 94.4806 68.3105 0.12 0.627451 0.627451 0.643137
v 94.4806 68.3105 0.01 0.627451 0.627451 0.643137
v 94.6771 68.1157 0.12 0.627451 0.627451 0.643137
v 94.6771 68.1157 0.01 0.627451 0.627451 0.643137
v 94.8595 67.9077 0.12 0.627451 0.627451 0.643137
v 94.8595 67.9077 0.01 0.627451 0.627451 0.643137
v 95.0271 67.6875 0.12 0.627451 0.627451 0.643137
v 95.0271 67.6875 0.01 0.627451 0.627451 0.643137
v 95.1788 67.4562 0.12 0.627451 0.627451 0.643137
v 95.1788 67.4562 0.01 0.627451 0.627451 0.643137
v 95.3142 67.2149 0.12 0.627451 0.627451 0.643137
v 95.3142 67.2149 0.01 0.627451 0.627451 0.643137
v 95.4323 66.9647 0.12 0.627451 0.627451 0.643137
v 95.4323 66.9647 0.01 0.627451 0.627451 0.643137
v 95.5328 66.7069 0.12 0.627451 0.627451 0.643137
v 95.5328 66.7069 0.01 0.627451 0.627451 0.643137
v 95.6151 66.4428 0.12 0.627451 0.627451 0.643137
v 95.6151 66.4428 0.01 0.627451 0.627451 0.643137
v 95.6788 66.1735 0.12 0.627451 0.627451 0.643137
v 95.6788 66.1735 0.01 0.627451 0.627451 0.643137
v 95.7235 65.9005 0.12 0.627451 0.627451 0.643137
v 95.7235 65.9005 0.01 0.627451 0.627451 0.643137
v 95.7492 65.625 0.12 0.627451 0.627451 0.643137
v 95.7492 65.625 0.01 0.627451 0.627451 0.643137
v 95.7556 65.3484 0.12 0.627451 0.627451 0.643137
v 95.7556 65.3484 0.01 0.627451 0.627451 0.643137
v 95.7427 65.072 0.12 0.627451 0.627451 0.643137
v 95.7427 65.072 0.01 0.627451 0.627451 0.643137
v 95.7106 64.7972 0.12 0.627451 0.627451 0.643137
v 95.7106 64.7972 0.01 0.627451 0.627451 0.643137
v 95.6595 64.5253 0.12 0.627451 0.627451 0.643137
v 95.6595 64.5253 0.01 0.627451 0.627451 0.643137
v 95.5895 64.2576 0.12 0.627451 0.627451 0.643137
v 95.5895 64.2576 0.01 0.627451 0.627451 0.643137
v 95.5011 63.9955 0.12 0.627451 0.627451 0.643137
v 95.5011 63.9955 0.01 0.627451 0.627451 0.643137
v 95.3946 63.7401 0.12 0.627451 0.627451 0.643137
v 95.3946 63.7401 0.01 0.627451 0.627451 0.643137
v 95.2706 63.4928 0.12 0.627451 0.627451 0.643137
v 95.2706 63.4928 0.01 0.627451 0.627451 0.643137
v 95.1297 63.2547 0.12 0.627451 0.627451 0.643137
v 95.1297 63.2547 0.01 0.627451 0.627451 0.643137
v 94.9725 63.027 0.12 0.627451 0.627451 0.643137
v 94.9725 63.027 0.01 0.627451 0.627451 0.643137
v 94.7999 62.8108 0.12 0.627451 0.627451 0.643137
v 94.7999 62.8108 0.01 0.627451 0.627451 0.643137
v -85.8971 68.4798 0.01 0.627451 0.627451 0.643137
v -85.8971 68.4798 0.12 0.627451 0.627451 0.643137
v -66.4536 74.0919 0.12 0.627451 0.627451 0.643137
v -66.4536 74.0919 0.01 0.627451 0.627451 0.643137
v -46.6675 78.3412 0.12 0.627451 0.627451 0.643137
v -46.6675 78.3412 0.01 0.627451 0.627451 0.643137
v -26.6343 81.2074 0.12 0.627451 0.627451 0.643137
v -26.6343 81.2074 0.01 0.627451 0.627451 0.643137
v -6.45042 82.6765 0.12 0.627451 0.627451 0.643137
v -6.45042 82.6765 0.01 0.627451 0.627451 0.643137
v 13.7867 82.7415 0.12 0.627451 0.627451 0.643137
v 13.7867 82.7415 0.01 0.627451 0.627451 0.643137
v 33.9796 81.4021 0.12 0.627451 0.627451 0.643137
v 33.9796 81.4021 0.01 0.627451 0.627451 0.643137
v 54.0308 78.6647 0.12 0.627451 0.627451 0.643137
v 54.0308 78.6647 0.01 0.627451 0.627451 0.643137
v 73.8438 74.5426 0.12 0.627451 0.627451 0.643137
v 73.8438 74.5426 0.01 0.627451 0.627451 0.643137
v -88.5219 62.6071 0.01 0.627451 0.627451 0.643137
v -88.5219 62.6071 0.12 0.627451 0.627451 0.643137
v -88.6338 62.8875 0.12 0.627451 0.627451 0.643137
v -88.6338 62.8875 0.01 0.627451 0.627451 0.643137
v -88.7259 63.1749 0.12 0.627451 0.627451 0.643137
v -88.7259 63.1749 0.01 0.627451 0.627451 0.643137
v -88.7978 63.468 0.12 0.627451 0.627451 0.643137
v -88.7978 63.468 0.01 0.627451 0.627451 0.643137
v -88.8491 63.7655 0.12 0.627451 0.627451 0.643137
v -88.8491 63.7655 0.01 0.627451 0.627451 0.643137
v -88.8797 64.0657 0.12 0.627451 0.627451 0.643137
v -88.8797 64.0657 0.01 0.627451 0.627451 0.643137
v -88.8893 64.3674 0.12 0.627451 0.627451 0.643137
v -88.8893 64.3674 0.01 0.627451 0.627451 0.643137
v -88.8779 64.669 0.12 0.627451 0.627451 0.643137
v -88.8779 64.669 0.01 0.627451 0.627451 0.643137
v -88.8456 64.9691 0.12 0.627451 0.627451 0.643137
v -88.8456 64.9691 0.01 0.627451 0.627451 0.643137
v -88.7925 65.2662 0.12 0.627451 0.627451 0.643137
v -88.7925 65.2662 0.01 0.627451 0.627451 0.643137
v -88.7189 65.5589 0.12 0.627451 0.627451 0.643137
v -88.7189 65.5589 0.01 0.627451 0.627451 0.643137
v -88.6251 65.8458 0.12 0.627451 0.627451 0.643137
v -88.6251 65.8458 0.01 0.627451 0.627451 0.643137
v -88.5116 66.1255 0.12 0.627451 0.627451 0.643137
v -88.5116 66.1255 0.01 0.627451 0.627451 0.643137
v -88.3789 66.3966 0.12 0.627451 0.627451 0.643137
v -88.3789 66.3966 0.01 0.627451 0.627451 0.643137
v -88.2277 66.6578 0.12 0.627451 0.627451 0.643137
v -88.2277 66.6578 0.01 0.627451 0.627451 0.643137
v -88.0587 66.9079 0.12 0.627451 0.627451 0.643137
v -88.0587 66.9079 0.01 0.627451 0.627451 0.643137
v -87.8728 67.1456 0.12 0.627451 0.627451 0.643137
v -87.8728 67.1456 0.01 0.627451 0.627451 0.643137
v -87.6708 67.3698 0.12 0.627451 0.627451 0.643137
v -87.6708 67.3698 0.01 0.627451 0.627451 0.643137
v -87.4536 67.5795 0.12 0.627451 0.627451 0.643137
v -87.4536 67.5795 0.01 0.627451 0.627451 0.643137
v -87.2225 67.7735 0.12 0.627451 0.627451 0.643137
v -87.2225 67.7735 0.01 0.627451 0.627451 0.643137
v -86.9784 67.9511 0.12 0.627451 0.627451 0.643137
v -86.9784 67.9511 0.01 0.627451 0.627451 0.643137
v -86.7225 68.1112 0.12 0.627451 0.627451 0.643137
v -86.7225 68.1112 0.01 0.627451 0.627451 0.643137
v -86.4561 68.2531 0.12 0.627451 0.627451 0.643137
v -86.4561 68.2531 0.01 0.627451 0.627451 0.643137
v -86.1806 68.3762 0.12 0.627451 0.627451 0.643137
v -86.1806 68.3762 0.01 0.627451 0.627451 0.643137
v -78.8536 46.9168 0.01 0.627451 0.627451 0.643137
v -78.8536 46.9168 0.12 0.627451 0.627451 0.643137
v -71.7561 44.5516 0.01 0.627451 0.627451 0.643137
v -71.7561 44.5516 0.12 0.627451 0.627451 0.643137
v -72.1198 44.4153 0.12 0.627451 0.627451 0.643137
v -72.1198 44.4153 0.01 0.627451 0.627451 0.643137
v -72.4919 44.3041 0.12 0.627451 0.627451 0.643137
v -72.4919 44.3041 0.01 0.627451 0.627451 0.643137
v -72.8707 44.2183 0.12 0.627451 0.627451 0.643137
v -72.8707 44.2183 0.01 0.627451 0.627451 0.643137
v -73.2544 44.1586 0.12 0.627451 0.627451 0.643137
v -73.2544 44.1586 0.01 0.627451 0.627451 0.643137
v -73.6413 44.125 0.12 0.627451 0.627451 0.643137
v -73.6413 44.125 0.01 0.627451 0.627451 0.643137
v -74.0296 44.1179 0.12 0.627451 0.627451 0.643137
v -74.0296 44.1179 0.01 0.627451 0.627451 0.643137
v -74.4175 44.1371 0.12 0.627451 0.627451 0.643137
v -74.4175 44.1371 0.01 0.627451 0.627451 0.643137
v -74.8032 44.1827 0.12 0.627451 0.627451 0.643137
v -74.8032 44.1827 0.01 0.627451 0.627451 0.643137
v -75.1849 44.2543 0.12 0.627451 0.627451 0.643137
v -75.1849 44.2543 0.01 0.627451 0.627451 0.643137
v -75.5608 44.3518 0.12 0.627451 0.627451 0.643137
v -75.5608 44.3518 0.01 0.627451 0.627451 0.643137
v -75.9293 44.4746 0.12 0.627451 0.627451 0.643137
v -75.9293 44.4746 0.01 0.627451 0.627451 0.643137
v -76.2885 44.6221 0.12 0.627451 0.627451 0.643137
v -76.2885 44.6221 0.01 0.627451 0.627451 0.643137
v -76.6369 44.7938 0.12 0.627451 0.627451 0.643137
v -76.6369 44.7938 0.01 0.627451 0.627451 0.643137
v -76.9729 44.9887 0.12 0.627451 0.627451 0.643137
v -76.9729 44.9887 0.01 0.627451 0.627451 0.643137
v -77.2948 45.2059 0.12 0.627451 0.627451 0.643137
v -77.2948 45.2059 0.01 0.627451 0.627451 0.643137
v -77.6011 45.4446 0.12 0.627451 0.627451 0.643137
v -77.6011 45.4446 0.01 0.627451 0.627451 0.643137
v -77.8906 45.7035 0.12 0.627451 0.627451 0.643137
v -77.8906 45.7035 0.01 0.627451 0.627451 0.643137
v -78.1618 45.9816 0.12 0.627451 0.627451 0.643137
v -78.1618 45.9816 0.01 0.627451 0.627451 0.643137
v -78.4134 46.2774 0.12 0.627451 0.627451 0.643137
v -78.4134 46.2774 0.01 0.627451 0.627451 0.643137
v -78.6444 46.5896 0.12 0.627451 0.627451 0.643137
v -78.6444 46.5896 0.01 0.627451 0.627451 0.643137
v 59.7581 49.9287 0.01 0.627451 0.627451 0.643137
v 71.2532 45.7889 0.01 0.627451 0.627451 0.643137
v 71.2532 45.7889 0.12 0.627451 0.627451 0.643137
v 48.0203 53.3199 0.01 0.627451 0.627451 0.643137
v 59.7581 49.9287 0.12 0.627451 0.627451 0.643137
v 36.0886 55.9483 0.01 0.627451 0.627451 0.643137
v 48.0203 53.3199 0.12 0.627451 0.627451 0.643137
v 24.0124 57.8032 0.01 0.627451 0.627451 0.643137
v 36.0886 55.9483 0.12 0.627451 0.627451 0.643137
v 11.8419 58.8768 0.01 0.627451 0.627451 0.643137
v 24.0124 57.8032 0.12 0.627451 0.627451 0.643137
v -0.372539 59.1646 0.01 0.627451 0.627451 0.643137
v 11.8419 58.8768 0.12 0.627451 0.627451 0.643137
v -12.5802 58.6655 0.01 0.627451 0.627451 0.643137
v -0.372539 59.1646 0.12 0.627451 0.627451 0.643137
v -24.7303 57.3815 0.01 0.627451 0.627451 0.643137
v -12.5802 58.6655 0.12 0.627451 0.627451 0.643137
v -36.7726 55.318 0.01 0.627451 0.627451 0.643137
v -24.7303 57.3815 0.12 0.627451 0.627451 0.643137
v -48.6571 52.4834 0.01 0.627451 0.627451 0.643137
v -36.7726 55.318 0.12 0.627451 0.627451 0.643137
v -60.3344 48.8897 0.01 0.627451 0.627451 0.643137
v -48.6571 52.4834 0.12 0.627451 0.627451 0.643137
v -60.3344 48.8897 0.12 0.627451 0.627451 0.643137
v 85.1011 48.1893 0.12 0.627451 0.627451 0.643137
v 85.1011 48.1893 0.01 0.627451 0.627451 0.643137
v 84.6571 47.6447 0.12 0.627451 0.627451 0.643137
v 84.6571 47.6447 0.01 0.627451 0.627451 0.643137
v 84.1771 47.1316 0.12 0.627451 0.627451 0.643137
v 84.1771 47.1316 0.01 0.627451 0.627451 0.643137
v 83.6633 46.6523 0.12 0.627451 0.627451 0.643137
v 83.6633 46.6523 0.01 0.627451 0.627451 0.643137
v 83.118 46.2092 0.12 0.627451 0.627451 0.643137
v 83.118 46.2092 0.01 0.627451 0.627451 0.643137
v 82.5439 45.8041 0.12 0.627451 0.627451 0.643137
v 82.5439 45.8041 0.01 0.627451 0.627451 0.643137
v 81.9435 45.4391 0.12 0.627451 0.627451 0.643137
v 81.9435 45.4391 0.01 0.627451 0.627451 0.643137
v 81.3197 45.1158 0.12 0.627451 0.627451 0.643137
v 81.3197 45.1158 0.01 0.627451 0.627451 0.643137
v 80.6753 44.8357 0.12 0.627451 0.627451 0.643137
v 80.6753 44.8357 0.01 0.627451 0.627451 0.643137
v 80.0133 44.6001 0.12 0.627451 0.627451 0.643137
v 80.0133 44.6001 0.01 0.627451 0.627451 0.643137
v 79.3369 44.4101 0.12 0.627451 0.627451 0.643137
v 79.3369 44.4101 0.01 0.627451 0.627451 0.643137
v 78.649 44.2666 0.12 0.627451 0.627451 0.643137
v 78.649 44.2666 0.01 0.627451 0.627451 0.643137
v 77.953 44.1702 0.12 0.627451 0.627451 0.643137
v 77.953 44.1702 0.01 0.627451 0.627451 0.643137
v 77.2521 44.1215 0.12 0.627451 0.627451 0.643137
v 77.2521 44.1215 0.01 0.627451 0.627451 0.643137
v 76.5495 44.1205 0.12 0.627451 0.627451 0.643137
v 76.5495 44.1205 0.01 0.627451 0.627451 0.643137
v 75.8484 44.1674 0.12 0.627451 0.627451 0.643137
v 75.8484 44.1674 0.01 0.627451 0.627451 0.643137
v 75.1522 44.2619 0.12 0.627451 0.627451 0.643137
v 75.1522 44.2619 0.01 0.627451 0.627451 0.643137
v 74.4639 44.4035 0.12 0.627451 0.627451 0.643137
v 74.4639 44.4035 0.01 0.627451 0.627451 0.643137
v 73.787 44.5917 0.12 0.627451 0.627451 0.643137
v 73.787 44.5917 0.01 0.627451 0.627451 0.643137
v 73.1244 44.8255 0.12 0.627451 0.627451 0.643137
v 73.1244 44.8255 0.01 0.627451 0.627451 0.643137
v 72.4792 45.1039 0.12 0.627451 0.627451 0.643137
v 72.4792 45.1039 0.01 0.627451 0.627451 0.643137
v 71.8545 45.4255 0.12 0.627451 0.627451 0.643137
v 71.8545 45.4255 0.01 0.627451 0.627451 0.643137
v -3 -29 0.01 0.627451 0.627451 0.643137
v -3 -29 0.12 0.627451 0.627451 0.643137
v -3.00357 -29.1063 0.12 0.627451 0.627451 0.643137
v -3.00357 -29.1063 0.01 0.627451 0.627451 0.643137
v -3.01427 -29.2121 0.12 0.627451 0.627451 0.643137
v -3.01427 -29.2121 0.01 0.627451 0.627451 0.643137
v -3.03205 -29.3169 0.12 0.627451 0.627451 0.643137
v -3.03205 -29.3169 0.01 0.627451 0.627451 0.643137
v -3.05683 -29.4203 0.12 0.627451 0.627451 0.643137
v -3.05683 -29.4203 0.01 0.627451 0.627451 0.643137
v -3.0885 -29.5218 0.12 0.627451 0.627451 0.643137
v -3.0885 -29.5218 0.01 0.627451 0.627451 0.643137
v -3.12692 -29.621 0.12 0.627451 0.627451 0.643137
v -3.12692 -29.621 0.01 0.627451 0.627451 0.643137
v -3.1719 -29.7173 0.12 0.627451 0.627451 0.643137
v -3.1719 -29.7173 0.01 0.627451 0.627451 0.643137
v -3.22326 -29.8105 0.12 0.627451 0.627451 0.643137
v -3.22326 -29.8105 0.01 0.627451 0.627451 0.643137
v -3.28075 -29.8999 0.12 0.627451 0.627451 0.643137
v -3.28075 -29.8999 0.01 0.627451 0.627451 0.643137
v -3.34411 -29.9853 0.12 0.627451 0.627451 0.643137
v -3.34411 -29.9853 0.01 0.627451 0.627451 0.643137
v -3.41307 -30.0662 0.12 0.627451 0.627451 0.643137
v -3.41307 -30.0662 0.01 0.627451 0.627451 0.643137
v -3.48731 -30.1424 0.12 0.627451 0.627451 0.643137
v -3.48731 -30.1424 0.01 0.627451 0.627451 0.643137
v -3.5665 -30.2133 0.12 0.627451 0.627451 0.643137
v -3.5665 -30.2133 0.01 0.627451 0.627451 0.643137
v -3.65027 -30.2788 0.12 0.627451 0.627451 0.643137
v -3.65027 -30.2788 0.01 0.627451 0.627451 0.643137
v -3.73825 -30.3386 0.12 0.627451 0.627451 0.643137
v -3.73825 -30.3386 0.01 0.627451 0.627451 0.643137
v -3.83004 -30.3923 0.12 0.627451 0.627451 0.643137
v -3.83004 -30.3923 0.01 0.627451 0.627451 0.643137
v -3.92523 -30.4396 0.12 0.627451 0.627451 0.643137
v -3.92523 -30.4396 0.01 0.627451 0.627451 0.643137
v -4.02338 -30.4805 0.12 0.627451 0.627451 0.643137
v -4.02338 -30.4805 0.01 0.627451 0.627451 0.643137
v -4.12407 -30.5148 0.12 0.627451 0.627451 0.643137
v -4.12407 -30.5148 0.01 0.627451 0.627451 0.643137
v -4.22682 -30.5421 0.12 0.627451 0.627451 0.643137
v -4.22682 -30.5421 0.01 0.627451 0.627451 0.643137
v -4.33118 -30.5625 0.12 0.627451 0.627451 0.643137
v -4.33118 -30.5625 0.01 0.627451 0.627451 0.643137
v -4.43667 -30.5759 0.12 0.627451 0.627451 0.643137
v -4.43667 -30.5759 0.01 0.627451 0.627451 0.643137
v -4.54282 -30.5822 0.12 0.627451 0.627451 0.643137
v -4.54282 -30.5822 0.01 0.627451 0.627451 0.643137
v -4.64915 -30.5813 0.12 0.627451 0.627451 0.643137
v -4.64915 -30.5813 0.01 0.627451 0.627451 0.643137
v -79.2213 -30.5813 0.01 0.627451 0.627451 0.643137
v -79.2213 -30.5813 0.12 0.627451 0.627451 0.643137
v -79.4756 -30.6957 0.12 0.627451 0.627451 0.643137
v -79.4756 -30.6957 0.01 0.627451 0.627451 0.643137
v -79.7371 -30.7924 0.12 0.627451 0.627451 0.643137
v -79.7371 -30.7924 0.01 0.627451 0.627451 0.643137
v -80.0046 -30.8711 0.12 0.627451 0.627451 0.643137
v -80.0046 -30.8711 0.01 0.627451 0.627451 0.643137
v -80.2768 -30.9314 0.12 0.627451 0.627451 0.643137
v -80.2768 -30.9314 0.01 0.627451 0.627451 0.643137
v -80.5526 -30.9729 0.12 0.627451 0.627451 0.643137
v -80.5526 -30.9729 0.01 0.627451 0.627451 0.643137
v -80.8305 -30.9955 0.12 0.627451 0.627451 0.643137
v -80.8305 -30.9955 0.01 0.627451 0.627451 0.643137
v -81.1093 -30.9991 0.12 0.627451 0.627451 0.643137
v -81.1093 -30.9991 0.01 0.627451 0.627451 0.643137
v -81.3877 -30.9837 0.12 0.627451 0.627451 0.643137
v -81.3877 -30.9837 0.01 0.627451 0.627451 0.643137
v -81.6644 -30.9493 0.12 0.627451 0.627451 0.643137
v -81.6644 -30.9493 0.01 0.627451 0.627451 0.643137
v -81.9381 -30.896 0.12 0.627451 0.627451 0.643137
v -81.9381 -30.896 0.01 0.627451 0.627451 0.643137
v -82.2076 -30.8242 0.12 0.627451 0.627451 0.643137
v -82.2076 -30.8242 0.01 0.627451 0.627451 0.643137
v -82.4715 -30.7342 0.12 0.627451 0.627451 0.643137
v -82.4715 -30.7342 0.01 0.627451 0.627451 0.643137
v -82.7286 -30.6264 0.12 0.627451 0.627451 0.643137
v -82.7286 -30.6264 0.01 0.627451 0.627451 0.643137
v -82.9778 -30.5013 0.12 0.627451 0.627451 0.643137
v -82.9778 -30.5013 0.01 0.627451 0.627451 0.643137
v -83.2178 -30.3594 0.12 0.627451 0.627451 0.643137
v -83.2178 -30.3594 0.01 0.627451 0.627451 0.643137
v -83.4477 -30.2015 0.12 0.627451 0.627451 0.643137
v -83.4477 -30.2015 0.01 0.627451 0.627451 0.643137
v -83.6662 -30.0283 0.12 0.627451 0.627451 0.643137
v -83.6662 -30.0283 0.01 0.627451 0.627451 0.643137
v -83.8723 -29.8405 0.12 0.627451 0.627451 0.643137
v -83.8723 -29.8405 0.01 0.627451 0.627451 0.643137
v -84.0652 -29.6392 0.12 0.627451 0.627451 0.643137
v -84.0652 -29.6392 0.01 0.627451 0.627451 0.643137
v -84.2439 -29.4251 0.12 0.627451 0.627451 0.643137
v -84.2439 -29.4251 0.01 0.627451 0.627451 0.643137
v -84.4075 -29.1993 0.12 0.627451 0.627451 0.643137
v -84.4075 -29.1993 0.01 0.627451 0.627451 0.643137
v -84.5554 -28.9629 0.12 0.627451 0.627451 0.643137
v -84.5554 -28.9629 0.01 0.627451 0.627451 0.643137
v -84.6867 -28.717 0.12 0.627451 0.627451 0.643137
v -84.6867 -28.717 0.01 0.627451 0.627451 0.643137
v -84.801 -28.4626 0.12 0.627451 0.627451 0.643137
v -84.801 -28.4626 0.01 0.627451 0.627451 0.643137
v -84.8976 -28.2011 0.12 0.627451 0.627451 0.643137
v -84.8976 -28.2011 0.01 0.627451 0.627451 0.643137
v -84.9762 -27.9335 0.12 0.627451 0.627451 0.643137
v -84.9762 -27.9335 0.01 0.627451 0.627451 0.643137
v -85.0363 -27.6613 0.12 0.627451 0.627451 0.643137
v -85.0363 -27.6613 0.01 0.627451 0.627451 0.643137
v -85.0777 -27.3855 0.12 0.627451 0.627451 0.643137
v -85.0777 -27.3855 0.01 0.627451 0.627451 0.643137
v -85.1001 -27.1076 0.12 0.627451 0.627451 0.643137
v -85.1001 -27.1076 0.01 0.627451 0.627451 0.643137
v -85.1036 -26.8288 0.12 0.627451 0.627451 0.643137
v -85.1036 -26.8288 0.01 0.627451 0.627451 0.643137
v -85.088 -26.5504 0.12 0.627451 0.627451 0.643137
v -85.088 -26.5504 0.01 0.627451 0.627451 0.643137
v -85.0534 -26.2737 0.12 0.627451 0.627451 0.643137
v -85.0534 -26.2737 0.01 0.627451 0.627451 0.643137
v -85 -26 0.12 0.627451 0.627451 0.643137
v -85 -26 0.01 0.627451 0.627451 0.643137
v -76 13 0.12 0.627451 0.627451 0.643137
v -76 13 0.01 0.627451 0.627451 0.643137
v -75.9 13.4701 0.12 0.627451 0.627451 0.643137
v -75.9 13.4701 0.01 0.627451 0.627451 0.643137
v -75.7679 13.9323 0.12 0.627451 0.627451 0.643137
v -75.7679 13.9323 0.01 0.627451 0.627451 0.643137
v -75.6041 14.3842 0.12 0.627451 0.627451 0.643137
v -75.6041 14.3842 0.01 0.627451 0.627451 0.643137
v -75.4096 14.8237 0.12 0.627451 0.627451 0.643137
v -75.4096 14.8237 0.01 0.627451 0.627451 0.643137
v -75.1852 15.2488 0.12 0.627451 0.627451 0.643137
v -75.1852 15.2488 0.01 0.627451 0.627451 0.643137
v -74.9321 15.6573 0.12 0.627451 0.627451 0.643137
v -74.9321 15.6573 0.01 0.627451 0.627451 0.643137
v -74.6513 16.0475 0.12 0.627451 0.627451 0.643137
v -74.6513 16.0475 0.01 0.627451 0.627451 0.643137
v -74.3443 16.4173 0.12 0.627451 0.627451 0.643137
v -74.3443 16.4173 0.01 0.627451 0.627451 0.643137
v -74.0125 16.7651 0.12 0.627451 0.627451 0.643137
v -74.0125 16.7651 0.01 0.627451 0.627451 0.643137
v -73.6575 17.0891 0.12 0.627451 0.627451 0.643137
v -73.6575 17.0891 0.01 0.627451 0.627451 0.643137
v -73.281 17.3879 0.12 0.627451 0.627451 0.643137
v -73.281 17.3879 0.01 0.627451 0.627451 0.643137
v -72.8848 17.66 0.12 0.627451 0.627451 0.643137
v -72.8848 17.66 0.01 0.627451 0.627451 0.643137
v -72.4707 17.9041 0.12 0.627451 0.627451 0.643137
v -72.4707 17.9041 0.01 0.627451 0.627451 0.643137
v -72.0408 18.119 0.12 0.627451 0.627451 0.643137
v -72.0408 18.119 0.01 0.627451 0.627451 0.643137
v -71.5971 18.3038 0.12 0.627451 0.627451 0.643137
v -71.5971 18.3038 0.01 0.627451 0.627451 0.643137
v -71.1417 18.4575 0.12 0.627451 0.627451 0.643137
v -71.1417 18.4575 0.01 0.627451 0.627451 0.643137
v -70.6768 18.5795 0.12 0.627451 0.627451 0.643137
v -70.6768 18.5795 0.01 0.627451 0.627451 0.643137
v -70.2045 18.669 0.12 0.627451 0.627451 0.643137
v -70.2045 18.669 0.01 0.627451 0.627451 0.643137
v -69.7273 18.7258 0.12 0.627451 0.627451 0.643137
v -69.7273 18.7258 0.01 0.627451 0.627451 0.643137
v -69.2472 18.7495 0.12 0.627451 0.627451 0.643137
v -69.2472 18.7495 0.01 0.627451 0.627451 0.643137
v -68.7666 18.7401 0.12 0.627451 0.627451 0.643137
v -68.7666 18.7401 0.01 0.627451 0.627451 0.643137
v -68.2879 18.6975 0.12 0.627451 0.627451 0.643137
v -68.2879 18.6975 0.01 0.627451 0.627451 0.643137
v -67.8132 18.6219 0.12 0.627451 0.627451 0.643137
v -67.8132 18.6219 0.01 0.627451 0.627451 0.643137
v -67.3449 18.5138 0.12 0.627451 0.627451 0.643137
v -67.3449 18.5138 0.01 0.627451 0.627451 0.643137
v -66.8851 18.3737 0.12 0.627451 0.627451 0.643137
v -66.8851 18.3737 0.01 0.627451 0.627451 0.643137
v -66.4361 18.2021 0.12 0.627451 0.627451 0.643137
v -66.4361 18.2021 0.01 0.627451 0.627451 0.643137
v -66 18 0.12 0.627451 0.627451 0.643137
v -66 18 0.01 0.627451 0.627451 0.643137
v -17.0147 2.95337 0.12 0.627451 0.627451 0.643137
v -6.76291 1.99297 0.12 0.627451 0.627451 0.643137
v -6.76291 1.99297 0.01 0.627451 0.627451 0.643137
v -27.1772 4.6102 0.12 0.627451 0.627451 0.643137
v -17.0147 2.95337 0.01 0.627451 0.627451 0.643137
v -37.2031 6.95576 0.12 0.627451 0.627451 0.643137
v -27.1772 4.6102 0.01 0.627451 0.627451 0.643137
v -47.0459 9.97913 0.12 0.627451 0.627451 0.643137
v -37.2031 6.95576 0.01 0.627451 0.627451 0.643137
v -56.6598 13.6663 0.12 0.627451 0.627451 0.643137
v -47.0459 9.97913 0.01 0.627451 0.627451 0.643137
v -56.6598 13.6663 0.01 0.627451 0.627451 0.643137
v -3 -2 0.12 0.627451 0.627451 0.643137
v -3 -2 0.01 0.627451 0.627451 0.643137
v -3.00944 -1.7254 0.01 0.627451 0.627451 0.643137
v -3.00944 -1.7254 0.12 0.627451 0.627451 0.643137
v -3.0377 -1.4521 0.01 0.627451 0.627451 0.643137
v -3.0377 -1.4521 0.12 0.627451 0.627451 0.643137
v -3.08466 -1.18138 0.01 0.627451 0.627451 0.643137
v -3.08466 -1.18138 0.12 0.627451 0.627451 0.643137
v -3.1501 -0.91452 0.01 0.627451 0.627451 0.643137
v -3.1501 -0.91452 0.12 0.627451 0.627451 0.643137
v -3.2337 -0.652785 0.01 0.627451 0.627451 0.643137
v -3.2337 -0.652785 0.12 0.627451 0.627451 0.643137
v -3.33507 -0.397407 0.01 0.627451 0.627451 0.643137
v -3.33507 -0.397407 0.12 0.627451 0.627451 0.643137
v -3.45374 -0.149591 0.01 0.627451 0.627451 0.643137
v -3.45374 -0.149591 0.12 0.627451 0.627451 0.643137
v -3.58913 0.0894948 0.01 0.627451 0.627451 0.643137
v -3.58913 0.0894948 0.12 0.627451 0.627451 0.643137
v -3.74062 0.318721 0.01 0.627451 0.627451 0.643137
v -3.74062 0.318721 0.12 0.627451 0.627451 0.643137
v -3.90749 0.537007 0.01 0.627451 0.627451 0.643137
v -3.90749 0.537007 0.12 0.627451 0.627451 0.643137
v -4.08896 0.743322 0.01 0.627451 0.627451 0.643137
v -4.08896 0.743322 0.12 0.627451 0.627451 0.643137
v -4.28415 0.936694 0.01 0.627451 0.627451 0.643137
v -4.28415 0.936694 0.12 0.627451 0.627451 0.643137
v -4.49216 1.11621 0.01 0.627451 0.627451 0.643137
v -4.49216 1.11621 0.12 0.627451 0.627451 0.643137
v -4.71201 1.28102 0.01 0.627451 0.627451 0.643137
v -4.71201 1.28102 0.12 0.627451 0.627451 0.643137
v -4.94265 1.43035 0.01 0.627451 0.627451 0.643137
v -4.94265 1.43035 0.12 0.627451 0.627451 0.643137
v -5.18299 1.56349 0.01 0.627451 0.627451 0.643137
v -5.18299 1.56349 0.12 0.627451 0.627451 0.643137
v -5.43191 1.67982 0.01 0.627451 0.627451 0.643137
v -5.43191 1.67982 0.12 0.627451 0.627451 0.643137
v -5.68823 1.77879 0.01 0.627451 0.627451 0.643137
v -5.68823 1.77879 0.12 0.627451 0.627451 0.643137
v -5.95074 1.85993 0.01 0.627451 0.627451 0.643137
v -5.95074 1.85993 0.12 0.627451 0.627451 0.643137
v -6.2182 1.92286 0.01 0.627451 0.627451 0.643137
v -6.2182 1.92286 0.12 0.627451 0.627451 0.643137
v -6.48935 1.96727 0.01 0.627451 0.627451 0.643137
v -6.48935 1.96727 0.12 0.627451 0.627451 0.643137
v 70.8132 23.4775 0.01 0.627451 0.627451 0.643137
v 70.8132 23.4775 0.12 0.627451 0.627451 0.643137
v 62.3073 19.2859 0.12 0.627451 0.627451 0.643137
v 62.3073 19.2859 0.01 0.627451 0.627451 0.643137
v 53.5456 15.6593 0.12 0.627451 0.627451 0.643137
v 53.5456 15.6593 0.01 0.627451 0.627451 0.643137
v 44.5657 12.613 0.12 0.627451 0.627451 0.643137
v 44.5657 12.613 0.01 0.627451 0.627451 0.643137
v 35.4058 10.1603 0.12 0.627451 0.627451 0.643137
v 35.4058 10.1603 0.01 0.627451 0.627451 0.643137
v 26.1052 8.31144 0.12 0.627451 0.627451 0.643137
v 26.1052 8.31144 0.01 0.627451 0.627451 0.643137
v 16.7036 7.07448 0.12 0.627451 0.627451 0.643137
v 16.7036 7.07448 0.01 0.627451 0.627451 0.643137
v 7.24129 6.45468 0.12 0.627451 0.627451 0.643137
v 7.24129 6.45468 0.01 0.627451 0.627451 0.643137
v -2.24129 6.45468 0.12 0.627451 0.627451 0.643137
v -2.24129 6.45468 0.01 0.627451 0.627451 0.643137
v -11.7036 7.07448 0.12 0.627451 0.627451 0.643137
v -11.7036 7.07448 0.01 0.627451 0.627451 0.643137
v -21.1052 8.31144 0.12 0.627451 0.627451 0.643137
v -21.1052 8.31144 0.01 0.627451 0.627451 0.643137
v -30.4058 10.1603 0.12 0.627451 0.627451 0.643137
v -30.4058 10.1603 0.01 0.627451 0.627451 0.643137
v -39.5657 12.613 0.12 0.627451 0.627451 0.643137
v -39.5657 12.613 0.01 0.627451 0.627451 0.643137
v -48.5456 15.6593 0.12 0.627451 0.627451 0.643137
v -48.5456 15.6593 0.01 0.627451 0.627451 0.643137
v -57.3073 19.2859 0.12 0.627451 0.627451 0.643137
v -57.3073 19.2859 0.01 0.627451 0.627451 0.643137
v -65.8132 23.4775 0.12 0.627451 0.627451 0.643137
v -65.8132 23.4775 0.01 0.627451 0.627451 0.643137
v -66.1856 23.6935 0.12 0.627451 0.627451 0.643137
v -66.1856 23.6935 0.01 0.627451 0.627451 0.643137
v -66.5421 23.9348 0.12 0.627451 0.627451 0.643137
v -66.5421 23.9348 0.01 0.627451 0.627451 0.643137
v -66.8809 24.2004 0.12 0.627451 0.627451 0.643137
v -66.8809 24.2004 0.01 0.627451 0.627451 0.643137
v -67.2005 24.4889 0.12 0.627451 0.627451 0.643137
v -67.2005 24.4889 0.01 0.627451 0.627451 0.643137
v -67.4991 24.799 0.12 0.627451 0.627451 0.643137
v -67.4991 24.799 0.01 0.627451 0.627451 0.643137
v -67.7754 25.1291 0.12 0.627451 0.627451 0.643137
v -67.7754 25.1291 0.01 0.627451 0.627451 0.643137
v -68.0281 25.4777 0.12 0.627451 0.627451 0.643137
v -68.0281 25.4777 0.01 0.627451 0.627451 0.643137
v -68.2559 25.843 0.12 0.627451 0.627451 0.643137
v -68.2559 25.843 0.01 0.627451 0.627451 0.643137
v -68.4577 26.2233 0.12 0.627451 0.627451 0.643137
v -68.4577 26.2233 0.01 0.627451 0.627451 0.643137
v -68.6325 26.6167 0.12 0.627451 0.627451 0.643137
v -68.6325 26.6167 0.01 0.627451 0.627451 0.643137
v -68.7795 27.0213 0.12 0.627451 0.627451 0.643137
v -68.7795 27.0213 0.01 0.627451 0.627451 0.643137
v -68.898 27.4352 0.12 0.627451 0.627451 0.643137
v -68.898 27.4352 0.01 0.627451 0.627451 0.643137
v -68.9873 27.8564 0.12 0.627451 0.627451 0.643137
v -68.9873 27.8564 0.01 0.627451 0.627451 0.643137
v -69.0471 28.2827 0.12 0.627451 0.627451 0.643137
v -69.0471 28.2827 0.01 0.627451 0.627451 0.643137
v -69.0771 28.7122 0.12 0.627451 0.627451 0.643137
v -69.0771 28.7122 0.01 0.627451 0.627451 0.643137
v -69.0771 29.1427 0.12 0.627451 0.627451 0.643137
v -69.0771 29.1427 0.01 0.627451 0.627451 0.643137
v -69.0471 29.5721 0.12 0.627451 0.627451 0.643137
v -69.0471 29.5721 0.01 0.627451 0.627451 0.643137
v -68.9873 29.9985 0.12 0.627451 0.627451 0.643137
v -68.9873 29.9985 0.01 0.627451 0.627451 0.643137
v -68.898 30.4196 0.12 0.627451 0.627451 0.643137
v -68.898 30.4196 0.01 0.627451 0.627451 0.643137
v -68.7795 30.8335 0.12 0.627451 0.627451 0.643137
v -68.7795 30.8335 0.01 0.627451 0.627451 0.643137
v -68.6325 31.2381 0.12 0.627451 0.627451 0.643137
v -68.6325 31.2381 0.01 0.627451 0.627451 0.643137
v -68.4577 31.6315 0.12 0.627451 0.627451 0.643137
v -68.4577 31.6315 0.01 0.627451 0.627451 0.643137
v -68.2559 32.0118 0.12 0.627451 0.627451 0.643137
v -68.2559 32.0118 0.01 0.627451 0.627451 0.643137
v -68.0281 32.3772 0.12 0.627451 0.627451 0.643137
v -68.0281 32.3772 0.01 0.627451 0.627451 0.643137
v -67.7754 32.7257 0.12 0.627451 0.627451 0.643137
v -67.7754 32.7257 0.01 0.627451 0.627451 0.643137
v -67.4991 33.0558 0.12 0.627451 0.627451 0.643137
v -67.4991 33.0558 0.01 0.627451 0.627451 0.643137
v -67.2005 33.3659 0.12 0.627451 0.627451 0.643137
v -67.2005 33.3659 0.01 0.627451 0.627451 0.643137
v -66.8809 33.6545 0.12 0.627451 0.627451 0.643137
v -66.8809 33.6545 0.01 0.627451 0.627451 0.643137
v -66.5421 33.92 0.12 0.627451 0.627451 0.643137
v -66.5421 33.92 0.01 0.627451 0.627451 0.643137
v -66.1856 34.1614 0.12 0.627451 0.627451 0.643137
v -66.1856 34.1614 0.01 0.627451 0.627451 0.643137
v -65.8132 34.3773 0.12 0.627451 0.627451 0.643137
v -65.8132 34.3773 0.01 0.627451 0.627451 0.643137
v -58.3855 38.0333 0.12 0.627451 0.627451 0.643137
v -58.3855 38.0333 0.01 0.627451 0.627451 0.643137
v -50.7319 41.189 0.12 0.627451 0.627451 0.643137
v -50.7319 41.189 0.01 0.627451 0.627451 0.643137
v -42.886 43.8305 0.12 0.627451 0.627451 0.643137
v -42.886 43.8305 0.01 0.627451 0.627451 0.643137
v -34.8822 45.9462 0.12 0.627451 0.627451 0.643137
v -34.8822 45.9462 0.01 0.627451 0.627451 0.643137
v -26.7558 47.5267 0.12 0.627451 0.627451 0.643137
v -26.7558 47.5267 0.01 0.627451 0.627451 0.643137
v -18.5425 48.5652 0.12 0.627451 0.627451 0.643137
v -18.5425 48.5652 0.01 0.627451 0.627451 0.643137
v -10.2785 49.057 0.12 0.627451 0.627451 0.643137
v -10.2785 49.057 0.01 0.627451 0.627451 0.643137
v -2 49 0.12 0.627451 0.627451 0.643137
v -2 49 0.01 0.627451 0.627451 0.643137
v 12.6961 48.0292 0.12 0.627451 0.627451 0.643137
v 12.6961 48.0292 0.01 0.627451 0.627451 0.643137
v 27.3019 46.1344 0.12 0.627451 0.627451 0.643137
v 27.3019 46.1344 0.01 0.627451 0.627451 0.643137
v 41.7593 43.3233 0.12 0.627451 0.627451 0.643137
v 41.7593 43.3233 0.01 0.627451 0.627451 0.643137
v 56.0109 39.6069 0.12 0.627451 0.627451 0.643137
v 56.0109 39.6069 0.01 0.627451 0.627451 0.643137
v 70 35 0.12 0.627451 0.627451 0.643137
v 70 35 0.01 0.627451 0.627451 0.643137
v 70.4088 34.8346 0.12 0.627451 0.627451 0.643137
v 70.4088 34.8346 0.01 0.627451 0.627451 0.643137
v 70.8052 34.641 0.12 0.627451 0.627451 0.643137
v 70.8052 34.641 0.01 0.627451 0.627451 0.643137
v 71.187 34.4203 0.12 0.627451 0.627451 0.643137
v 71.187 34.4203 0.01 0.627451 0.627451 0.643137
v 71.5526 34.1736 0.12 0.627451 0.627451 0.643137
v 71.5526 34.1736 0.01 0.627451 0.627451 0.643137
v 71.9001 33.902 0.12 0.627451 0.627451 0.643137
v 71.9001 33.902 0.01 0.627451 0.627451 0.643137
v 72.2278 33.6068 0.12 0.627451 0.627451 0.643137
v 72.2278 33.6068 0.01 0.627451 0.627451 0.643137
v 72.5341 33.2895 0.12 0.627451 0.627451 0.643137
v 72.5341 33.2895 0.01 0.627451 0.627451 0.643137
v 72.8176 32.9516 0.12 0.627451 0.627451 0.643137
v 72.8176 32.9516 0.01 0.627451 0.627451 0.643137
v 73.0769 32.5948 0.12 0.627451 0.627451 0.643137
v 73.0769 32.5948 0.01 0.627451 0.627451 0.643137
v 73.3107 32.2208 0.12 0.627451 0.627451 0.643137
v 73.3107 32.2208 0.01 0.627451 0.627451 0.643137
v 73.5178 31.8314 0.12 0.627451 0.627451 0.643137
v 73.5178 31.8314 0.01 0.627451 0.627451 0.643137
v 73.6973 31.4286 0.12 0.627451 0.627451 0.643137
v 73.6973 31.4286 0.01 0.627451 0.627451 0.643137
v 73.8483 31.0142 0.12 0.627451 0.627451 0.643137
v 73.8483 31.0142 0.01 0.627451 0.627451 0.643137
v 73.97 30.5902 0.12 0.627451 0.627451 0.643137
v 73.97 30.5902 0.01 0.627451 0.627451 0.643137
v 74.0619 30.1589 0.12 0.627451 0.627451 0.643137
v 74.0619 30.1589 0.01 0.627451 0.627451 0.643137
v 74.1236 29.7222 0.12 0.627451 0.627451 0.643137
v 74.1236 29.7222 0.01 0.627451 0.627451 0.643137
v 74.1546 29.2822 0.12 0.627451 0.627451 0.643137
v 74.1546 29.2822 0.01 0.627451 0.627451 0.643137
v 74.1549 28.8412 0.12 0.627451 0.627451 0.643137
v 74.1549 28.8412 0.01 0.627451 0.627451 0.643137
v 74.1245 28.4012 0.12 0.627451 0.627451 0.643137
v 74.1245 28.4012 0.01 0.627451 0.627451 0.643137
v 74.0635 27.9643 0.12 0.627451 0.627451 0.643137
v 74.0635 27.9643 0.01 0.627451 0.627451 0.643137
v 73.9722 27.5328 0.12 0.627451 0.627451 0.643137
v 73.9722 27.5328 0.01 0.627451 0.627451 0.643137
v 73.8511 27.1088 0.12 0.627451 0.627451 0.643137
v 73.8511 27.1088 0.01 0.627451 0.627451 0.643137
v 73.7007 26.6941 0.12 0.627451 0.627451 0.643137
v 73.7007 26.6941 0.01 0.627451 0.627451 0.643137
v 73.5218 26.291 0.12 0.627451 0.627451 0.643137
v 73.5218 26.291 0.01 0.627451 0.627451 0.643137
v 73.3152 25.9013 0.12 0.627451 0.627451 0.643137
v 73.3152 25.9013 0.01 0.627451 0.627451 0.643137
v 73.082 25.527 0.12 0.627451 0.627451 0.643137
v 73.082 25.527 0.01 0.627451 0.627451 0.643137
v 72.8232 25.1698 0.12 0.627451 0.627451 0.643137
v 72.8232 25.1698 0.01 0.627451 0.627451 0.643137
v 72.5402 24.8315 0.12 0.627451 0.627451 0.643137
v 72.5402 24.8315 0.01 0.627451 0.627451 0.643137
v 72.2343 24.5138 0.12 0.627451 0.627451 0.643137
v 72.2343 24.5138 0.01 0.627451 0.627451 0.643137
v 71.907 24.2182 0.12 0.627451 0.627451 0.643137
v 71.907 24.2182 0.01 0.627451 0.627451 0.643137
v 71.5599 23.946 0.12 0.627451 0.627451 0.643137
v 71.5599 23.946 0.01 0.627451 0.627451 0.643137
v 71.1947 23.6988 0.12 0.627451 0.627451 0.643137
v 71.1947 23.6988 0.01 0.627451 0.627451 0.643137
v -98.5074 62.5501 0.01 0.627451 0.627451 0.643137
v -98.5074 62.5501 0 0.627451 0.627451 0.643137
v -82.3202 37.9279 0 0.627451 0.627451 0.643137
v -82.3202 37.9279 0.01 0.627451 0.627451 0.643137
v -98.7274 62.9106 0.01 0.627451 0.627451 0.643137
v -98.7274 62.9106 0 0.627451 0.627451 0.643137
v -98.9225 63.2852 0.01 0.627451 0.627451 0.643137
v -98.9225 63.2852 0 0.627451 0.627451 0.643137
v -99.0919 63.672 0.01 0.627451 0.627451 0.643137
v -99.0919 63.672 0 0.627451 0.627451 0.643137
v -99.2348 64.0694 0.01 0.627451 0.627451 0.643137
v -99.2348 64.0694 0 0.627451 0.627451 0.643137
v -99.3506 64.4755 0.01 0.627451 0.627451 0.643137
v -99.3506 64.4755 0 0.627451 0.627451 0.643137
v -99.4387 64.8886 0.01 0.627451 0.627451 0.643137
v -99.4387 64.8886 0 0.627451 0.627451 0.643137
v -99.4987 65.3066 0.01 0.627451 0.627451 0.643137
v -99.4987 65.3066 0 0.627451 0.627451 0.643137
v -99.5304 65.7277 0.01 0.627451 0.627451 0.643137
v -99.5304 65.7277 0 0.627451 0.627451 0.643137
v -99.5336 66.15 0.01 0.627451 0.627451 0.643137
v -99.5336 66.15 0 0.627451 0.627451 0.643137
v -99.5083 66.5716 0.01 0.627451 0.627451 0.643137
v -99.5083 66.5716 0 0.627451 0.627451 0.643137
v -99.4546 66.9904 0.01 0.627451 0.627451 0.643137
v -99.4546 66.9904 0 0.627451 0.627451 0.643137
v -99.3727 67.4047 0.01 0.627451 0.627451 0.643137
v -99.3727 67.4047 0 0.627451 0.627451 0.643137
v -99.2631 67.8126 0.01 0.627451 0.627451 0.643137
v -99.2631 67.8126 0 0.627451 0.627451 0.643137
v -99.1262 68.2121 0.01 0.627451 0.627451 0.643137
v -99.1262 68.2121 0 0.627451 0.627451 0.643137
v -98.9627 68.6015 0.01 0.627451 0.627451 0.643137
v -98.9627 68.6015 0 0.627451 0.627451 0.643137
v -98.7732 68.9789 0.01 0.627451 0.627451 0.643137
v -98.7732 68.9789 0 0.627451 0.627451 0.643137
v -98.5588 69.3427 0.01 0.627451 0.627451 0.643137
v -98.5588 69.3427 0 0.627451 0.627451 0.643137
v -98.3202 69.6912 0.01 0.627451 0.627451 0.643137
v -98.3202 69.6912 0 0.627451 0.627451 0.643137
v -98.0587 70.0228 0.01 0.627451 0.627451 0.643137
v -98.0587 70.0228 0 0.627451 0.627451 0.643137
v -97.7754 70.336 0.01 0.627451 0.627451 0.643137
v -97.7754 70.336 0 0.627451 0.627451 0.643137
v -97.4717 70.6294 0.01 0.627451 0.627451 0.643137
v -97.4717 70.6294 0 0.627451 0.627451 0.643137
v -97.1488 70.9016 0.01 0.627451 0.627451 0.643137
v -97.1488 70.9016 0 0.627451 0.627451 0.643137
v -96.8083 71.1514 0.01 0.627451 0.627451 0.643137
v -96.8083 71.1514 0 0.627451 0.627451 0.643137
v -96.4517 71.3776 0.01 0.627451 0.627451 0.643137
v -96.4517 71.3776 0 0.627451 0.627451 0.643137
v -96.0806 71.5793 0.01 0.627451 0.627451 0.643137
v -96.0806 71.5793 0 0.627451 0.627451 0.643137
v -95.6968 71.7555 0.01 0.627451 0.627451 0.643137
v -95.6968 71.7555 0 0.627451 0.627451 0.643137
v -95.302 71.9053 0.01 0.627451 0.627451 0.643137
v -95.302 71.9053 0 0.627451 0.627451 0.643137
v -74.1925 78.302 0.01 0.627451 0.627451 0.643137
v -74.1925 78.302 0 0.627451 0.627451 0.643137
v -52.6893 83.2152 0.01 0.627451 0.627451 0.643137
v -52.6893 83.2152 0 0.627451 0.627451 0.643137
v -30.8965 86.6212 0.01 0.627451 0.627451 0.643137
v -30.8965 86.6212 0 0.627451 0.627451 0.643137
v -8.91956 88.5035 0.01 0.627451 0.627451 0.643137
v -8.91956 88.5035 0 0.627451 0.627451 0.643137
v 13.135 88.8529 0.01 0.627451 0.627451 0.643137
v 13.135 88.8529 0 0.627451 0.627451 0.643137
v 35.1606 87.6679 0.01 0.627451 0.627451 0.643137
v 35.1606 87.6679 0 0.627451 0.627451 0.643137
v 57.0504 84.9541 0.01 0.627451 0.627451 0.643137
v 57.0504 84.9541 0 0.627451 0.627451 0.643137
v 78.6984 80.7246 0.01 0.627451 0.627451 0.643137
v 78.6984 80.7246 0 0.627451 0.627451 0.643137
v 100 75 0.01 0.627451 0.627451 0.643137
v 100 75 0 0.627451 0.627451 0.643137
v 100.611 74.79 0.01 0.627451 0.627451 0.643137
v 100.611 74.79 0 0.627451 0.627451 0.643137
v 101.207 74.5394 0.01 0.627451 0.627451 0.643137
v 101.207 74.5394 0 0.627451 0.627451 0.643137
v 101.784 74.2494 0.01 0.627451 0.627451 0.643137
v 101.784 74.2494 0 0.627451 0.627451 0.643137
v 102.341 73.9212 0.01 0.627451 0.627451 0.643137
v 102.341 73.9212 0 0.627451 0.627451 0.643137
v 102.874 73.5563 0.01 0.627451 0.627451 0.643137
v 102.874 73.5563 0 0.627451 0.627451 0.643137
v 103.381 73.1564 0.01 0.627451 0.627451 0.643137
v 103.381 73.1564 0 0.627451 0.627451 0.643137
v 103.861 72.7232 0.01 0.627451 0.627451 0.643137
v 103.861 72.7232 0 0.627451 0.627451 0.643137
v 104.31 72.2588 0.01 0.627451 0.627451 0.643137
v 104.31 72.2588 0 0.627451 0.627451 0.643137
v 104.727 71.7653 0.01 0.627451 0.627451 0.643137
v 104.727 71.7653 0 0.627451 0.627451 0.643137
v 105.11 71.2448 0.01 0.627451 0.627451 0.643137
v 105.11 71.2448 0 0.627451 0.627451 0.643137
v 105.457 70.6998 0.01 0.627451 0.627451 0.643137
v 105.457 70.6998 0 0.627451 0.627451 0.643137
v 105.767 70.1327 0.01 0.627451 0.627451 0.643137
v 105.767 70.1327 0 0.627451 0.627451 0.643137
v 106.037 69.546 0.01 0.627451 0.627451 0.643137
v 106.037 69.546 0 0.627451 0.627451 0.643137
v 106.268 68.9425 0.01 0.627451 0.627451 0.643137
v 106.268 68.9425 0 0.627451 0.627451 0.643137
v 106.458 68.3248 0.01 0.627451 0.627451 0.643137
v 106.458 68.3248 0 0.627451 0.627451 0.643137
v 106.605 67.6957 0.01 0.627451 0.627451 0.643137
v 106.605 67.6957 0 0.627451 0.627451 0.643137
v 106.71 67.0582 0.01 0.627451 0.627451 0.643137
v 106.71 67.0582 0 0.627451 0.627451 0.643137
v 106.772 66.4151 0.01 0.627451 0.627451 0.643137
v 106.772 66.4151 0 0.627451 0.627451 0.643137
v 106.791 65.7692 0.01 0.627451 0.627451 0.643137
v 106.791 65.7692 0 0.627451 0.627451 0.643137
v 106.766 65.1235 0.01 0.627451 0.627451 0.643137
v 106.766 65.1235 0 0.627451 0.627451 0.643137
v 106.698 64.481 0.01 0.627451 0.627451 0.643137
v 106.698 64.481 0 0.627451 0.627451 0.643137
v 106.586 63.8446 0.01 0.627451 0.627451 0.643137
v 106.586 63.8446 0 0.627451 0.627451 0.643137
v 106.432 63.217 0.01 0.627451 0.627451 0.643137
v 106.432 63.217 0 0.627451 0.627451 0.643137
v 106.237 62.6012 0.01 0.627451 0.627451 0.643137
v 106.237 62.6012 0 0.627451 0.627451 0.643137
v 106 62 0.01 0.627451 0.627451 0.643137
v 106 62 0 0.627451 0.627451 0.643137
v 88.8481 38.606 0.01 0.627451 0.627451 0.643137
v 88.8481 38.606 0 0.627451 0.627451 0.643137
v 88.611 38.258 0 0.627451 0.627451 0.643137
v 88.3984 37.8946 0 0.627451 0.627451 0.643137
v 88.611 38.258 0.01 0.627451 0.627451 0.643137
v 88.2114 37.5174 0 0.627451 0.627451 0.643137
v 88.3984 37.8946 0.01 0.627451 0.627451 0.643137
v 88.0508 37.1282 0 0.627451 0.627451 0.643137
v 88.2114 37.5174 0.01 0.627451 0.627451 0.643137
v 87.9173 36.7288 0 0.627451 0.627451 0.643137
v 88.0508 37.1282 0.01 0.627451 0.627451 0.643137
v 87.8117 36.3212 0 0.627451 0.627451 0.643137
v 87.9173 36.7288 0.01 0.627451 0.627451 0.643137
v 87.7344 35.9073 0 0.627451 0.627451 0.643137
v 87.8117 36.3212 0.01 0.627451 0.627451 0.643137
v 87.6858 35.4891 0 0.627451 0.627451 0.643137
v 87.7344 35.9073 0.01 0.627451 0.627451 0.643137
v 87.6661 35.0685 0 0.627451 0.627451 0.643137
v 87.6858 35.4891 0.01 0.627451 0.627451 0.643137
v 87.6755 34.6475 0 0.627451 0.627451 0.643137
v 87.6661 35.0685 0.01 0.627451 0.627451 0.643137
v 87.7138 34.2282 0 0.627451 0.627451 0.643137
v 87.6755 34.6475 0.01 0.627451 0.627451 0.643137
v 87.7809 33.8126 0 0.627451 0.627451 0.643137
v 87.7138 34.2282 0.01 0.627451 0.627451 0.643137
v 87.8764 33.4025 0 0.627451 0.627451 0.643137
v 87.7809 33.8126 0.01 0.627451 0.627451 0.643137
v 88 33 0 0.627451 0.627451 0.643137
v 87.8764 33.4025 0.01 0.627451 0.627451 0.643137
v 88 33 0.01 0.627451 0.627451 0.643137
v 96.3176 -32.5932 0.01 0.627451 0.627451 0.643137
v 96.3176 -32.5932 0 0.627451 0.627451 0.643137
v 96.3593 -33.0477 0.01 0.627451 0.627451 0.643137
v 96.3593 -33.0477 0 0.627451 0.627451 0.643137
v 96.3693 -33.5041 0.01 0.627451 0.627451 0.643137
v 96.3693 -33.5041 0 0.627451 0.627451 0.643137
v 96.3478 -33.96 0.01 0.627451 0.627451 0.643137
v 96.3478 -33.96 0 0.627451 0.627451 0.643137
v 96.2947 -34.4134 0.01 0.627451 0.627451 0.643137
v 96.2947 -34.4134 0 0.627451 0.627451 0.643137
v 96.2103 -34.8619 0.01 0.627451 0.627451 0.643137
v 96.2103 -34.8619 0 0.627451 0.627451 0.643137
v 96.095 -35.3036 0.01 0.627451 0.627451 0.643137
v 96.095 -35.3036 0 0.627451 0.627451 0.643137
v 95.9493 -35.7362 0.01 0.627451 0.627451 0.643137
v 95.9493 -35.7362 0 0.627451 0.627451 0.643137
v 95.7741 -36.1577 0.01 0.627451 0.627451 0.643137
v 95.7741 -36.1577 0 0.627451 0.627451 0.643137
v 95.57 -36.566 0.01 0.627451 0.627451 0.643137
v 95.57 -36.566 0 0.627451 0.627451 0.643137
v 95.3382 -36.9592 0.01 0.627451 0.627451 0.643137
v 95.3382 -36.9592 0 0.627451 0.627451 0.643137
v 95.0796 -37.3353 0.01 0.627451 0.627451 0.643137
v 95.0796 -37.3353 0 0.627451 0.627451 0.643137
v 94.7956 -37.6927 0.01 0.627451 0.627451 0.643137
v 94.7956 -37.6927 0 0.627451 0.627451 0.643137
v 94.4875 -38.0295 0.01 0.627451 0.627451 0.643137
v 94.4875 -38.0295 0 0.627451 0.627451 0.643137
v 94.1569 -38.3442 0.01 0.627451 0.627451 0.643137
v 94.1569 -38.3442 0 0.627451 0.627451 0.643137
v 93.8052 -38.6351 0.01 0.627451 0.627451 0.643137
v 93.8052 -38.6351 0 0.627451 0.627451 0.643137
v 93.4342 -38.901 0.01 0.627451 0.627451 0.643137
v 93.4342 -38.901 0 0.627451 0.627451 0.643137
v 93.0456 -39.1406 0.01 0.627451 0.627451 0.643137
v 93.0456 -39.1406 0 0.627451 0.627451 0.643137
v 92.6414 -39.3526 0.01 0.627451 0.627451 0.643137
v 92.6414 -39.3526 0 0.627451 0.627451 0.643137
v 92.2235 -39.5361 0.01 0.627451 0.627451 0.643137
v 92.2235 -39.5361 0 0.627451 0.627451 0.643137
v 91.7938 -39.6903 0.01 0.627451 0.627451 0.643137
v 91.7938 -39.6903 0 0.627451 0.627451 0.643137
v 91.3545 -39.8142 0.01 0.627451 0.627451 0.643137
v 91.3545 -39.8142 0 0.627451 0.627451 0.643137
v 90.9077 -39.9074 0.01 0.627451 0.627451 0.643137
v 90.9077 -39.9074 0 0.627451 0.627451 0.643137
v 90.4554 -39.9695 0.01 0.627451 0.627451 0.643137
v 90.4554 -39.9695 0 0.627451 0.627451 0.643137
v 90 -40 0.01 0.627451 0.627451 0.643137
v 90 -40 0 0.627451 0.627451 0.643137
v 78 -41 0.01 0.627451 0.627451 0.643137
v 78 -41 0 0.627451 0.627451 0.643137
v 77.6417 -41.1211 0 0.627451 0.627451 0.643137
v 77.2923 -41.2659 0 0.627451 0.627451 0.643137
v 77.6417 -41.1211 0.01 0.627451 0.627451 0.643137
v 76.9534 -41.4339 0 0.627451 0.627451 0.643137
v 77.2923 -41.2659 0.01 0.627451 0.627451 0.643137
v 76.6265 -41.6241 0 0.627451 0.627451 0.643137
v 76.9534 -41.4339 0.01 0.627451 0.627451 0.643137
v 76.3131 -41.8359 0 0.627451 0.627451 0.643137
v 76.6265 -41.6241 0.01 0.627451 0.627451 0.643137
v 76.0146 -42.0681 0 0.627451 0.627451 0.643137
v 76.3131 -41.8359 0.01 0.627451 0.627451 0.643137
v 75.7324 -42.3199 0 0.627451 0.627451 0.643137
v 76.0146 -42.0681 0.01 0.627451 0.627451 0.643137
v 75.4676 -42.59 0 0.627451 0.627451 0.643137
v 75.7324 -42.3199 0.01 0.627451 0.627451 0.643137
v 75.2216 -42.8773 0 0.627451 0.627451 0.643137
v 75.4676 -42.59 0.01 0.627451 0.627451 0.643137
v 74.9954 -43.1804 0 0.627451 0.627451 0.643137
v 75.2216 -42.8773 0.01 0.627451 0.627451 0.643137
v 74.7899 -43.498 0 0.627451 0.627451 0.643137
v 74.9954 -43.1804 0.01 0.627451 0.627451 0.643137
v 74.6063 -43.8286 0 0.627451 0.627451 0.643137
v 74.7899 -43.498 0.01 0.627451 0.627451 0.643137
v 74.4452 -44.1708 0 0.627451 0.627451 0.643137
v 74.6063 -43.8286 0.01 0.627451 0.627451 0.643137
v 74.3074 -44.523 0 0.627451 0.627451 0.643137
v 74.4452 -44.1708 0.01 0.627451 0.627451 0.643137
v 74.1935 -44.8837 0 0.627451 0.627451 0.643137
v 74.3074 -44.523 0.01 0.627451 0.627451 0.643137
v 74.1041 -45.2512 0 0.627451 0.627451 0.643137
v 74.1935 -44.8837 0.01 0.627451 0.627451 0.643137
v 74.0395 -45.6238 0 0.627451 0.627451 0.643137
v 74.1041 -45.2512 0.01 0.627451 0.627451 0.643137
v 74 -46 0 0.627451 0.627451 0.643137
v 74.0395 -45.6238 0.01 0.627451 0.627451 0.643137
v 74 -46 0.01 0.627451 0.627451 0.643137
v 76 -78 0.01 0.627451 0.627451 0.643137
v 76 -78 0 0.627451 0.627451 0.643137
v 76.011 -78.3911 0.01 0.627451 0.627451 0.643137
v 76.011 -78.3911 0 0.627451 0.627451 0.643137
v 75.995 -78.7821 0.01 0.627451 0.627451 0.643137
v 75.995 -78.7821 0 0.627451 0.627451 0.643137
v 75.9522 -79.171 0.01 0.627451 0.627451 0.643137
v 75.9522 -79.171 0 0.627451 0.627451 0.643137
v 75.8827 -79.556 0.01 0.627451 0.627451 0.643137
v 75.8827 -79.556 0 0.627451 0.627451 0.643137
v 75.7869 -79.9354 0.01 0.627451 0.627451 0.643137
v 75.7869 -79.9354 0 0.627451 0.627451 0.643137
v 75.6653 -80.3073 0.01 0.627451 0.627451 0.643137
v 75.6653 -80.3073 0 0.627451 0.627451 0.643137
v 75.5183 -80.6699 0.01 0.627451 0.627451 0.643137
v 75.5183 -80.6699 0 0.627451 0.627451 0.643137
v 75.3468 -81.0216 0.01 0.627451 0.627451 0.643137
v 75.3468 -81.0216 0 0.627451 0.627451 0.643137
v 75.1515 -81.3606 0.01 0.627451 0.627451 0.643137
v 75.1515 -81.3606 0 0.627451 0.627451 0.643137
v 74.9333 -81.6854 0.01 0.627451 0.627451 0.643137
v 74.9333 -81.6854 0 0.627451 0.627451 0.643137
v 74.6933 -81.9944 0.01 0.627451 0.627451 0.643137
v 74.6933 -81.9944 0 0.627451 0.627451 0.643137
v 74.4326 -82.2862 0.01 0.627451 0.627451 0.643137
v 74.4326 -82.2862 0 0.627451 0.627451 0.643137
v 74.1525 -82.5594 0.01 0.627451 0.627451 0.643137
v 74.1525 -82.5594 0 0.627451 0.627451 0.643137
v 73.8542 -82.8126 0.01 0.627451 0.627451 0.643137
v 73.8542 -82.8126 0 0.627451 0.627451 0.643137
v 73.5393 -83.0448 0.01 0.627451 0.627451 0.643137
v 73.5393 -83.0448 0 0.627451 0.627451 0.643137
v 73.2091 -83.2547 0.01 0.627451 0.627451 0.643137
v 73.2091 -83.2547 0 0.627451 0.627451 0.643137
v 72.8652 -83.4414 0.01 0.627451 0.627451 0.643137
v 72.8652 -83.4414 0 0.627451 0.627451 0.643137
v 72.5094 -83.604 0.01 0.627451 0.627451 0.643137
v 72.5094 -83.604 0 0.627451 0.627451 0.643137
v 72.1432 -83.7418 0.01 0.627451 0.627451 0.643137
v 72.1432 -83.7418 0 0.627451 0.627451 0.643137
v 71.7683 -83.854 0.01 0.627451 0.627451 0.643137
v 71.7683 -83.854 0 0.627451 0.627451 0.643137
v 71.3867 -83.9402 0.01 0.627451 0.627451 0.643137
v 71.3867 -83.9402 0 0.627451 0.627451 0.643137
v 71 -84 0.01 0.627451 0.627451 0.643137
v 71 -84 0 0.627451 0.627451 0.643137
v -60 -84 0.01 0.627451 0.627451 0.643137
v -60 -84 0 0.627451 0.627451 0.643137
v -60.6209 -83.9783 0.01 0.627451 0.627451 0.643137
v -60.6209 -83.9783 0 0.627451 0.627451 0.643137
v -61.2388 -83.9134 0.01 0.627451 0.627451 0.643137
v -61.2388 -83.9134 0 0.627451 0.627451 0.643137
v -61.8507 -83.8054 0.01 0.627451 0.627451 0.643137
v -61.8507 -83.8054 0 0.627451 0.627451 0.643137
v -62.4536 -83.6551 0.01 0.627451 0.627451 0.643137
v -62.4536 -83.6551 0 0.627451 0.627451 0.643137
v -63.0445 -83.4631 0.01 0.627451 0.627451 0.643137
v -63.0445 -83.4631 0 0.627451 0.627451 0.643137
v -63.6205 -83.2303 0.01 0.627451 0.627451 0.643137
v -63.6205 -83.2303 0 0.627451 0.627451 0.643137
v -64.1789 -82.9579 0.01 0.627451 0.627451 0.643137
v -64.1789 -82.9579 0 0.627451 0.627451 0.643137
v -64.717 -82.6472 0.01 0.627451 0.627451 0.643137
v -64.717 -82.6472 0 0.627451 0.627451 0.643137
v -65.232 -82.2997 0.01 0.627451 0.627451 0.643137
v -65.232 -82.2997 0 0.627451 0.627451 0.643137
v -65.7216 -81.9171 0.01 0.627451 0.627451 0.643137
v -65.7216 -81.9171 0 0.627451 0.627451 0.643137
v -66.1833 -81.5013 0.01 0.627451 0.627451 0.643137
v -66.1833 -81.5013 0 0.627451 0.627451 0.643137
v -66.6148 -81.0543 0.01 0.627451 0.627451 0.643137
v -66.6148 -81.0543 0 0.627451 0.627451 0.643137
v -67.0141 -80.5783 0.01 0.627451 0.627451 0.643137
v -67.0141 -80.5783 0 0.627451 0.627451 0.643137
v -67.3793 -80.0756 0.01 0.627451 0.627451 0.643137
v -67.3793 -80.0756 0 0.627451 0.627451 0.643137
v -67.7084 -79.5486 0.01 0.627451 0.627451 0.643137
v -67.7084 -79.5486 0 0.627451 0.627451 0.643137
v -68 -79 0.01 0.627451 0.627451 0.643137
v -68 -79 0 0.627451 0.627451 0.643137
v -71 -41 0 0.627451 0.627451 0.643137
v -71 -41 0.01 0.627451 0.627451 0.643137
v -71.0329 -40.7087 0 0.627451 0.627451 0.643137
v -71.0853 -40.4203 0 0.627451 0.627451 0.643137
v -71.0329 -40.7087 0.01 0.627451 0.627451 0.643137
v -71.157 -40.1361 0 0.627451 0.627451 0.643137
v -71.0853 -40.4203 0.01 0.627451 0.627451 0.643137
v -71.2476 -39.8574 0 0.627451 0.627451 0.643137
v -71.157 -40.1361 0.01 0.627451 0.627451 0.643137
v -71.3567 -39.5853 0 0.627451 0.627451 0.643137
v -71.2476 -39.8574 0.01 0.627451 0.627451 0.643137
v -71.4839 -39.3213 0 0.627451 0.627451 0.643137
v -71.3567 -39.5853 0.01 0.627451 0.627451 0.643137
v -71.6286 -39.0664 0 0.627451 0.627451 0.643137
v -71.4839 -39.3213 0.01 0.627451 0.627451 0.643137
v -71.7901 -38.8217 0 0.627451 0.627451 0.643137
v -71.6286 -39.0664 0.01 0.627451 0.627451 0.643137
v -71.9677 -38.5885 0 0.627451 0.627451 0.643137
v -71.7901 -38.8217 0.01 0.627451 0.627451 0.643137
v -72.1606 -38.3678 0 0.627451 0.627451 0.643137
v -71.9677 -38.5885 0.01 0.627451 0.627451 0.643137
v -72.3678 -38.1606 0 0.627451 0.627451 0.643137
v -72.1606 -38.3678 0.01 0.627451 0.627451 0.643137
v -72.5885 -37.9677 0 0.627451 0.627451 0.643137
v -72.3678 -38.1606 0.01 0.627451 0.627451 0.643137
v -72.8217 -37.7901 0 0.627451 0.627451 0.643137
v -72.5885 -37.9677 0.01 0.627451 0.627451 0.643137
v -73.0664 -37.6286 0 0.627451 0.627451 0.643137
v -72.8217 -37.7901 0.01 0.627451 0.627451 0.643137
v -73.3213 -37.4839 0 0.627451 0.627451 0.643137
v -73.0664 -37.6286 0.01 0.627451 0.627451 0.643137
v -73.5853 -37.3567 0 0.627451 0.627451 0.643137
v -73.3213 -37.4839 0.01 0.627451 0.627451 0.643137
v -73.8574 -37.2476 0 0.627451 0.627451 0.643137
v -73.5853 -37.3567 0.01 0.627451 0.627451 0.643137
v -74.1361 -37.157 0 0.627451 0.627451 0.643137
v -73.8574 -37.2476 0.01 0.627451 0.627451 0.643137
v -74.4203 -37.0853 0 0.627451 0.627451 0.643137
v -74.1361 -37.157 0.01 0.627451 0.627451 0.643137
v -74.7087 -37.0329 0 0.627451 0.627451 0.643137
v -74.4203 -37.0853 0.01 0.627451 0.627451 0.643137
v -75 -37 0 0.627451 0.627451 0.643137
v -74.7087 -37.0329 0.01 0.627451 0.627451 0.643137
v -75 -37 0.01 0.627451 0.627451 0.643137
v -88 -38 0.01 0.627451 0.627451 0.643137
v -88 -38 0 0.627451 0.627451 0.643137
v -88.3257 -38.0139 0.01 0.627451 0.627451 0.643137
v -88.3257 -38.0139 0 0.627451 0.627451 0.643137
v -88.6516 -38.0057 0.01 0.627451 0.627451 0.643137
v -88.6516 -38.0057 0 0.627451 0.627451 0.643137
v -88.9762 -37.9753 0.01 0.627451 0.627451 0.643137
v -88.9762 -37.9753 0 0.627451 0.627451 0.643137
v -89.298 -37.9229 0.01 0.627451 0.627451 0.643137
v -89.298 -37.9229 0 0.627451 0.627451 0.643137
v -89.6155 -37.8487 0.01 0.627451 0.627451 0.643137
v -89.6155 -37.8487 0 0.627451 0.627451 0.643137
v -89.9272 -37.7531 0.01 0.627451 0.627451 0.643137
v -89.9272 -37.7531 0 0.627451 0.627451 0.643137
v -90.2317 -37.6366 0.01 0.627451 0.627451 0.643137
v -90.2317 -37.6366 0 0.627451 0.627451 0.643137
v -90.5275 -37.4996 0.01 0.627451 0.627451 0.643137
v -90.5275 -37.4996 0 0.627451 0.627451 0.643137
v -90.8134 -37.3428 0.01 0.627451 0.627451 0.643137
v -90.8134 -37.3428 0 0.627451 0.627451 0.643137
v -91.0879 -37.1669 0.01 0.627451 0.627451 0.643137
v -91.0879 -37.1669 0 0.627451 0.627451 0.643137
v -91.3498 -36.9728 0.01 0.627451 0.627451 0.643137
v -91.3498 -36.9728 0 0.627451 0.627451 0.643137
v -91.5979 -36.7613 0.01 0.627451 0.627451 0.643137
v -91.5979 -36.7613 0 0.627451 0.627451 0.643137
v -91.8311 -36.5334 0.01 0.627451 0.627451 0.643137
v -91.8311 -36.5334 0 0.627451 0.627451 0.643137
v -92.0482 -36.2902 0.01 0.627451 0.627451 0.643137
v -92.0482 -36.2902 0 0.627451 0.627451 0.643137
v -92.2483 -36.0327 0.01 0.627451 0.627451 0.643137
v -92.2483 -36.0327 0 0.627451 0.627451 0.643137
v -92.4304 -35.7623 0.01 0.627451 0.627451 0.643137
v -92.4304 -35.7623 0 0.627451 0.627451 0.643137
v -92.5937 -35.4801 0.01 0.627451 0.627451 0.643137
v -92.5937 -35.4801 0 0.627451 0.627451 0.643137
v -92.7374 -35.1875 0.01 0.627451 0.627451 0.643137
v -92.7374 -35.1875 0 0.627451 0.627451 0.643137
v -92.8609 -34.8858 0.01 0.627451 0.627451 0.643137
v -92.8609 -34.8858 0 0.627451 0.627451 0.643137
v -92.9636 -34.5763 0.01 0.627451 0.627451 0.643137
v -92.9636 -34.5763 0 0.627451 0.627451 0.643137
v -93.045 -34.2606 0.01 0.627451 0.627451 0.643137
v -93.045 -34.2606 0 0.627451 0.627451 0.643137
v -93.1047 -33.9401 0.01 0.627451 0.627451 0.643137
v -93.1047 -33.9401 0 0.627451 0.627451 0.643137
v -93.1425 -33.6163 0.01 0.627451 0.627451 0.643137
v -93.1425 -33.6163 0 0.627451 0.627451 0.643137
v -93.1582 -33.2907 0.01 0.627451 0.627451 0.643137
v -93.1582 -33.2907 0 0.627451 0.627451 0.643137
v -93.1517 -32.9647 0.01 0.627451 0.627451 0.643137
v -93.1517 -32.9647 0 0.627451 0.627451 0.643137
v -93.1231 -32.6399 0.01 0.627451 0.627451 0.643137
v -93.1231 -32.6399 0 0.627451 0.627451 0.643137
v -93.0724 -32.3179 0.01 0.627451 0.627451 0.643137
v -93.0724 -32.3179 0 0.627451 0.627451 0.643137
v -93 -32 0.01 0.627451 0.627451 0.643137
v -93 -32 0 0.627451 0.627451 0.643137
v -81.0265 33.8415 0 0.627451 0.627451 0.643137
v -81.0623 34.3828 0 0.627451 0.627451 0.643137
v -81.0667 32.7579 0 0.627451 0.627451 0.643137
v -81.028 33.2991 0 0.627451 0.627451 0.643137
v -90.9261 -24.5051 0 0.627451 0.627451 0.643137
v -81.255 31.6901 0 0.627451 0.627451 0.643137
v -81.1352 34.9204 0 0.627451 0.627451 0.643137
v -81.1425 32.2208 0 0.627451 0.627451 0.643137
v -81.3907 35.9742 0 0.627451 0.627451 0.643137
v -81.5721 36.4855 0 0.627451 0.627451 0.643137
v -81.2448 35.4517 0 0.627451 0.627451 0.643137
v -81.7882 36.9831 0 0.627451 0.627451 0.643137
v -82.038 37.4646 0 0.627451 0.627451 0.643137
v -90.9261 -24.5051 0.01 0.627451 0.627451 0.643137
v -81.255 31.6901 0.01 0.627451 0.627451 0.643137
v -81.1425 32.2208 0.01 0.627451 0.627451 0.643137
v -81.0667 32.7579 0.01 0.627451 0.627451 0.643137
v -81.028 33.2991 0.01 0.627451 0.627451 0.643137
v -81.0265 33.8415 0.01 0.627451 0.627451 0.643137
v -81.0623 34.3828 0.01 0.627451 0.627451 0.643137
v -81.1352 34.9204 0.01 0.627451 0.627451 0.643137
v -81.2448 35.4517 0.01 0.627451 0.627451 0.643137
v -81.3907 35.9742 0.01 0.627451 0.627451 0.643137
v -81.5721 36.4855 0.01 0.627451 0.627451 0.643137
v -81.7882 36.9831 0.01 0.627451 0.627451 0.643137
v -82.038 37.4646 0.01 0.627451 0.627451 0.643137
vn 3.98088e-13 -1 0
vn -0.0682424 -0.997669 0
vn -0.136167 -0.990686 0
vn -0.203456 -0.979084 0
vn -0.269797 -0.962917 0
vn -0.33488 -0.942261 0
vn -0.398401 -0.917211 0
vn -0.460065 -0.887885 0
vn -0.519584 -0.854419 0
vn -0.57668 -0.81697 0
vn -0.631088 -0.775711 0
vn -0.682553 -0.730836 0
vn -0.730836 -0.682553 0
vn -0.775711 -0.631088 0
vn -0.81697 -0.57668 0
vn -0.854419 -0.519584 0
vn -0.887885 -0.460065 0
vn -0.917211 -0.398401 0
vn -0.942261 -0.33488 0
vn -0.962917 -0.269797 0
vn -0.979084 -0.203456 0
vn -0.990686 -0.136167 0
vn -0.997669 -0.0682424 0
vn -1 -2.44929e-16 0
vn -0.997707 0.0676852 0
vn -0.990837 0.13506 0
vn -0.979424 0.201815 0
vn -0.963518 0.267645 0
vn -0.943192 0.332247 0
vn -0.918541 0.395325 0
vn -0.889677 0.45659 0
vn -0.856733 0.515761 0
vn -0.819858 0.572566 0
vn -0.779224 0.626746 0
vn -0.735016 0.67805 0
vn -0.687436 0.726245 0
vn -0.636704 0.771109 0
vn -0.583051 0.812436 0
vn -0.526724 0.850036 0
vn -0.467981 0.883738 0
vn -0.407092 0.913387 0
vn -0.344336 0.938847 0
vn -0.28 0.96 0
vn -0.0267016 0.999643 -0
vn 0.0409578 0.999161 -0
vn -0.0942387 0.99555 -0
vn -0.0267016 0.999643 -0
vn -0.161344 0.986898 -0
vn -0.0942387 0.99555 -0
vn -0.227712 0.973729 -0
vn -0.161344 0.986898 -0
vn -0.293036 0.956101 -0
vn -0.227712 0.973729 -0
vn -0.357019 0.934097 -0
vn -0.293036 0.956101 -0
vn -0.419368 0.907816 -0
vn -0.357019 0.934097 -0
vn -0.479797 0.87738 -0
vn -0.419368 0.907816 -0
vn -0.538029 0.842926 -0
vn -0.479797 0.87738 -0
vn -0.479491 0.877547 0
vn -0.418736 0.908108 0
vn -0.356044 0.934469 0
vn -0.291705 0.956508 0
vn -0.226016 0.974124 0
vn -0.159283 0.987233 0
vn -0.0918124 0.995776 0
vn -0.0239175 0.999714 0
vn 0.0440881 0.999028 -0
vn 0.11189 0.993721 -0
vn 0.179174 0.983817 -0
vn 0.245629 0.969364 -0
vn 0.310949 0.950427 -0
vn 0.37483 0.927094 -0
vn 0.436977 0.899473 -0
vn 0.497104 0.867691 -0
vn 0.554931 0.831897 -0
vn 0.610191 0.792254 -0
vn 0.662629 0.748947 -0
vn 0.712003 0.702177 -0
vn 0.758083 0.652158 -0
vn 0.800657 0.599123 -0
vn 0.839527 0.543317 -0
vn 0.874515 0.484998 -0
vn 0.905458 0.424436 -0
vn 0.932213 0.361911 -0
vn 0.954656 0.297712 -0
vn 0.972683 0.232136 -0
vn 0.986212 0.165486 -0
vn 0.997941 0.0641423 -0
vn 0.999992 -0.00392279 0
vn 0.997407 -0.0719697 0
vn 0.990196 -0.139683 0
vn 0.978394 -0.206748 0
vn 0.962055 -0.272855 0
vn 0.941255 -0.337696 0
vn 0.91609 -0.400972 0
vn 0.886678 -0.462388 0
vn 0.853153 -0.52166 0
vn 0.815673 -0.578513 0
vn 0.77441 -0.632684 0
vn 0.729556 -0.683921 0
vn 0.68132 -0.731986 0
vn 0.629924 -0.776657 0
vn 0.575607 -0.817727 0
vn 0.51862 -0.855005 0
vn 0.459229 -0.888318 0
vn 0.397709 -0.917512 0
vn 0.334344 -0.942451 0
vn 0.269429 -0.96302 0
vn 0.203265 -0.979124 0
vn 0.136158 -0.990687 0
vn 0.0684193 -0.997657 0
vn 0.000363663 -1 0
vn -0.0263067 -0.999654 0
vn -0 -1 -0
vn 0.183878 -0.982949 0
vn 0.115364 -0.993323 0
vn 0.0462954 -0.998928 0
vn -0.0229952 -0.999736 0
vn -0.0921754 -0.995743 0
vn -0.160913 -0.986969 0
vn -0.228878 -0.973455 0
vn -0.295744 -0.955267 0
vn -0.361189 -0.932492 0
vn -0.424901 -0.90524 0
vn -0.486572 -0.873641 0
vn -0.545906 -0.837846 0
vn -0.60262 -0.798028 0
vn -0.656439 -0.754379 0
vn -0.707107 -0.707107 0
vn -0.754379 -0.656439 0
vn -0.798028 -0.60262 0
vn -0.837846 -0.545906 0
vn -0.873641 -0.486572 0
vn -0.90524 -0.424901 0
vn -0.932492 -0.361189 0
vn -0.955267 -0.295744 0
vn -0.973455 -0.228878 0
vn -0.986969 -0.160913 0
vn -0.995743 -0.0921754 0
vn -0.999736 -0.0229952 0
vn -0.998928 0.0462954 0
vn -0.993323 0.115364 0
vn -0.982949 0.183878 0
vn -0.999512 -0.0312348 0
vn -1 7.10543e-14 0
vn -0.997669 0.0682424 0
vn -0.990686 0.136167 0
vn -0.979084 0.203456 0
vn -0.962917 0.269797 0
vn -0.942261 0.33488 0
vn -0.917211 0.398401 0
vn -0.887885 0.460065 0
vn -0.854419 0.519584 0
vn -0.81697 0.57668 0
vn -0.775711 0.631088 0
vn -0.730836 0.682553 0
vn -0.682553 0.730836 0
vn -0.631088 0.775711 0
vn -0.57668 0.81697 0
vn -0.519584 0.854419 0
vn -0.460065 0.887885 0
vn -0.398401 0.917211 0
vn -0.33488 0.942261 0
vn -0.269797 0.962917 0
vn -0.203456 0.979084 0
vn -0.136167 0.990686 0
vn -0.0682424 0.997669 0
vn -6.12323e-17 1 0
vn 0.0691216 0.997608 -0
vn 0.137913 0.990444 -0
vn 0.206044 0.978543 -0
vn 0.27319 0.96196 -0
vn 0.339028 0.940776 -0
vn 0.403245 0.915092 -0
vn 0.465534 0.88503 -0
vn 0.525595 0.850735 -0
vn 0.583142 0.81237 -0
vn 0.6379 0.77012 -0
vn 0.689606 0.724185 -0
vn 0.738013 0.674786 -0
vn 0.78289 0.62216 -0
vn 0.824023 0.566557 -0
vn 0.861213 0.508244 -0
vn 0.894284 0.4475 -0
vn 0.923077 0.384615 -0
vn 0.999512 0.0312348 -0
vn 0.93033 -0.366722 0
vn 0.903486 -0.428618 0
vn 0.872529 -0.488562 0
vn 0.837601 -0.546283 0
vn 0.79886 -0.601517 0
vn 0.756483 -0.654014 0
vn 0.710662 -0.703533 0
vn 0.661607 -0.74985 0
vn 0.609541 -0.792755 0
vn 0.5547 -0.83205 0
vn 0.497335 -0.867559 0
vn 0.437705 -0.899119 0
vn 0.376083 -0.926586 0
vn 0.31275 -0.949835 0
vn 0.247993 -0.968762 0
vn 0.182107 -0.983279 0
vn 0.115393 -0.99332 0
vn 0.0481526 -0.99884 0
vn -0.0193065 -0.999814 0
vn 0.835483 -0.549516 0
vn 0.387234 0.921981 -0
vn 0.450502 0.892775 -0
vn 0.511583 0.859234 -0
vn 0.570179 0.821521 -0
vn 0.626007 0.779818 -0
vn 0.678794 0.734328 -0
vn 0.728286 0.685273 -0
vn 0.774241 0.632891 -0
vn 0.816437 0.577435 -0
vn 0.854668 0.519175 -0
vn 0.888749 0.458394 -0
vn 0.918515 0.395387 -0
vn 0.94382 0.33046 -0
vn 0.964542 0.263929 -0
vn 0.980581 0.196116 -0
vn 0.991858 0.127351 -0
vn 0.998318 0.0579672 -0
vn 0.999932 -0.0116979 0
vn 0.996689 -0.0813063 0
vn 0.988607 -0.15052 0
vn 0.975724 -0.219002 0
vn 0.958104 -0.286422 0
vn 0.935831 -0.35245 0
vn 0.909013 -0.416767 0
vn 0.877782 -0.47906 0
vn 0.842288 -0.539027 0
vn 0.802705 -0.596377 0
vn 0.759223 -0.65083 0
vn 0.712055 -0.702123 0
vn -0.310501 0.950573 0
vn -0.243792 0.969828 0
vn -0.175907 0.984407 0
vn -0.107175 0.99424 0
vn -0.0379261 0.999281 0
vn 0.0315057 0.999504 -0
vn 0.100786 0.994908 -0
vn 0.16958 0.985516 -0
vn 0.237556 0.971374 -0
vn 0.304388 0.952548 -0
vn -0.915345 -0.40267 0
vn -0.94112 -0.338073 0
vn -0.962342 -0.271841 0
vn -0.978909 -0.204294 0
vn -0.990742 -0.13576 0
vn -0.997782 -0.066568 0
vn -0.999996 0.0029456 0
vn -0.997372 0.0724449 0
vn -0.989925 0.141594 0
vn -0.977689 0.210058 0
vn -0.960724 0.277506 0
vn -0.939112 0.343611 0
vn -0.912957 0.408055 0
vn -0.882387 0.470525 0
vn -0.847548 0.530719 0
vn -0.80861 0.588345 0
vn -0.76576 0.643126 0
vn -0.719206 0.694796 0
vn -0.669174 0.743106 0
vn -0.615905 0.787821 0
vn -0.559656 0.828725 0
vn -0.500701 0.86562 0
vn -0.439323 0.898329 0
vn -0.375821 0.926692 0
vn -0.310501 0.950573 0
vn -0.851349 -0.524599 0
vn 0.382584 -0.923921 0
vn 0.318898 -0.947789 0
vn 0.253737 -0.967273 0
vn 0.187402 -0.982283 0
vn 0.120201 -0.99275 0
vn 0.0524433 -0.998624 0
vn -0.0155568 -0.999879 0
vn -0.0834848 -0.996509 0
vn -0.151027 -0.98853 0
vn -0.21787 -0.975978 0
vn -0.283706 -0.958911 0
vn -0.348229 -0.93741 0
vn -0.411141 -0.911572 0
vn -0.472152 -0.881517 0
vn -0.530979 -0.847385 0
vn -0.58735 -0.809333 0
vn -0.641003 -0.767538 0
vn -0.691692 -0.722192 0
vn -0.739182 -0.673506 0
vn -0.783252 -0.621705 0
vn -0.823699 -0.567027 0
vn -0.860336 -0.509727 0
vn -0.308356 -0.951271 0
vn -0.368958 -0.929446 0
vn -0.246475 -0.969149 0
vn -0.308356 -0.951271 0
vn -0.183571 -0.983006 0
vn -0.246475 -0.969149 0
vn -0.119906 -0.992785 0
vn -0.183571 -0.983006 0
vn -0.0557428 -0.998445 0
vn -0.119906 -0.992785 0
vn 0.00865143 -0.999963 -0
vn -0.0557428 -0.998445 0
vn 0.0730097 -0.997331 -0
vn 0.00865143 -0.999963 -0
vn 0.137065 -0.990562 -0
vn 0.0730097 -0.997331 -0
vn 0.200552 -0.979683 -0
vn 0.137065 -0.990562 -0
vn 0.263207 -0.96474 -0
vn 0.200552 -0.979683 -0
vn 0.324769 -0.945793 -0
vn 0.263207 -0.96474 -0
vn 0.384984 -0.922923 -0
vn 0.324769 -0.945793 -0
vn 0.835483 -0.549516 0
vn 0.796145 -0.605106 0
vn 0.753114 -0.65789 0
vn 0.70659 -0.707623 0
vn 0.656789 -0.754074 0
vn 0.603943 -0.797028 0
vn 0.548295 -0.836285 0
vn 0.490104 -0.871664 0
vn 0.42964 -0.903 0
vn 0.367184 -0.930148 0
vn 0.303025 -0.952983 0
vn 0.23746 -0.971397 0
vn 0.170794 -0.985307 0
vn 0.103336 -0.994646 0
vn 0.0353991 -0.999373 0
vn -0.0327024 -0.999465 0
vn -0.100652 -0.994922 0
vn -0.168135 -0.985764 0
vn -0.234838 -0.972034 0
vn -0.300452 -0.953797 0
vn -0.364673 -0.931136 0
vn -0.427202 -0.904156 0
vn -0.48775 -0.872983 0
vn -0.546036 -0.837762 0
vn 1 1.22465e-16 -0
vn 0.997743 -0.0671505 0
vn 0.990982 -0.133998 0
vn 0.979747 -0.20024 0
vn 0.964089 -0.265579 0
vn 0.944079 -0.329719 0
vn 0.919808 -0.39237 0
vn 0.891384 -0.45325 0
vn 0.858936 -0.512084 0
vn 0.82261 -0.568606 0
vn 0.782571 -0.622561 0
vn 0.739 -0.673706 0
vn 0.692092 -0.72181 0
vn 0.64206 -0.766655 0
vn 0.589129 -0.808039 0
vn 0.533539 -0.845775 0
vn 0.475541 -0.879694 0
vn 0.415395 -0.909641 0
vn 0.353375 -0.935482 0
vn 0.289759 -0.9571 0
vn 0.224835 -0.974397 0
vn 0.158897 -0.987295 0
vn 0.0922405 -0.995737 0
vn 0.0251681 -0.999683 0
vn -0.042018 -0.999117 0
vn 4.76413e-17 -1 -0
vn 0.441206 -0.897406 0
vn 0.378914 -0.925432 0
vn 0.314855 -0.94914 0
vn 0.249326 -0.96842 0
vn 0.182634 -0.983181 0
vn 0.11509 -0.993355 0
vn 0.0470088 -0.998894 0
vn -0.0212916 -0.999773 0
vn -0.0894926 -0.995987 0
vn -0.157276 -0.987555 0
vn -0.224326 -0.974514 0
vn -0.290329 -0.956927 0
vn -0.354977 -0.934875 0
vn -0.417969 -0.908461 0
vn -0.479012 -0.877809 0
vn -0.537819 -0.843061 0
vn -0.594117 -0.804379 0
vn -0.647642 -0.761944 0
vn -0.698147 -0.715955 0
vn -0.745393 -0.666625 0
vn -0.789162 -0.614184 0
vn -0.829249 -0.558879 0
vn -0.865467 -0.500965 0
vn -0.897647 -0.440714 0
vn -0.925639 -0.378407 0
vn -0.949312 -0.314335 0
vn -0.968556 -0.248795 0
vn -0.983281 -0.182095 0
vn -0.993418 -0.114546 0
vn -0.99892 -0.0464617 0
vn -0.999761 0.0218392 0
vn -0.995938 0.0900381 0
vn -0.987468 0.157817 0
vn -0.974391 0.22486 0
vn -0.984731 0.174084 0
vn -0.970373 0.241611 0
vn -0.951391 0.307986 0
vn -0.927874 0.372893 0
vn -0.899935 0.436023 0
vn -0.867707 0.497075 0
vn -0.831344 0.555758 0
vn -0.791018 0.611792 0
vn -0.746923 0.664911 0
vn -0.699267 0.71486 0
vn -0.648279 0.761403 0
vn -0.594201 0.804316 0
vn -0.537292 0.843397 0
vn -0.477821 0.878457 0
vn -0.416073 0.909331 0
vn -0.352342 0.935871 0
vn -0.286932 0.957951 0
vn -0.220155 0.975465 0
vn -0.152328 0.98833 0
vn -0.083775 0.996485 0
vn -0.0148229 0.99989 0
vn 0.0541999 0.99853 -0
vn 0.122964 0.992411 -0
vn 0.191143 0.981562 -0
vn 0.25841 0.966035 -0
vn 0.324446 0.945904 -0
vn 0.388936 0.921265 -0
vn 0.451571 0.892235 -0
vn 0.127165 0.991882 -0
vn 0.0592728 0.998242 -0
vn 0.194467 0.980909 -0
vn 0.127165 0.991882 -0
vn 0.260864 0.965376 -0
vn 0.194467 0.980909 -0
vn 0.326048 0.945353 -0
vn 0.260864 0.965376 -0
vn 0.389716 0.920935 -0
vn 0.326048 0.945353 -0
vn 0.451571 0.892235 -0
vn 0.389716 0.920935 -0
vn 1 0 -0
vn 0.997641 0.06865 -0
vn 0.990574 0.136976 -0
vn 0.978834 0.204656 -0
vn 0.962475 0.27137 -0
vn 0.941575 0.336804 -0
vn 0.916232 0.400648 -0
vn 0.886566 0.462602 -0
vn 0.852717 0.522374 -0
vn 0.814844 0.57968 -0
vn 0.773127 0.634252 -0
vn 0.727761 0.685831 -0
vn 0.678962 0.734173 -0
vn 0.626959 0.779052 -0
vn 0.571998 0.820255 -0
vn 0.514338 0.857587 -0
vn 0.454251 0.890874 -0
vn 0.392021 0.919956 -0
vn 0.327941 0.944698 -0
vn 0.262314 0.964983 -0
vn 0.195449 0.980714 -0
vn 0.127662 0.991818 -0
vn 0.0592728 0.998242 -0
vn 1 0 -0
vn 0.471125 -0.882066 0
vn 0.412464 -0.910974 0
vn 0.352039 -0.935985 0
vn 0.290108 -0.956994 0
vn 0.226936 -0.97391 0
vn 0.162794 -0.98666 0
vn 0.0979559 -0.995191 0
vn 0.0326986 -0.999465 0
vn -0.0326986 -0.999465 0
vn -0.0979559 -0.995191 0
vn -0.162794 -0.98666 0
vn -0.226936 -0.97391 0
vn -0.290108 -0.956994 0
vn -0.352039 -0.935985 0
vn -0.412464 -0.910974 0
vn -0.471125 -0.882066 0
vn -0.531405 -0.847118 0
vn -0.589105 -0.808057 0
vn -0.643945 -0.765072 0
vn -0.695658 -0.718373 0
vn -0.743994 -0.668187 0
vn -0.788717 -0.614756 0
vn -0.829612 -0.558341 0
vn -0.866478 -0.499215 0
vn -0.899138 -0.437665 0
vn -0.927433 -0.37399 0
vn -0.951224 -0.3085 0
vn -0.970398 -0.241511 0
vn -0.98486 -0.173351 0
vn -0.994541 -0.104348 0
vn -0.999393 -0.0348391 0
vn -0.999393 0.0348391 0
vn -0.994541 0.104348 0
vn -0.98486 0.173351 0
vn -0.970398 0.241511 0
vn -0.951224 0.3085 0
vn -0.927433 0.37399 0
vn -0.899138 0.437665 0
vn -0.866478 0.499215 0
vn -0.829612 0.558341 0
vn -0.788717 0.614756 0
vn -0.743994 0.668187 0
vn -0.695658 0.718373 0
vn -0.643945 0.765072 0
vn -0.589105 0.808057 0
vn -0.531405 0.847118 0
vn -0.471125 0.882066 0
vn -0.411628 0.911352 0
vn -0.35032 0.93663 0
vn -0.287472 0.957789 0
vn -0.223359 0.974736 0
vn -0.158265 0.987397 0
vn -0.092474 0.995715 0
vn -0.0262766 0.999655 0
vn 0.0400363 0.999198 -0
vn 0.0344351 0.999407 -0
vn 0.09733 0.995252 -0
vn 0.159838 0.987143 -0
vn 0.221711 0.975112 -0
vn 0.282704 0.959207 -0
vn 0.342573 0.939491 -0
vn 0.407206 0.913336 -0
vn 0.469859 0.882741 -0
vn 0.530228 0.847855 -0
vn 0.58802 0.808847 -0
vn 0.642952 0.765906 -0
vn 0.694759 0.719242 -0
vn 0.743189 0.669082 -0
vn 0.788005 0.615668 -0
vn 0.828991 0.559262 -0
vn 0.865946 0.500137 -0
vn 0.898692 0.43858 -0
vn 0.927069 0.374891 -0
vn 0.950938 0.30938 -0
vn 0.970185 0.242365 -0
vn 0.984715 0.174171 -0
vn 0.994458 0.105131 -0
vn 0.999367 0.0355792 -0
vn 0.999417 -0.0341452 0
vn 0.994608 -0.103704 0
vn 0.984964 -0.172758 0
vn 0.970532 -0.240972 0
vn 0.951381 -0.308015 0
vn 0.927606 -0.373561 0
vn 0.899321 -0.43729 0
vn 0.866663 -0.498894 0
vn 0.829793 -0.558072 0
vn 0.788888 -0.614537 0
vn 0.744148 -0.668014 0
vn 0.695791 -0.718244 0
vn 0.644051 -0.764983 0
vn 0.58918 -0.808002 0
vn 0.531444 -0.847093 0
vn 0.471125 -0.882066 0
vn -0.835598 -0.549341 0
vn -0.870763 -0.491703 0
vn -0.901958 -0.431823 0
vn -0.929042 -0.369974 0
vn -0.95189 -0.306439 0
vn -0.970399 -0.241507 0
vn -0.984484 -0.175474 0
vn -0.994081 -0.108641 0
vn -0.999146 -0.0413129 0
vn -0.999657 0.0262038 0
vn -0.99561 0.0936009 0
vn -0.987024 0.160571 0
vn -0.973939 0.22681 0
vn -0.956414 0.292014 0
vn -0.934529 0.355888 0
vn -0.908383 0.418138 0
vn -0.878097 0.478483 0
vn -0.843807 0.536647 0
vn -0.805671 0.592363 0
vn -0.763862 0.64538 0
vn -0.71857 0.695454 0
vn -0.670003 0.742358 0
vn -0.618382 0.785878 0
vn -0.563941 0.825815 0
vn -0.506929 0.861988 0
vn -0.447607 0.89423 0
vn -0.386244 0.922397 0
vn -0.32312 0.946358 0
vn -0.256529 0.966537 0
vn -0.188695 0.982036 0
vn -0.119948 0.99278 0
vn -0.0506203 0.998718 0
vn 0.0189525 0.99982 -0
vn 0.0884337 0.996082 -0
vn 0.157487 0.987521 -0
vn 0.225777 0.974179 -0
vn 0.292974 0.95612 -0
vn 0.356595 0.934259 -0
vn 0.418601 0.90817 -0
vn 0.478714 0.877971 -0
vn 0.536659 0.843799 -0
vn 0.592177 0.805808 -0
vn 0.645014 0.764171 -0
vn 0.694932 0.719075 -0
vn 0.741706 0.670726 -0
vn 0.785123 0.61934 -0
vn 0.824986 0.565153 -0
vn 0.861117 0.508407 -0
vn 0.89335 0.449361 -0
vn 0.921541 0.388281 -0
vn 0.945561 0.325444 -0
vn 0.965302 0.261135 -0
vn 0.980675 0.195643 -0
vn 0.99161 0.129266 -0
vn 0.998057 0.0623044 -0
vn 0.999988 -0.00493935 0
vn 0.997393 -0.0721608 0
vn 0.990285 -0.139056 0
vn 0.978695 -0.205321 0
vn 0.962676 -0.270658 0
vn 0.9423 -0.334769 0
vn 0.91766 -0.397366 0
vn 0.806467 -0.591279 0
vn 0.845275 -0.534332 -0
vn 0.880069 -0.474847 -0
vn 0.910683 -0.413106 -0
vn 0.936972 -0.349404 -0
vn 0.958812 -0.284042 -0
vn 0.976098 -0.217332 -0
vn 0.988748 -0.149589 -0
vn 0.996703 -0.0811363 -0
vn 0.999924 -0.0122979 -0
vn 0.998397 0.0565988 -0
vn 0.992128 0.125227 -0
vn 0.981148 0.19326 -0
vn 0.965507 0.260376 -0
vn 0.945282 0.326254 -0
vn 0.992056 0.125798 -0
vn 0.998389 0.0567411 -0
vn 0.999921 -0.0125889 0
vn 0.996644 -0.0818583 0
vn 0.988574 -0.150734 0
vn 0.975751 -0.218885 0
vn 0.958235 -0.285983 0
vn 0.93611 -0.351706 0
vn 0.909485 -0.415738 0
vn 0.878485 -0.47777 0
vn 0.843261 -0.537505 0
vn 0.803981 -0.594655 0
vn 0.760835 -0.648945 0
vn 0.714031 -0.700114 0
vn 0.663792 -0.747917 0
vn 0.610362 -0.792123 0
vn 0.553996 -0.83252 0
vn 0.494966 -0.868913 0
vn 0.433555 -0.901127 0
vn 0.37006 -0.929008 0
vn 0.304785 -0.952421 0
vn 0.238045 -0.971254 0
vn 0.170159 -0.985417 0
vn 0.101456 -0.99484 0
vn 0.0322643 -0.999479 0
vn 0.0830455 -0.996546 -0
vn 0.351748 -0.936095 -0
vn 0.288213 -0.957566 -0
vn 0.4137 -0.910413 -0
vn 0.351748 -0.936095 -0
vn 0.473792 -0.880637 -0
vn 0.4137 -0.910413 -0
vn 0.531753 -0.846899 -0
vn 0.473792 -0.880637 -0
vn 0.587322 -0.809353 -0
vn 0.531753 -0.846899 -0
vn 0.64025 -0.768167 -0
vn 0.587322 -0.809353 -0
vn 0.690298 -0.723525 -0
vn 0.64025 -0.768167 -0
vn 0.737241 -0.675629 -0
vn 0.690298 -0.723525 -0
vn 0.780869 -0.624695 -0
vn 0.737241 -0.675629 -0
vn 0.820984 -0.570951 -0
vn 0.780869 -0.624695 -0
vn 0.857407 -0.514639 -0
vn 0.820984 -0.570951 -0
vn 0.889973 -0.456012 -0
vn 0.857407 -0.514639 -0
vn 0.918537 -0.395335 -0
vn 0.889973 -0.456012 -0
vn 0.94297 -0.332879 -0
vn 0.918537 -0.395335 -0
vn 0.963161 -0.268926 -0
vn 0.94297 -0.332879 -0
vn 0.97902 -0.203763 -0
vn 0.963161 -0.268926 -0
vn 0.990476 -0.137685 -0
vn 0.97902 -0.203763 -0
vn 0.997477 -0.0709864 -0
vn 0.990476 -0.137685 -0
vn 0.998053 0.0623783 -0
vn 0.999979 -0.00641361 0
vn 0.99717 -0.0751751 0
vn 0.989639 -0.143581 0
vn 0.97742 -0.211306 0
vn 0.960572 -0.278031 0
vn 0.939175 -0.343439 0
vn 0.91333 -0.40722 0
vn 0.883159 -0.469073 0
vn 0.848806 -0.528704 0
vn 0.810433 -0.585832 0
vn 0.768221 -0.640184 0
vn 0.722371 -0.691505 0
vn 0.6731 -0.739551 0
vn 0.620642 -0.784094 0
vn 0.565243 -0.824924 0
vn 0.507168 -0.861847 0
vn 0.446691 -0.894688 0
vn 0.384098 -0.923292 0
vn 0.319686 -0.947523 0
vn 0.25376 -0.967267 0
vn 0.186633 -0.98243 0
vn 0.118621 -0.99294 0
vn -4.55615e-15 -1 0
vn -0.0697682 -0.997563 0
vn -0.139196 -0.990265 0
vn -0.207946 -0.97814 0
vn -0.275683 -0.961249 0
vn -0.342075 -0.939673 0
vn -0.406801 -0.913517 0
vn -0.469544 -0.882909 0
vn -0.529999 -0.847998 0
vn -0.587871 -0.808955 0
vn -0.642878 -0.765969 0
vn -0.694751 -0.71925 0
vn -0.743239 -0.669026 0
vn -0.788105 -0.615541 0
vn -0.82913 -0.559057 0
vn -0.866113 -0.499847 0
vn -0.898876 -0.438202 0
vn -0.996898 -0.0787025 0
vn -0.989349 -0.145562 0
vn -0.977321 -0.211762 0
vn -0.960869 -0.277003 0
vn -0.940067 -0.34099 0
vn -0.915009 -0.403434 0
vn -0.885808 -0.464051 0
vn -0.852598 -0.522568 0
vn -0.815527 -0.578719 0
vn -0.774765 -0.63225 0
vn -0.730495 -0.682918 0
vn -0.682918 -0.730495 0
vn -0.63225 -0.774765 0
vn -0.578719 -0.815527 0
vn -0.522568 -0.852598 0
vn -0.464051 -0.885808 0
vn -0.403434 -0.915009 0
vn -0.34099 -0.940067 0
vn -0.277003 -0.960869 0
vn -0.211762 -0.977321 0
vn -0.145562 -0.989349 0
vn -0.0787025 -0.996898 0
vn 0.0766965 -0.997054 -0
vn 0.0087125 -0.999962 0
vn -0.0593118 -0.99824 0
vn -0.127062 -0.991895 0
vn -0.194223 -0.980957 0
vn -0.260485 -0.965478 0
vn -0.325541 -0.945528 0
vn -0.38909 -0.9212 0
vn -0.450837 -0.892607 0
vn -0.510496 -0.85988 0
vn -0.567792 -0.823172 0
vn -0.622459 -0.782653 0
vn -0.674243 -0.738509 0
vn -0.722906 -0.690947 0
vn -0.768221 -0.640184 0
vn -0.80998 -0.586458 0
vn -0.847987 -0.530016 0
vn -0.882069 -0.47112 0
vn -0.912066 -0.410043 0
vn -0.93784 -0.347067 0
vn -0.959272 -0.282484 0
vn -0.976262 -0.216593 0
vn -0.988732 -0.149699 0
vn -0.996623 -0.0821122 0
vn -0.9999 -0.014145 0
vn -0.998547 0.0538877 0
vn -0.99257 0.121671 0
vn -0.981998 0.188891 0
vn -0.966879 0.255236 0
vn -0 -0 -1
vn -0.963784 0.266683 0
vn -0.985512 0.169605 -0
vn -0.984802 0.173678 -0
vn -0.970547 0.24091 -0
vn -0.994406 0.105626 -0
vn -0.984802 0.173678 -0
vn -0.999312 0.0370751 -0
vn -0.994406 0.105626 -0
vn -0.999499 -0.0316511 0
vn -0.999312 0.0370751 -0
vn -0.994965 -0.100228 0
vn -0.999499 -0.0316511 0
vn -0.985731 -0.168331 0
vn -0.994965 -0.100228 0
vn -0.971841 -0.235639 0
vn -0.985731 -0.168331 0
vn -0.95336 -0.301834 0
vn -0.971841 -0.235639 0
vn -0.930377 -0.366604 0
vn -0.95336 -0.301834 0
vn -0.902999 -0.429642 0
vn -0.930377 -0.366604 0
vn -0.871357 -0.49065 0
vn -0.902999 -0.429642 0
vn -0.835598 -0.549341 0
vn -0.871357 -0.49065 0
vt 4.71239 0.5
vt 4.71239 0.39
vt 4.78068 0.39
vt 4.78068 0.5
vt 4.84898 0.39
vt 4.84898 0.5
vt 4.91728 0.39
vt 4.91728 0.5
vt 4.98557 0.39
vt 4.98557 0.5
vt 5.05387 0.39
vt 5.05387 0.5
vt 5.12216 0.39
vt 5.12216 0.5
vt 5.19046 0.39
vt 5.19046 0.5
vt 5.25875 0.39
vt 5.25875 0.5
vt 5.32705 0.39
vt 5.32705 0.5
vt 5.39534 0.39
vt 5.39534 0.5
vt 5.46364 0.39
vt 5.46364 0.5
vt 5.53193 0.39
vt 5.53193 0.5
vt 5.60023 0.39
vt 5.60023 0.5
vt 5.66853 0.39
vt 5.66853 0.5
vt 5.73682 0.39
vt 5.73682 0.5
vt 5.80512 0.39
vt 5.80512 0.5
vt 5.87341 0.39
vt 5.87341 0.5
vt 5.94171 0.39
vt 5.94171 0.5
vt 6.01 0.39
vt 6.01 0.5
vt 6.0783 0.39
vt 6.0783 0.5
vt 6.14659 0.39
vt 6.14659 0.5
vt 6.21489 0.39
vt 6.21489 0.5
vt 6.28319 0.39
vt 6.28319 0.5
vt 0.39 13.5
vt 0.5 13.5
vt 0.5 -13.5
vt 0.39 -13.5
vt 1.44951e-14 0.5
vt 1.44951e-14 0.39
vt 0.067737 0.39
vt 0.067737 0.5
vt 0.135474 0.39
vt 0.135474 0.5
vt 0.203211 0.39
vt 0.203211 0.5
vt 0.270948 0.39
vt 0.270948 0.5
vt 0.338685 0.39
vt 0.338685 0.5
vt 0.406422 0.39
vt 0.406422 0.5
vt 0.474159 0.39
vt 0.474159 0.5
vt 0.541896 0.39
vt 0.541896 0.5
vt 0.609633 0.39
vt 0.609633 0.5
vt 0.67737 0.39
vt 0.67737 0.5
vt 0.745107 0.39
vt 0.745107 0.5
vt 0.812844 0.39
vt 0.812844 0.5
vt 0.88058 0.39
vt 0.88058 0.5
vt 0.948317 0.39
vt 0.948317 0.5
vt 1.01605 0.39
vt 1.01605 0.5
vt 1.08379 0.39
vt 1.08379 0.5
vt 1.15153 0.39
vt 1.15153 0.5
vt 1.21927 0.39
vt 1.21927 0.5
vt 1.287 0.39
vt 1.287 0.5
vt 4.68568 0.5
vt 4.75336 0.5
vt 4.75336 0.39
vt 4.61801 0.5
vt 4.68568 0.39
vt 4.55034 0.5
vt 4.61801 0.39
vt 4.48266 0.5
vt 4.55034 0.39
vt 4.41499 0.5
vt 4.48266 0.39
vt 4.34731 0.5
vt 4.41499 0.39
vt 4.27964 0.5
vt 4.34731 0.39
vt 4.21197 0.5
vt 4.27964 0.39
vt 4.14429 0.5
vt 4.21197 0.39
vt 4.14429 0.39
vt 1.0027 0.5
vt 1.0027 0.39
vt 1.07072 0.39
vt 1.07072 0.5
vt 1.13874 0.39
vt 1.13874 0.5
vt 1.20677 0.39
vt 1.20677 0.5
vt 1.27479 0.39
vt 1.27479 0.5
vt 1.34281 0.39
vt 1.34281 0.5
vt 1.41083 0.39
vt 1.41083 0.5
vt 1.47885 0.39
vt 1.47885 0.5
vt 1.54688 0.39
vt 1.54688 0.5
vt 1.6149 0.39
vt 1.6149 0.5
vt 1.68292 0.39
vt 1.68292 0.5
vt 1.75094 0.39
vt 1.75094 0.5
vt 1.81897 0.39
vt 1.81897 0.5
vt 1.88699 0.39
vt 1.88699 0.5
vt 1.95501 0.39
vt 1.95501 0.5
vt 2.02303 0.39
vt 2.02303 0.5
vt 2.09105 0.39
vt 2.09105 0.5
vt 2.15908 0.39
vt 2.15908 0.5
vt 2.2271 0.39
vt 2.2271 0.5
vt 2.29512 0.39
vt 2.29512 0.5
vt 2.36314 0.39
vt 2.36314 0.5
vt 2.43116 0.39
vt 2.43116 0.5
vt 2.49919 0.39
vt 2.49919 0.5
vt 2.56721 0.39
vt 2.56721 0.5
vt 2.63523 0.39
vt 2.63523 0.5
vt 2.70325 0.39
vt 2.70325 0.5
vt 2.77128 0.39
vt 2.77128 0.5
vt 2.8393 0.39
vt 2.8393 0.5
vt 2.90732 0.39
vt 2.90732 0.5
vt 2.97534 0.39
vt 2.97534 0.5
vt -21.1283 -0.39
vt -21.1283 -0.5
vt 21.1283 -0.5
vt 21.1283 -0.39
vt 3.07741 0.5
vt 3.07741 0.39
vt 3.14552 0.39
vt 3.14552 0.5
vt 3.21362 0.39
vt 3.21362 0.5
vt 3.28173 0.39
vt 3.28173 0.5
vt 3.34984 0.39
vt 3.34984 0.5
vt 3.41795 0.39
vt 3.41795 0.5
vt 3.48606 0.39
vt 3.48606 0.5
vt 3.55417 0.39
vt 3.55417 0.5
vt 3.62228 0.39
vt 3.62228 0.5
vt 3.69039 0.39
vt 3.69039 0.5
vt 3.7585 0.39
vt 3.7585 0.5
vt 3.82661 0.39
vt 3.82661 0.5
vt 3.89472 0.39
vt 3.89472 0.5
vt 3.96282 0.39
vt 3.96282 0.5
vt 4.03093 0.39
vt 4.03093 0.5
vt 4.09904 0.39
vt 4.09904 0.5
vt 4.16715 0.39
vt 4.16715 0.5
vt 4.23526 0.39
vt 4.23526 0.5
vt 4.30337 0.39
vt 4.30337 0.5
vt 4.37148 0.39
vt 4.37148 0.5
vt 4.43959 0.39
vt 4.43959 0.5
vt 4.5077 0.39
vt 4.5077 0.5
vt 4.57581 0.39
vt 4.57581 0.5
vt 4.64392 0.39
vt 4.64392 0.5
vt 4.71203 0.39
vt 4.71203 0.5
vt 38.0132 -0.39
vt 38.0132 -0.5
vt -38.0132 -0.5
vt -38.0132 -0.39
vt -0.39 -60
vt -0.5 -60
vt -0.5 60
vt -0.39 60
vt 4.52746 0.5
vt 4.52746 0.39
vt 4.59677 0.39
vt 4.59677 0.5
vt 4.66608 0.39
vt 4.66608 0.5
vt 4.73539 0.39
vt 4.73539 0.5
vt 4.8047 0.39
vt 4.8047 0.5
vt 4.874 0.39
vt 4.874 0.5
vt 4.94331 0.39
vt 4.94331 0.5
vt 5.01262 0.39
vt 5.01262 0.5
vt 5.08193 0.39
vt 5.08193 0.5
vt 5.15124 0.39
vt 5.15124 0.5
vt 5.22055 0.39
vt 5.22055 0.5
vt 5.28986 0.39
vt 5.28986 0.5
vt 5.35917 0.39
vt 5.35917 0.5
vt 5.42848 0.39
vt 5.42848 0.5
vt 5.49779 0.39
vt 5.49779 0.5
vt 5.5671 0.39
vt 5.5671 0.5
vt 5.63641 0.39
vt 5.63641 0.5
vt 5.70571 0.39
vt 5.70571 0.5
vt 5.77502 0.39
vt 5.77502 0.5
vt 5.84433 0.39
vt 5.84433 0.5
vt 5.91364 0.39
vt 5.91364 0.5
vt 5.98295 0.39
vt 5.98295 0.5
vt 6.05226 0.39
vt 6.05226 0.5
vt 6.12157 0.39
vt 6.12157 0.5
vt 6.19088 0.39
vt 6.19088 0.5
vt 6.26019 0.39
vt 6.26019 0.5
vt 0.046312 0.39
vt 0.046312 0.5
vt 0.115621 0.39
vt 0.115621 0.5
vt 0.18493 0.39
vt 0.18493 0.5
vt -16.0078 -0.5
vt 16.0078 -0.5
vt 16.0078 -0.39
vt -16.0078 -0.39
vt 7.10543e-14 0.5
vt 7.10543e-14 0.39
vt 0.0682955 0.39
vt 0.0682955 0.5
vt 0.136591 0.39
vt 0.136591 0.5
vt 0.204886 0.39
vt 0.204886 0.5
vt 0.273182 0.39
vt 0.273182 0.5
vt 0.341477 0.39
vt 0.341477 0.5
vt 0.409773 0.39
vt 0.409773 0.5
vt 0.478068 0.39
vt 0.478068 0.5
vt 0.546364 0.39
vt 0.546364 0.5
vt 0.614659 0.39
vt 0.614659 0.5
vt 0.682955 0.39
vt 0.682955 0.5
vt 0.75125 0.39
vt 0.75125 0.5
vt 0.819546 0.39
vt 0.819546 0.5
vt 0.887841 0.39
vt 0.887841 0.5
vt 0.956137 0.39
vt 0.956137 0.5
vt 1.02443 0.39
vt 1.02443 0.5
vt 1.09273 0.39
vt 1.09273 0.5
vt 1.16102 0.39
vt 1.16102 0.5
vt 1.22932 0.39
vt 1.22932 0.5
vt 1.29761 0.39
vt 1.29761 0.5
vt 1.36591 0.39
vt 1.36591 0.5
vt 1.43421 0.39
vt 1.43421 0.5
vt 1.5025 0.39
vt 1.5025 0.5
vt 1.5708 0.39
vt 1.5708 0.5
vt -0.39 60
vt -0.5 60
vt -0.5 -60
vt -0.39 -60
vt 1.5708 0.5
vt 1.5708 0.39
vt 1.63997 0.39
vt 1.63997 0.5
vt 1.70915 0.39
vt 1.70915 0.5
vt 1.77833 0.39
vt 1.77833 0.5
vt 1.8475 0.39
vt 1.8475 0.5
vt 1.91668 0.39
vt 1.91668 0.5
vt 1.98586 0.39
vt 1.98586 0.5
vt 2.05503 0.39
vt 2.05503 0.5
vt 2.12421 0.39
vt 2.12421 0.5
vt 2.19339 0.39
vt 2.19339 0.5
vt 2.26256 0.39
vt 2.26256 0.5
vt 2.33174 0.39
vt 2.33174 0.5
vt 2.40092 0.39
vt 2.40092 0.5
vt 2.47009 0.39
vt 2.47009 0.5
vt 2.53927 0.39
vt 2.53927 0.5
vt 2.60845 0.39
vt 2.60845 0.5
vt 2.67762 0.39
vt 2.67762 0.5
vt 2.7468 0.39
vt 2.7468 0.5
vt 16.0078 -0.39
vt 16.0078 -0.5
vt -16.0078 -0.5
vt -16.0078 -0.39
vt 3.51708 0.5
vt 3.51708 0.39
vt 3.58456 0.39
vt 3.58456 0.5
vt 3.65203 0.39
vt 3.65203 0.5
vt 3.71951 0.39
vt 3.71951 0.5
vt 3.78699 0.39
vt 3.78699 0.5
vt 3.85447 0.39
vt 3.85447 0.5
vt 3.92195 0.39
vt 3.92195 0.5
vt 3.98943 0.39
vt 3.98943 0.5
vt 4.05691 0.39
vt 4.05691 0.5
vt 4.12439 0.39
vt 4.12439 0.5
vt 4.19187 0.39
vt 4.19187 0.5
vt 4.25934 0.39
vt 4.25934 0.5
vt 4.32682 0.39
vt 4.32682 0.5
vt 4.3943 0.39
vt 4.3943 0.5
vt 4.46178 0.39
vt 4.46178 0.5
vt 4.52926 0.39
vt 4.52926 0.5
vt 4.59674 0.39
vt 4.59674 0.5
vt 4.66422 0.39
vt 4.66422 0.5
vt 4.7317 0.39
vt 4.7317 0.5
vt -8.28519 0.11
vt -8.28519 0
vt 8.28519 0
vt 8.28519 0.11
vt 1.96843 -0
vt 1.96843 -0.11
vt 2.03812 -0.11
vt 2.03812 -0
vt 2.10782 -0.11
vt 2.10782 -0
vt 2.17752 -0.11
vt 2.17752 -0
vt 2.24722 -0.11
vt 2.24722 -0
vt 2.31692 -0.11
vt 2.31692 -0
vt 2.38661 -0.11
vt 2.38661 -0
vt 2.45631 -0.11
vt 2.45631 -0
vt 2.52601 -0.11
vt 2.52601 -0
vt 2.59571 -0.11
vt 2.59571 -0
vt 2.66541 -0.11
vt 2.66541 -0
vt 2.7351 -0.11
vt 2.7351 -0
vt 2.8048 -0.11
vt 2.8048 -0
vt 2.8745 -0.11
vt 2.8745 -0
vt 2.9442 -0.11
vt 2.9442 -0
vt 3.0139 -0.11
vt 3.0139 -0
vt 3.08359 -0.11
vt 3.08359 -0
vt 3.15329 -0.11
vt 3.15329 -0
vt 3.22299 -0.11
vt 3.22299 -0
vt 3.29269 -0.11
vt 3.29269 -0
vt 3.36238 -0.11
vt 3.36238 -0
vt 3.43208 -0.11
vt 3.43208 -0
vt 3.50178 -0.11
vt 3.50178 -0
vt 3.57148 -0.11
vt 3.57148 -0
vt 3.64118 -0.11
vt 3.64118 -0
vt 3.71087 -0.11
vt 3.71087 -0
vt 3.78057 -0.11
vt 3.78057 -0
vt 3.85027 -0.11
vt 3.85027 -0
vt 3.91997 -0.11
vt 3.91997 -0
vt 1.25508 0
vt 1.25508 -0.11
vt 1.32452 -0.11
vt 1.32452 0
vt 1.39397 -0.11
vt 1.39397 0
vt 1.46342 -0.11
vt 1.46342 0
vt 1.53286 -0.11
vt 1.53286 0
vt 1.60231 -0.11
vt 1.60231 0
vt 1.67175 -0.11
vt 1.67175 0
vt 1.7412 -0.11
vt 1.7412 0
vt 1.81065 -0.11
vt 1.81065 0
vt 1.88009 -0.11
vt 1.88009 0
vt 5.86875 0
vt 5.86875 -0.11
vt 5.93832 -0.11
vt 5.93832 0
vt 6.00788 -0.11
vt 6.00788 0
vt 6.07744 -0.11
vt 6.07744 0
vt 6.14701 -0.11
vt 6.14701 0
vt 6.21657 -0.11
vt 6.21657 0
vt 0.00294561 -0.11
vt 0.00294561 0
vt 0.0725084 -0.11
vt 0.0725084 0
vt 0.142071 -0.11
vt 0.142071 0
vt 0.211634 -0.11
vt 0.211634 0
vt 0.281197 -0.11
vt 0.281197 0
vt 0.35076 -0.11
vt 0.35076 0
vt 0.420323 -0.11
vt 0.420323 0
vt 0.489885 -0.11
vt 0.489885 0
vt 0.559448 -0.11
vt 0.559448 0
vt 0.629011 -0.11
vt 0.629011 0
vt 0.698574 -0.11
vt 0.698574 0
vt 0.768137 -0.11
vt 0.768137 0
vt 0.8377 -0.11
vt 0.8377 0
vt 0.907263 -0.11
vt 0.907263 0
vt 0.976825 -0.11
vt 0.976825 0
vt 1.04639 -0.11
vt 1.04639 0
vt 1.11595 -0.11
vt 1.11595 0
vt 1.18551 -0.11
vt 1.18551 0
vt 1.25508 -0.11
vt 1.25508 0
vt 9.21498 0.11
vt 9.21498 0
vt -9.21498 0
vt -9.21498 0.11
vt 4.3198 0
vt 4.3198 -0.11
vt 4.38782 -0.11
vt 4.38782 0
vt 4.45585 -0.11
vt 4.45585 0
vt 4.52387 -0.11
vt 4.52387 0
vt 4.5919 -0.11
vt 4.5919 0
vt 4.65992 -0.11
vt 4.65992 0
vt 4.72795 -0.11
vt 4.72795 0
vt 4.79597 -0.11
vt 4.79597 0
vt 4.864 -0.11
vt 4.864 0
vt 4.93202 -0.11
vt 4.93202 0
vt 5.00005 -0.11
vt 5.00005 0
vt 5.06807 -0.11
vt 5.06807 0
vt 5.13609 -0.11
vt 5.13609 0
vt 5.20412 -0.11
vt 5.20412 0
vt 5.27214 -0.11
vt 5.27214 0
vt 5.34017 -0.11
vt 5.34017 0
vt 5.40819 -0.11
vt 5.40819 0
vt 5.47622 -0.11
vt 5.47622 0
vt 5.54424 -0.11
vt 5.54424 0
vt 5.61227 -0.11
vt 5.61227 0
vt 5.68029 -0.11
vt 5.68029 0
vt 5.74832 -0.11
vt 5.74832 0
vt 1.88426 0
vt 1.94868 0
vt 1.94868 -0.11
vt 1.81984 0
vt 1.88426 -0.11
vt 1.75541 0
vt 1.81984 -0.11
vt 1.69099 0
vt 1.75541 -0.11
vt 1.62657 0
vt 1.69099 -0.11
vt 1.56214 0
vt 1.62657 -0.11
vt 1.49772 0
vt 1.56214 -0.11
vt 1.4333 0
vt 1.49772 -0.11
vt 1.36888 0
vt 1.4333 -0.11
vt 1.30445 0
vt 1.36888 -0.11
vt 1.24003 0
vt 1.30445 -0.11
vt 1.17561 0
vt 1.24003 -0.11
vt 1.17561 -0.11
vt 3.72338 0
vt 3.72338 -0.11
vt 3.79149 -0.11
vt 3.79149 0
vt 3.85961 -0.11
vt 3.85961 0
vt 3.92772 -0.11
vt 3.92772 0
vt 3.99584 -0.11
vt 3.99584 0
vt 4.06395 -0.11
vt 4.06395 0
vt 4.13207 -0.11
vt 4.13207 0
vt 4.20018 -0.11
vt 4.20018 0
vt 4.26829 -0.11
vt 4.26829 0
vt 4.33641 -0.11
vt 4.33641 0
vt 4.40452 -0.11
vt 4.40452 0
vt 4.47264 -0.11
vt 4.47264 0
vt 4.54075 -0.11
vt 4.54075 0
vt 4.60887 -0.11
vt 4.60887 0
vt 4.67698 -0.11
vt 4.67698 0
vt 4.7451 -0.11
vt 4.7451 0
vt 4.81321 -0.11
vt 4.81321 0
vt 4.88133 -0.11
vt 4.88133 0
vt 4.94944 -0.11
vt 4.94944 0
vt 5.01756 -0.11
vt 5.01756 0
vt 5.08567 -0.11
vt 5.08567 0
vt 5.15379 -0.11
vt 5.15379 0
vt 5.2219 -0.11
vt 5.2219 0
vt 5.29001 -0.11
vt 5.29001 0
vt 3.14159 0.01
vt 3.14159 -0.1
vt 3.20879 -0.1
vt 3.20879 0.01
vt 3.27599 -0.1
vt 3.27599 0.01
vt 3.3432 -0.1
vt 3.3432 0.01
vt 3.4104 -0.1
vt 3.4104 0.01
vt 3.4776 -0.1
vt 3.4776 0.01
vt 3.5448 -0.1
vt 3.5448 0.01
vt 3.612 -0.1
vt 3.612 0.01
vt 3.6792 -0.1
vt 3.6792 0.01
vt 3.7464 -0.1
vt 3.7464 0.01
vt 3.8136 -0.1
vt 3.8136 0.01
vt 3.8808 -0.1
vt 3.8808 0.01
vt 3.94801 -0.1
vt 3.94801 0.01
vt 4.01521 -0.1
vt 4.01521 0.01
vt 4.08241 -0.1
vt 4.08241 0.01
vt 4.14961 -0.1
vt 4.14961 0.01
vt 4.21681 -0.1
vt 4.21681 0.01
vt 4.28401 -0.1
vt 4.28401 0.01
vt 4.35121 -0.1
vt 4.35121 0.01
vt 4.41841 -0.1
vt 4.41841 0.01
vt 4.48561 -0.1
vt 4.48561 0.01
vt 4.55282 -0.1
vt 4.55282 0.01
vt 4.62002 -0.1
vt 4.62002 0.01
vt 4.68722 -0.1
vt 4.68722 0.01
vt 4.75442 -0.1
vt 4.75442 0.01
vt 37.2861 -0.01
vt -37.2861 -0.01
vt -37.2861 0.1
vt 37.2861 0.1
vt 4.25545 0.01
vt 4.25545 -0.1
vt 4.32377 -0.1
vt 4.32377 0.01
vt 4.39209 -0.1
vt 4.39209 0.01
vt 4.4604 -0.1
vt 4.4604 0.01
vt 4.52872 -0.1
vt 4.52872 0.01
vt 4.59704 -0.1
vt 4.59704 0.01
vt 4.66536 -0.1
vt 4.66536 0.01
vt 4.73368 -0.1
vt 4.73368 0.01
vt 4.802 -0.1
vt 4.802 0.01
vt 4.87032 -0.1
vt 4.87032 0.01
vt 4.93864 -0.1
vt 4.93864 0.01
vt 5.00696 -0.1
vt 5.00696 0.01
vt 5.07528 -0.1
vt 5.07528 0.01
vt 5.1436 -0.1
vt 5.1436 0.01
vt 5.21192 -0.1
vt 5.21192 0.01
vt 5.28024 -0.1
vt 5.28024 0.01
vt 5.34856 -0.1
vt 5.34856 0.01
vt 5.41688 -0.1
vt 5.41688 0.01
vt 5.48519 -0.1
vt 5.48519 0.01
vt 5.55351 -0.1
vt 5.55351 0.01
vt 5.62183 -0.1
vt 5.62183 0.01
vt 5.69015 -0.1
vt 5.69015 0.01
vt 5.75847 -0.1
vt 5.75847 0.01
vt 5.82679 -0.1
vt 5.82679 0.01
vt 5.89511 -0.1
vt 5.89511 0.01
vt 5.96343 -0.1
vt 5.96343 0.01
vt 6.03175 -0.1
vt 6.03175 0.01
vt 6.10007 -0.1
vt 6.10007 0.01
vt 6.16839 -0.1
vt 6.16839 0.01
vt 6.23671 -0.1
vt 6.23671 0.01
vt 0.0218409 -0.1
vt 0.0218409 0.01
vt 0.0901602 -0.1
vt 0.0901602 0.01
vt 0.15848 -0.1
vt 0.15848 0.01
vt 0.226799 -0.1
vt 0.226799 0.01
vt -20.0125 0.1
vt -20.0125 -0.01
vt 20.0125 -0.01
vt 20.0125 0.1
vt 0.174975 0.01
vt 0.174975 -0.1
vt 0.244025 -0.1
vt 0.244025 0.01
vt 0.313075 -0.1
vt 0.313075 0.01
vt 0.382125 -0.1
vt 0.382125 0.01
vt 0.451175 -0.1
vt 0.451175 0.01
vt 0.520225 -0.1
vt 0.520225 0.01
vt 0.589275 -0.1
vt 0.589275 0.01
vt 0.658325 -0.1
vt 0.658325 0.01
vt 0.727374 -0.1
vt 0.727374 0.01
vt 0.796424 -0.1
vt 0.796424 0.01
vt 0.865474 -0.1
vt 0.865474 0.01
vt 0.934524 -0.1
vt 0.934524 0.01
vt 1.00357 -0.1
vt 1.00357 0.01
vt 1.07262 -0.1
vt 1.07262 0.01
vt 1.14167 -0.1
vt 1.14167 0.01
vt 1.21072 -0.1
vt 1.21072 0.01
vt 1.27977 -0.1
vt 1.27977 0.01
vt 1.34882 -0.1
vt 1.34882 0.01
vt 1.41787 -0.1
vt 1.41787 0.01
vt 1.48692 -0.1
vt 1.48692 0.01
vt 1.55597 -0.1
vt 1.55597 0.01
vt 1.62502 -0.1
vt 1.62502 0.01
vt 1.69407 -0.1
vt 1.69407 0.01
vt 1.76312 -0.1
vt 1.76312 0.01
vt 1.83217 -0.1
vt 1.83217 0.01
vt 1.90122 -0.1
vt 1.90122 0.01
vt 1.97027 -0.1
vt 1.97027 0.01
vt 2.03932 -0.1
vt 2.03932 0.01
vt 4.58488 0.1
vt 4.65308 0.1
vt 4.65308 -0.01
vt 4.51668 0.1
vt 4.58488 -0.01
vt 4.44847 0.1
vt 4.51668 -0.01
vt 4.38027 0.1
vt 4.44847 -0.01
vt 4.31207 0.1
vt 4.38027 -0.01
vt 4.24386 0.1
vt 4.31207 -0.01
vt 4.24386 -0.01
vt 0 0.1
vt 0 -0.01
vt 0.068704 -0.01
vt 0.068704 0.1
vt 0.137408 -0.01
vt 0.137408 0.1
vt 0.206112 -0.01
vt 0.206112 0.1
vt 0.274816 -0.01
vt 0.274816 0.1
vt 0.34352 -0.01
vt 0.34352 0.1
vt 0.412224 -0.01
vt 0.412224 0.1
vt 0.480928 -0.01
vt 0.480928 0.1
vt 0.549632 -0.01
vt 0.549632 0.1
vt 0.618336 -0.01
vt 0.618336 0.1
vt 0.68704 -0.01
vt 0.68704 0.1
vt 0.755744 -0.01
vt 0.755744 0.1
vt 0.824448 -0.01
vt 0.824448 0.1
vt 0.893152 -0.01
vt 0.893152 0.1
vt 0.961856 -0.01
vt 0.961856 0.1
vt 1.03056 -0.01
vt 1.03056 0.1
vt 1.09926 -0.01
vt 1.09926 0.1
vt 1.16797 -0.01
vt 1.16797 0.1
vt 1.23667 -0.01
vt 1.23667 0.1
vt 1.30538 -0.01
vt 1.30538 0.1
vt 1.37408 -0.01
vt 1.37408 0.1
vt 1.44278 -0.01
vt 1.44278 0.1
vt 1.51149 -0.01
vt 1.51149 0.1
vt -0.1 -13.5
vt 0.01 -13.5
vt 0.01 13.5
vt -0.1 13.5
vt 4.22182 0.01
vt 4.22182 -0.1
vt 4.28723 -0.1
vt 4.28723 0.01
vt 4.35264 -0.1
vt 4.35264 0.01
vt 4.41805 -0.1
vt 4.41805 0.01
vt 4.48346 -0.1
vt 4.48346 0.01
vt 4.54887 -0.1
vt 4.54887 0.01
vt 4.61428 -0.1
vt 4.61428 0.01
vt 4.67968 -0.1
vt 4.67968 0.01
vt 4.74509 -0.1
vt 4.74509 0.01
vt 4.8105 -0.1
vt 4.8105 0.01
vt 4.87591 -0.1
vt 4.87591 0.01
vt 4.94132 -0.1
vt 4.94132 0.01
vt 5.00673 -0.1
vt 5.00673 0.01
vt 5.07214 -0.1
vt 5.07214 0.01
vt 5.13755 -0.1
vt 5.13755 0.01
vt 5.20296 -0.1
vt 5.20296 0.01
vt 5.20296 0.01
vt 5.20296 -0.1
vt 5.27265 -0.1
vt 5.27265 0.01
vt 5.34234 -0.1
vt 5.34234 0.01
vt 5.41203 -0.1
vt 5.41203 0.01
vt 5.48172 -0.1
vt 5.48172 0.01
vt 5.55142 -0.1
vt 5.55142 0.01
vt 5.62111 -0.1
vt 5.62111 0.01
vt 5.6908 -0.1
vt 5.6908 0.01
vt 5.76049 -0.1
vt 5.76049 0.01
vt 5.83019 -0.1
vt 5.83019 0.01
vt 5.89988 -0.1
vt 5.89988 0.01
vt 5.96957 -0.1
vt 5.96957 0.01
vt 6.03926 -0.1
vt 6.03926 0.01
vt 6.10895 -0.1
vt 6.10895 0.01
vt 6.17865 -0.1
vt 6.17865 0.01
vt 6.24834 -0.1
vt 6.24834 0.01
vt 0.0348461 -0.1
vt 0.0348461 0.01
vt 0.104538 -0.1
vt 0.104538 0.01
vt 0.174231 -0.1
vt 0.174231 0.01
vt 0.243923 -0.1
vt 0.243923 0.01
vt 0.313615 -0.1
vt 0.313615 0.01
vt 0.383307 -0.1
vt 0.383307 0.01
vt 0.453 -0.1
vt 0.453 0.01
vt 0.522692 -0.1
vt 0.522692 0.01
vt 0.592384 -0.1
vt 0.592384 0.01
vt 0.662077 -0.1
vt 0.662077 0.01
vt 0.731769 -0.1
vt 0.731769 0.01
vt 0.801461 -0.1
vt 0.801461 0.01
vt 0.871153 -0.1
vt 0.871153 0.01
vt 0.940846 -0.1
vt 0.940846 0.01
vt 1.01054 -0.1
vt 1.01054 0.01
vt 1.08023 -0.1
vt 1.08023 0.01
vt 1.08023 0.01
vt 1.08023 -0.1
vt 1.14656 -0.1
vt 1.14656 0.01
vt 1.21288 -0.1
vt 1.21288 0.01
vt 1.27921 -0.1
vt 1.27921 0.01
vt 1.34554 -0.1
vt 1.34554 0.01
vt 1.41186 -0.1
vt 1.41186 0.01
vt 1.47819 -0.1
vt 1.47819 0.01
vt 1.54452 -0.1
vt 1.54452 0.01
vt 1.61084 -0.1
vt 1.61084 0.01
vt 1.60524 0.01
vt 1.60524 -0.1
vt 1.66828 -0.1
vt 1.66828 0.01
vt 1.73132 -0.1
vt 1.73132 0.01
vt 1.79437 -0.1
vt 1.79437 0.01
vt 1.85741 -0.1
vt 1.85741 0.01
vt 1.92045 -0.1
vt 1.92045 0.01
vt 1.92045 0.01
vt 1.92045 -0.1
vt 1.99019 -0.1
vt 1.99019 0.01
vt 2.05993 -0.1
vt 2.05993 0.01
vt 2.12967 -0.1
vt 2.12967 0.01
vt 2.1994 -0.1
vt 2.1994 0.01
vt 2.26914 -0.1
vt 2.26914 0.01
vt 2.33888 -0.1
vt 2.33888 0.01
vt 2.40862 -0.1
vt 2.40862 0.01
vt 2.47836 -0.1
vt 2.47836 0.01
vt 2.5481 -0.1
vt 2.5481 0.01
vt 2.61784 -0.1
vt 2.61784 0.01
vt 2.68757 -0.1
vt 2.68757 0.01
vt 2.75731 -0.1
vt 2.75731 0.01
vt 2.82705 -0.1
vt 2.82705 0.01
vt 2.89679 -0.1
vt 2.89679 0.01
vt 2.96653 -0.1
vt 2.96653 0.01
vt 3.03627 -0.1
vt 3.03627 0.01
vt 3.10601 -0.1
vt 3.10601 0.01
vt 3.17574 -0.1
vt 3.17574 0.01
vt 3.24548 -0.1
vt 3.24548 0.01
vt 3.31522 -0.1
vt 3.31522 0.01
vt 3.38496 -0.1
vt 3.38496 0.01
vt 3.4547 -0.1
vt 3.4547 0.01
vt 3.52444 -0.1
vt 3.52444 0.01
vt 3.59418 -0.1
vt 3.59418 0.01
vt 3.66391 -0.1
vt 3.66391 0.01
vt 3.73365 -0.1
vt 3.73365 0.01
vt 3.80339 -0.1
vt 3.80339 0.01
vt 3.87313 -0.1
vt 3.87313 0.01
vt 3.94287 -0.1
vt 3.94287 0.01
vt 4.01261 -0.1
vt 4.01261 0.01
vt 4.08235 -0.1
vt 4.08235 0.01
vt 4.15208 -0.1
vt 4.15208 0.01
vt 4.22182 -0.1
vt 4.22182 0.01
vt -14.7333 0
vt -14.7333 -0.01
vt 14.7333 -0.01
vt 14.7333 0
vt 5.70161 0.01
vt 5.70161 0
vt 5.76914 0
vt 5.76914 0.01
vt 5.83667 0
vt 5.83667 0.01
vt 5.9042 0
vt 5.9042 0.01
vt 5.97174 0
vt 5.97174 0.01
vt 6.03927 0
vt 6.03927 0.01
vt 6.1068 0
vt 6.1068 0.01
vt 6.17433 0
vt 6.17433 0.01
vt 6.24186 0
vt 6.24186 0.01
vt 0.0262068 0
vt 0.0262068 0.01
vt 0.0937381 0
vt 0.0937381 0.01
vt 0.16127 0
vt 0.16127 0.01
vt 0.228801 0
vt 0.228801 0.01
vt 0.296332 0
vt 0.296332 0.01
vt 0.363864 0
vt 0.363864 0.01
vt 0.431395 0
vt 0.431395 0.01
vt 0.498926 0
vt 0.498926 0.01
vt 0.566458 0
vt 0.566458 0.01
vt 0.633989 0
vt 0.633989 0.01
vt 0.701521 0
vt 0.701521 0.01
vt 0.769052 0
vt 0.769052 0.01
vt 0.836583 0
vt 0.836583 0.01
vt 0.904115 0
vt 0.904115 0.01
vt 0.971646 0
vt 0.971646 0.01
vt 1.03918 0
vt 1.03918 0.01
vt 1.10671 0
vt 1.10671 0.01
vt 1.17424 0
vt 1.17424 0.01
vt 1.24177 0
vt 1.24177 0.01
vt 1.24177 0.01
vt 1.24177 -0
vt 1.31137 -0
vt 1.31137 0.01
vt 1.38096 -0
vt 1.38096 0.01
vt 1.45056 -0
vt 1.45056 0.01
vt 1.52015 -0
vt 1.52015 0.01
vt 1.58975 -0
vt 1.58975 0.01
vt 1.65935 -0
vt 1.65935 0.01
vt 1.72894 -0
vt 1.72894 0.01
vt 1.79854 -0
vt 1.79854 0.01
vt 1.86813 -0
vt 1.86813 0.01
vt 1.86813 0.01
vt 1.86813 0
vt 1.93542 0
vt 1.93542 0.01
vt 2.0027 0
vt 2.0027 0.01
vt 2.06999 0
vt 2.06999 0.01
vt 2.13727 0
vt 2.13727 0.01
vt 2.20455 0
vt 2.20455 0.01
vt 2.27184 0
vt 2.27184 0.01
vt 2.33912 0
vt 2.33912 0.01
vt 2.40641 0
vt 2.40641 0.01
vt 2.47369 0
vt 2.47369 0.01
vt 2.54097 0
vt 2.54097 0.01
vt 2.60826 0
vt 2.60826 0.01
vt 2.67554 0
vt 2.67554 0.01
vt 2.74283 0
vt 2.74283 0.01
vt 2.81011 0
vt 2.81011 0.01
vt 2.8774 0
vt 2.8774 0.01
vt 2.94468 0
vt 2.94468 0.01
vt 3.01196 0
vt 3.01196 0.01
vt 3.07925 0
vt 3.07925 0.01
vt 3.14653 0
vt 3.14653 0.01
vt 3.21382 0
vt 3.21382 0.01
vt 3.2811 0
vt 3.2811 0.01
vt 3.34838 0
vt 3.34838 0.01
vt 3.41567 0
vt 3.41567 0.01
vt 3.48295 0
vt 3.48295 0.01
vt 3.55024 0
vt 3.55024 0.01
vt -14.504 0
vt -14.504 -0.01
vt 14.504 -0.01
vt 14.504 0
vt 6.8469 0.01
vt 6.91583 0.01
vt 6.91583 0
vt 0.49479 0.01
vt 6.8469 0
vt 0.425862 0.01
vt 0.49479 0
vt 0.356935 0.01
vt 0.425862 0
vt 0.288008 0.01
vt 0.356935 0
vt 0.21908 0.01
vt 0.288008 0
vt 0.150153 0.01
vt 0.21908 0
vt 0.0812256 0.01
vt 0.150153 0
vt 0.0122982 0.01
vt 0.0812256 0
vt 6.22656 0.01
vt 0.0122982 0
vt 6.15763 0.01
vt 6.22656 0
vt 6.0887 0.01
vt 6.15763 0
vt 6.01977 0.01
vt 6.0887 0
vt 5.95085 0.01
vt 6.01977 0
vt 5.95085 0
vt -33.0592 0
vt -33.0592 -0.01
vt 33.0592 -0.01
vt 33.0592 0
vt 3.01546 0.01
vt 3.01546 0
vt 3.08482 0
vt 3.08482 0.01
vt 3.15418 0
vt 3.15418 0.01
vt 3.22354 0
vt 3.22354 0.01
vt 3.2929 0
vt 3.2929 0.01
vt 3.36226 0
vt 3.36226 0.01
vt 3.43162 0
vt 3.43162 0.01
vt 3.50099 0
vt 3.50099 0.01
vt 3.57035 0
vt 3.57035 0.01
vt 3.63971 0
vt 3.63971 0.01
vt 3.70907 0
vt 3.70907 0.01
vt 3.77843 0
vt 3.77843 0.01
vt 3.84779 0
vt 3.84779 0.01
vt 3.91715 0
vt 3.91715 0.01
vt 3.98651 0
vt 3.98651 0.01
vt 4.05587 0
vt 4.05587 0.01
vt 4.12523 0
vt 4.12523 0.01
vt 4.19459 0
vt 4.19459 0.01
vt 4.26395 0
vt 4.26395 0.01
vt 4.33332 0
vt 4.33332 0.01
vt 4.40268 0
vt 4.40268 0.01
vt 4.47204 0
vt 4.47204 0.01
vt 4.5414 0
vt 4.5414 0.01
vt 4.61076 0
vt 4.61076 0.01
vt 4.68012 0
vt 4.68012 0.01
vt 6.0208 0
vt 6.0208 -0.01
vt -6.0208 -0.01
vt -6.0208 0
vt 1.21136 0.01
vt 1.27844 0.01
vt 1.27844 0
vt 1.14428 0.01
vt 1.21136 0
vt 1.0772 0.01
vt 1.14428 0
vt 1.01013 0.01
vt 1.0772 0
vt 0.94305 0.01
vt 1.01013 0
vt 0.875973 0.01
vt 0.94305 0
vt 0.808895 0.01
vt 0.875973 0
vt 0.741818 0.01
vt 0.808895 0
vt 0.674741 0.01
vt 0.741818 0
vt 0.607664 0.01
vt 0.674741 0
vt 0.540587 0.01
vt 0.607664 0
vt 0.473509 0.01
vt 0.540587 0
vt 0.406432 0.01
vt 0.473509 0
vt 0.339355 0.01
vt 0.406432 0
vt 0.272278 0.01
vt 0.339355 0
vt 0.205201 0.01
vt 0.272278 0
vt 0.138123 0.01
vt 0.205201 0
vt 0.0710461 0.01
vt 0.138123 0
vt 0.0710461 0
vt -16.0312 0
vt -16.0312 -0.01
vt 16.0312 -0.01
vt 16.0312 0
vt 3.07917 0.01
vt 3.07917 0
vt 3.14801 0
vt 3.14801 0.01
vt 3.21684 0
vt 3.21684 0.01
vt 3.28567 0
vt 3.28567 0.01
vt 3.3545 0
vt 3.3545 0.01
vt 3.42334 0
vt 3.42334 0.01
vt 3.49217 0
vt 3.49217 0.01
vt 3.561 0
vt 3.561 0.01
vt 3.62983 0
vt 3.62983 0.01
vt 3.69867 0
vt 3.69867 0.01
vt 3.7675 0
vt 3.7675 0.01
vt 3.83633 0
vt 3.83633 0.01
vt 3.90516 0
vt 3.90516 0.01
vt 3.974 0
vt 3.974 0.01
vt 4.04283 0
vt 4.04283 0.01
vt 4.11166 0
vt 4.11166 0.01
vt 4.18049 0
vt 4.18049 0.01
vt 4.24933 0
vt 4.24933 0.01
vt 4.31816 0
vt 4.31816 0.01
vt 4.38699 0
vt 4.38699 0.01
vt 4.45582 0
vt 4.45582 0.01
vt 4.52466 0
vt 4.52466 0.01
vt 4.59349 0
vt 4.59349 0.01
vt 65.5 0
vt 65.5 -0.01
vt -65.5 -0.01
vt -65.5 0
vt 4.71239 0.01
vt 4.71239 0
vt 4.78221 0
vt 4.78221 0.01
vt 4.85204 0
vt 4.85204 0.01
vt 4.92186 0
vt 4.92186 0.01
vt 4.99169 0
vt 4.99169 0.01
vt 5.06151 0
vt 5.06151 0.01
vt 5.13134 0
vt 5.13134 0.01
vt 5.20116 0
vt 5.20116 0.01
vt 5.27099 0
vt 5.27099 0.01
vt 5.34081 0
vt 5.34081 0.01
vt 5.41064 0
vt 5.41064 0.01
vt 5.48046 0
vt 5.48046 0.01
vt 5.55029 0
vt 5.55029 0.01
vt 5.62011 0
vt 5.62011 0.01
vt 5.68994 0
vt 5.68994 0.01
vt 5.75976 0
vt 5.75976 0.01
vt 5.82959 0
vt 5.82959 0.01
vt -19.0591 -0.01
vt 19.0591 -0.01
vt 19.0591 0
vt -19.0591 0
vt 2.99551 0.01
vt 3.06281 0.01
vt 3.06281 -0
vt 2.92822 0.01
vt 2.99551 -0
vt 2.86092 0.01
vt 2.92822 -0
vt 2.79362 0.01
vt 2.86092 -0
vt 2.72633 0.01
vt 2.79362 -0
vt 2.65903 0.01
vt 2.72633 -0
vt 2.59173 0.01
vt 2.65903 -0
vt 2.52444 0.01
vt 2.59173 -0
vt 2.45714 0.01
vt 2.52444 -0
vt 2.38984 0.01
vt 2.45714 -0
vt 2.32255 0.01
vt 2.38984 -0
vt 2.25525 0.01
vt 2.32255 -0
vt 2.18795 0.01
vt 2.25525 -0
vt 2.12066 0.01
vt 2.18795 -0
vt 2.05336 0.01
vt 2.12066 -0
vt 1.98606 0.01
vt 2.05336 -0
vt 1.91877 0.01
vt 1.98606 -0
vt 1.85147 0.01
vt 1.91877 -0
vt 1.78417 0.01
vt 1.85147 -0
vt 1.71688 0.01
vt 1.78417 -0
vt 1.64958 0.01
vt 1.71688 -0
vt 1.64958 -0
vt 6.5192 0
vt 6.5192 -0.01
vt -6.5192 -0.01
vt -6.5192 0
vt 4.63562 0.01
vt 4.63562 0
vt 4.70368 0
vt 4.70368 0.01
vt 4.77174 0
vt 4.77174 0.01
vt 4.83979 0
vt 4.83979 0.01
vt 4.90785 0
vt 4.90785 0.01
vt 4.97591 0
vt 4.97591 0.01
vt 5.04397 0
vt 5.04397 0.01
vt 5.11203 0
vt 5.11203 0.01
vt 5.18009 0
vt 5.18009 0.01
vt 5.24815 0
vt 5.24815 0.01
vt 5.31621 0
vt 5.31621 0.01
vt 5.38427 0
vt 5.38427 0.01
vt 5.45233 0
vt 5.45233 0.01
vt 5.52039 0
vt 5.52039 0.01
vt 5.58845 0
vt 5.58845 0.01
vt 5.65651 0
vt 5.65651 0.01
vt 5.72457 0
vt 5.72457 0.01
vt 5.79262 0
vt 5.79262 0.01
vt 5.86068 0
vt 5.86068 0.01
vt 5.92874 0
vt 5.92874 0.01
vt 5.9968 0
vt 5.9968 0.01
vt 6.06486 0
vt 6.06486 0.01
vt 6.13292 0
vt 6.13292 0.01
vt 6.20098 0
vt 6.20098 0.01
vt 6.26904 0
vt 6.26904 0.01
vt 0.0539138 0
vt 0.0539138 0.01
vt 0.121973 0
vt 0.121973 0.01
vt 0.190032 0
vt 0.190032 0.01
vt 0.258092 0
vt 0.258092 0.01
vt 328.848 38.606
vt 346.71 67.0582
vt 346.772 66.4151
vt 141.68 69.6912
vt 141.941 70.0228
vt 142.225 70.336
vt 165.807 78.302
vt 140.649 64.4755
vt 140.561 64.8886
vt 168.967 -40.7087
vt 316.953 -41.4339
vt 316.627 -41.6241
vt 333.046 -39.1406
vt 330.908 -39.9074
vt 330.455 -39.9695
vt 332.641 -39.3526
vt 332.223 -39.5361
vt 346.605 67.6957
vt 346.268 68.9425
vt 346.458 68.3248
vt 342.341 73.9212
vt 342.874 73.5563
vt 297.05 84.9541
vt 318.698 80.7246
vt 141.441 69.3427
vt 144.303 71.7555
vt 144.698 71.9053
vt 142.528 70.6294
vt 140.47 65.7277
vt 140.466 66.15
vt 140.765 64.0694
vt 147.406 -35.4801
vt 146.895 -33.9401
vt 146.857 -33.6163
vt 147.263 -35.1875
vt 147.139 -34.8858
vt 147 -32
vt 151.348 -38.0057
vt 151.024 -37.9753
vt 180 -84
vt 312.865 -83.4414
vt 312.509 -83.604
vt 314.995 -43.1804
vt 314.79 -43.498
vt 315.732 -42.3199
vt 315.468 -42.59
vt 317.292 -41.2659
vt 331.354 -39.8142
vt 331.794 -39.6903
vt 330 -40
vt 334.157 -38.3442
vt 333.805 -38.6351
vt 346.791 65.7692
vt 346.766 65.1235
vt 345.767 70.1327
vt 346.037 69.546
vt 345.11 71.2448
vt 345.457 70.6998
vt 343.381 73.1564
vt 340.611 74.79
vt 341.207 74.5394
vt 340 75
vt 143.919 71.5793
vt 142.851 70.9016
vt 143.192 71.1514
vt 140.492 66.5716
vt 140.545 66.9904
vt 140.501 65.3066
vt 140.908 63.672
vt 141.273 62.9106
vt 141.078 63.2852
vt 146.848 -32.9647
vt 146.877 -32.6399
vt 146.955 -34.2606
vt 147.036 -34.5763
vt 146.928 -32.3179
vt 147.952 -36.2902
vt 147.752 -36.0327
vt 151.674 -38.0139
vt 312.143 -83.7418
vt 169 -41
vt 172.621 -80.0756
vt 172.292 -79.5486
vt 314.606 -43.8286
vt 315.222 -42.8773
vt 317.642 -41.1211
vt 333.434 -38.901
vt 335.338 -36.9592
vt 335.08 -37.3353
vt 335.774 -36.1577
vt 335.57 -36.566
vt 336.095 -35.3036
vt 335.949 -35.7362
vt 336.295 -34.4134
vt 336.21 -34.8619
vt 346.432 63.217
vt 346.237 62.6012
vt 346.698 64.481
vt 346.586 63.8446
vt 344.31 72.2588
vt 344.727 71.7653
vt 341.784 74.2494
vt 143.548 71.3776
vt 140.874 68.2121
vt 141.037 68.6015
vt 140.627 67.4047
vt 140.737 67.8126
vt 146.842 -33.2907
vt 147.57 -35.7623
vt 148.402 -36.7613
vt 148.169 -36.5334
vt 149.768 -37.6366
vt 149.472 -37.4996
vt 150.702 -37.9229
vt 311.768 -83.854
vt 311.387 -83.9402
vt 313.209 -83.2547
vt 314.433 -82.2862
vt 314.152 -82.5594
vt 315.151 -81.3606
vt 314.933 -81.6854
vt 172.986 -80.5783
vt 174.768 -82.2997
vt 174.278 -81.9171
vt 175.821 -82.9579
vt 175.283 -82.6472
vt 166.143 -37.2476
vt 165.864 -37.157
vt 167.178 -37.7901
vt 166.934 -37.6286
vt 314.445 -44.1708
vt 314.307 -44.523
vt 316.313 -41.8359
vt 316.015 -42.0681
vt 318 -41
vt 334.796 -37.6927
vt 334.488 -38.0295
vt 343.861 72.7232
vt 141.227 68.9789
vt 141.493 62.5501
vt 158.974 33.8415
vt 158.938 34.3828
vt 165 -37
vt 158.933 32.7579
vt 158.972 33.2991
vt 149.074 -24.5051
vt 158.745 31.6901
vt 148.912 -37.1669
vt 148.65 -36.9728
vt 149.187 -37.3428
vt 150.384 -37.8487
vt 150.073 -37.7531
vt 152 -38
vt 313.854 -82.8126
vt 314.693 -81.9944
vt 316.011 -78.3911
vt 315.995 -78.7821
vt 173.385 -81.0543
vt 176.956 -83.4631
vt 176.379 -83.2303
vt 165.58 -37.0853
vt 166.679 -37.4839
vt 166.415 -37.3567
vt 167.411 -37.9677
vt 167.632 -38.1606
vt 209.104 86.6212
vt 231.08 88.5035
vt 187.311 83.2152
vt 314.039 -45.6238
vt 314 -46
vt 314.194 -44.8837
vt 314.104 -45.2512
vt 158.865 34.9204
vt 158.858 32.2208
vt 313.539 -83.0448
vt 315.787 -79.9354
vt 315.665 -80.3073
vt 315.952 -79.171
vt 173.817 -81.5013
vt 178.761 -83.9134
vt 178.149 -83.8054
vt 316 -78
vt 165.291 -37.0329
vt 253.135 88.8529
vt 168.371 -39.0664
vt 168.21 -38.8217
vt 275.161 87.6679
vt 168.843 -40.1361
vt 168.752 -39.8574
vt 336.369 -33.5041
vt 336.348 -33.96
vt 328.051 37.1282
vt 327.917 36.7288
vt 158.609 35.9742
vt 158.428 36.4855
vt 158.755 35.4517
vt 315.518 -80.6699
vt 315.347 -81.0216
vt 315.883 -79.556
vt 177.546 -83.6551
vt 168.032 -38.5885
vt 167.839 -38.3678
vt 168.643 -39.5853
vt 168.516 -39.3213
vt 168.915 -40.4203
vt 336.318 -32.5932
vt 336.359 -33.0477
vt 327.812 36.3212
vt 346 62
vt 157.68 37.9279
vt 158.212 36.9831
vt 179.379 -83.9783
vt 327.876 33.4025
vt 328 33
vt 328.211 37.5174
vt 328.611 38.258
vt 157.962 37.4646
vt 327.714 34.2282
vt 327.781 33.8126
vt 327.686 35.4891
vt 327.666 35.0685
vt 327.734 35.9073
vt 328.398 37.8946
vt 172 -79
vt 327.675 34.6475
vt 311 -84
vt -3.88828 0
vt -3.88828 -0.01
vt 3.88828 -0.01
vt 3.88828 0
vt 28.5106 0
vt 28.5106 -0.01
vt -28.5106 -0.01
vt -28.5106 0
vt 3.31616 0.01
vt 3.3849 0.01
vt 3.3849 0
vt 3.24742 0.01
vt 3.31616 0
vt 3.17868 0.01
vt 3.24742 0
vt 3.10994 0.01
vt 3.17868 0
vt 3.0412 0.01
vt 3.10994 0
vt 2.97246 0.01
vt 3.0412 0
vt 2.90372 0.01
vt 2.97246 0
vt 2.83498 0.01
vt 2.90372 0
vt 2.76624 0.01
vt 2.83498 0
vt 2.6975 0.01
vt 2.76624 0
vt 2.62876 0.01
vt 2.6975 0
vt 2.56002 0.01
vt 2.62876 0
vt 2.56002 0
f 524/524/2 525/525/2 526/526/3
f 527/527/3 526/526/3 528/528/4
f 529/529/4 528/528/4 530/530/5
f 531/531/5 530/530/5 532/532/6
f 533/533/6 532/532/6 534/534/7
f 535/535/7 534/534/7 536/536/8
f 537/537/8 536/536/8 538/538/9
f 539/539/9 538/538/9 540/540/10
f 541/541/10 540/540/10 542/542/11
f 543/543/11 542/542/11 544/544/12
f 545/545/12 544/544/12 546/546/13
f 547/547/13 546/546/13 548/548/14
f 549/549/14 548/548/14 550/550/15
f 551/551/15 550/550/15 552/552/16
f 553/553/16 552/552/16 554/554/17
f 555/555/17 554/554/17 556/556/18
f 557/557/18 556/556/18 558/558/19
f 559/559/19 558/558/19 560/560/20
f 561/561/20 560/560/20 562/562/21
f 563/563/21 562/562/21 564/564/22
f 565/565/22 564/564/22 566/566/23
f 567/567/23 566/566/23 568/568/24
f 569/569/24 568/568/24 570/570/25
f 570/570/25 571/571/25 569/569/24
f 568/568/24 569/569/24 567/567/23
f 566/566/23 567/567/23 565/565/22
f 564/564/22 565/565/22 563/563/21
f 562/562/21 563/563/21 561/561/20
f 560/560/20 561/561/20 559/559/19
f 558/558/19 559/559/19 557/557/18
f 556/556/18 557/557/18 555/555/17
f 554/554/17 555/555/17 553/553/16
f 552/552/16 553/553/16 551/551/15
f 550/550/15 551/551/15 549/549/14
f 548/548/14 549/549/14 547/547/13
f 546/546/13 547/547/13 545/545/12
f 544/544/12 545/545/12 543/543/11
f 542/542/11 543/543/11 541/541/10
f 540/540/10 541/541/10 539/539/9
f 538/538/9 539/539/9 537/537/8
f 536/536/8 537/537/8 535/535/7
f 534/534/7 535/535/7 533/533/6
f 532/532/6 533/533/6 531/531/5
f 530/530/5 531/531/5 529/529/4
f 528/528/4 529/529/4 527/527/3
f 526/526/3 527/527/3 524/524/2
f 572/572/25 573/573/25 571/574/25
f 571/574/25 570/575/25 572/572/25
f 573/576/25 572/577/25 574/578/26
f 575/579/26 574/578/26 576/580/27
f 577/581/27 576/580/27 578/582/28
f 579/583/28 578/582/28 580/584/29
f 581/585/29 580/584/29 582/586/30
f 583/587/30 582/586/30 584/588/31
f 585/589/31 584/588/31 586/590/32
f 587/591/32 586/590/32 588/592/33
f 589/593/33 588/592/33 590/594/34
f 591/595/34 590/594/34 592/596/35
f 593/597/35 592/596/35 594/598/36
f 595/599/36 594/598/36 596/600/37
f 597/601/37 596/600/37 598/602/38
f 599/603/38 598/602/38 600/604/39
f 601/605/39 600/604/39 602/606/40
f 603/607/40 602/606/40 604/608/41
f 605/609/41 604/608/41 606/610/42
f 607/611/42 606/610/42 608/612/43
f 609/613/43 608/612/43 610/614/44
f 610/614/44 611/615/44 609/613/43
f 608/612/43 609/613/43 607/611/42
f 606/610/42 607/611/42 605/609/41
f 604/608/41 605/609/41 603/607/40
f 602/606/40 603/607/40 601/605/39
f 600/604/39 601/605/39 599/603/38
f 598/602/38 599/603/38 597/601/37
f 596/600/37 597/601/37 595/599/36
f 594/598/36 595/599/36 593/597/35
f 592/596/35 593/597/35 591/595/34
f 590/594/34 591/595/34 589/593/33
f 588/592/33 589/593/33 587/591/32
f 586/590/32 587/591/32 585/589/31
f 584/588/31 585/589/31 583/587/30
f 582/586/30 583/587/30 581/585/29
f 580/584/29 581/585/29 579/583/28
f 578/582/28 579/583/28 577/581/27
f 576/580/27 577/581/27 575/579/26
f 574/578/26 575/579/26 573/576/25
f 612/616/45 611/617/46 610/618/46
f 613/619/47 612/616/45 614/620/48
f 615/621/49 613/619/47 616/622/50
f 617/623/51 615/621/49 618/624/52
f 619/625/53 617/623/51 620/626/54
f 621/627/55 619/625/53 622/628/56
f 623/629/57 621/627/55 624/630/58
f 625/631/59 623/629/57 626/632/60
f 627/633/61 625/631/59 628/634/62
f 628/634/62 629/635/61 627/633/61
f 626/632/60 628/634/62 625/631/59
f 624/630/58 626/632/60 623/629/57
f 622/628/56 624/630/58 621/627/55
f 620/626/54 622/628/56 619/625/53
f 618/624/52 620/626/54 617/623/51
f 616/622/50 618/624/52 615/621/49
f 614/620/48 616/622/50 613/619/47
f 610/618/46 614/620/48 612/616/45
f 627/636/61 629/637/61 630/638/63
f 631/639/63 630/638/63 632/640/64
f 633/641/64 632/640/64 634/642/65
f 635/643/65 634/642/65 636/644/66
f 637/645/66 636/644/66 638/646/67
f 639/647/67 638/646/67 640/648/68
f 641/649/68 640/648/68 642/650/69
f 643/651/69 642/650/69 644/652/70
f 645/653/70 644/652/70 646/654/71
f 647/655/71 646/654/71 648/656/72
f 649/657/72 648/656/72 650/658/73
f 651/659/73 650/658/73 652/660/74
f 653/661/74 652/660/74 654/662/75
f 655/663/75 654/662/75 656/664/76
f 657/665/76 656/664/76 658/666/77
f 659/667/77 658/666/77 660/668/78
f 661/669/78 660/668/78 662/670/79
f 663/671/79 662/670/79 664/672/80
f 665/673/80 664/672/80 666/674/81
f 667/675/81 666/674/81 668/676/82
f 669/677/82 668/676/82 670/678/83
f 671/679/83 670/678/83 672/680/84
f 673/681/84 672/680/84 674/682/85
f 675/683/85 674/682/85 676/684/86
f 677/685/86 676/684/86 678/686/87
f 679/687/87 678/686/87 680/688/88
f 681/689/88 680/688/88 682/690/89
f 683/691/89 682/690/89 684/692/90
f 685/693/90 684/692/90 686/694/91
f 686/694/91 687/695/91 685/693/90
f 684/692/90 685/693/90 683/691/89
f 682/690/89 683/691/89 681/689/88
f 680/688/88 681/689/88 679/687/87
f 678/686/87 679/687/87 677/685/86
f 676/684/86 677/685/86 675/683/85
f 674/682/85 675/683/85 673/681/84
f 672/680/84 673/681/84 671/679/83
f 670/678/83 671/679/83 669/677/82
f 668/676/82 669/677/82 667/675/81
f 666/674/81 667/675/81 665/673/80
f 664/672/80 665/673/80 663/671/79
f 662/670/79 663/671/79 661/669/78
f 660/668/78 661/669/78 659/667/77
f 658/666/77 659/667/77 657/665/76
f 656/664/76 657/665/76 655/663/75
f 654/662/75 655/663/75 653/661/74
f 652/660/74 653/661/74 651/659/73
f 650/658/73 651/659/73 649/657/72
f 648/656/72 649/657/72 647/655/71
f 646/654/71 647/655/71 645/653/70
f 644/652/70 645/653/70 643/651/69
f 642/650/69 643/651/69 641/649/68
f 640/648/68 641/649/68 639/647/67
f 638/646/67 639/647/67 637/645/66
f 636/644/66 637/645/66 635/643/65
f 634/642/65 635/643/65 633/641/64
f 632/640/64 633/641/64 631/639/63
f 630/638/63 631/639/63 627/636/61
f 688/696/91 689/697/91 687/698/91
f 687/698/91 686/699/91 688/696/91
f 689/700/92 688/701/92 690/702/93
f 691/703/93 690/702/93 692/704/94
f 693/705/94 692/704/94 694/706/95
f 695/707/95 694/706/95 696/708/96
f 697/709/96 696/708/96 698/710/97
f 699/711/97 698/710/97 700/712/98
f 701/713/98 700/712/98 702/714/99
f 703/715/99 702/714/99 704/716/100
f 705/717/100 704/716/100 706/718/101
f 707/719/101 706/718/101 708/720/102
f 709/721/102 708/720/102 710/722/103
f 711/723/103 710/722/103 712/724/104
f 713/725/104 712/724/104 714/726/105
f 715/727/105 714/726/105 716/728/106
f 717/729/106 716/728/106 718/730/107
f 719/731/107 718/730/107 720/732/108
f 721/733/108 720/732/108 722/734/109
f 723/735/109 722/734/109 724/736/110
f 725/737/110 724/736/110 726/738/111
f 727/739/111 726/738/111 728/740/112
f 729/741/112 728/740/112 730/742/113
f 731/743/113 730/742/113 732/744/114
f 733/745/114 732/744/114 734/746/115
f 735/747/115 734/746/115 736/748/116
f 736/748/116 737/749/116 735/747/115
f 734/746/115 735/747/115 733/745/114
f 732/744/114 733/745/114 731/743/113
f 730/742/113 731/743/113 729/741/112
f 728/740/112 729/741/112 727/739/111
f 726/738/111 727/739/111 725/737/110
f 724/736/110 725/737/110 723/735/109
f 722/734/109 723/735/109 721/733/108
f 720/732/108 721/733/108 719/731/107
f 718/730/107 719/731/107 717/729/106
f 716/728/106 717/729/106 715/727/105
f 714/726/105 715/727/105 713/725/104
f 712/724/104 713/725/104 711/723/103
f 710/722/103 711/723/103 709/721/102
f 708/720/102 709/721/102 707/719/101
f 706/718/101 707/719/101 705/717/100
f 704/716/100 705/717/100 703/715/99
f 702/714/99 703/715/99 701/713/98
f 700/712/98 701/713/98 699/711/97
f 698/710/97 699/711/97 697/709/96
f 696/708/96 697/709/96 695/707/95
f 694/706/95 695/707/95 693/705/94
f 692/704/94 693/705/94 691/703/93
f 690/702/93 691/703/93 689/700/92
f 525/750/117 524/751/117 737/752/117
f 737/752/117 736/753/117 525/750/117
f 738/754/118 739/755/118 740/756/118
f 740/756/118 741/757/118 738/754/118
f 739/758/119 738/759/119 742/760/120
f 743/761/120 742/760/120 744/762/121
f 745/763/121 744/762/121 746/764/122
f 747/765/122 746/764/122 748/766/123
f 749/767/123 748/766/123 750/768/124
f 751/769/124 750/768/124 752/770/125
f 753/771/125 752/770/125 754/772/126
f 755/773/126 754/772/126 756/774/127
f 757/775/127 756/774/127 758/776/128
f 759/777/128 758/776/128 760/778/129
f 761/779/129 760/778/129 762/780/130
f 763/781/130 762/780/130 764/782/131
f 765/783/131 764/782/131 766/784/132
f 767/785/132 766/784/132 768/786/133
f 769/787/133 768/786/133 770/788/134
f 771/789/134 770/788/134 772/790/135
f 773/791/135 772/790/135 774/792/136
f 775/793/136 774/792/136 776/794/137
f 777/795/137 776/794/137 778/796/138
f 779/797/138 778/796/138 780/798/139
f 781/799/139 780/798/139 782/800/140
f 783/801/140 782/800/140 784/802/141
f 785/803/141 784/802/141 786/804/142
f 787/805/142 786/804/142 788/806/143
f 789/807/143 788/806/143 790/808/144
f 791/809/144 790/808/144 792/810/145
f 793/811/145 792/810/145 794/812/146
f 795/813/146 794/812/146 796/814/147
f 796/814/147 797/815/147 795/813/146
f 794/812/146 795/813/146 793/811/145
f 792/810/145 793/811/145 791/809/144
f 790/808/144 791/809/144 789/807/143
f 788/806/143 789/807/143 787/805/142
f 786/804/142 787/805/142 785/803/141
f 784/802/141 785/803/141 783/801/140
f 782/800/140 783/801/140 781/799/139
f 780/798/139 781/799/139 779/797/138
f 778/796/138 779/797/138 777/795/137
f 776/794/137 777/795/137 775/793/136
f 774/792/136 775/793/136 773/791/135
f 772/790/135 773/791/135 771/789/134
f 770/788/134 771/789/134 769/787/133
f 768/786/133 769/787/133 767/785/132
f 766/784/132 767/785/132 765/783/131
f 764/782/131 765/783/131 763/781/130
f 762/780/130 763/781/130 761/779/129
f 760/778/129 761/779/129 759/777/128
f 758/776/128 759/777/128 757/775/127
f 756/774/127 757/775/127 755/773/126
f 754/772/126 755/773/126 753/771/125
f 752/770/125 753/771/125 751/769/124
f 750/768/124 751/769/124 749/767/123
f 748/766/123 749/767/123 747/765/122
f 746/764/122 747/765/122 745/763/121
f 744/762/121 745/763/121 743/761/120
f 742/760/120 743/761/120 739/758/119
f 798/816/148 797/817/148 796/818/148
f 796/818/148 799/819/148 798/816/148
f 798/820/149 799/821/149 800/822/150
f 801/823/150 800/822/150 802/824/151
f 803/825/151 802/824/151 804/826/152
f 805/827/152 804/826/152 806/828/153
f 807/829/153 806/828/153 808/830/154
f 809/831/154 808/830/154 810/832/155
f 811/833/155 810/832/155 812/834/156
f 813/835/156 812/834/156 814/836/157
f 815/837/157 814/836/157 816/838/158
f 817/839/158 816/838/158 818/840/159
f 819/841/159 818/840/159 820/842/160
f 821/843/160 820/842/160 822/844/161
f 823/845/161 822/844/161 824/846/162
f 825/847/162 824/846/162 826/848/163
f 827/849/163 826/848/163 828/850/164
f 829/851/164 828/850/164 830/852/165
f 831/853/165 830/852/165 832/854/166
f 833/855/166 832/854/166 834/856/167
f 835/857/167 834/856/167 836/858/168
f 837/859/168 836/858/168 838/860/169
f 839/861/169 838/860/169 840/862/170
f 841/863/170 840/862/170 842/864/171
f 843/865/171 842/864/171 844/866/172
f 844/866/172 845/867/172 843/865/171
f 842/864/171 843/865/171 841/863/170
f 840/862/170 841/863/170 839/861/169
f 838/860/169 839/861/169 837/859/168
f 836/858/168 837/859/168 835/857/167
f 834/856/167 835/857/167 833/855/166
f 832/854/166 833/855/166 831/853/165
f 830/852/165 831/853/165 829/851/164
f 828/850/164 829/851/164 827/849/163
f 826/848/163 827/849/163 825/847/162
f 824/846/162 825/847/162 823/845/161
f 822/844/161 823/845/161 821/843/160
f 820/842/160 821/843/160 819/841/159
f 818/840/159 819/841/159 817/839/158
f 816/838/158 817/839/158 815/837/157
f 814/836/157 815/837/157 813/835/156
f 812/834/156 813/835/156 811/833/155
f 810/832/155 811/833/155 809/831/154
f 808/830/154 809/831/154 807/829/153
f 806/828/153 807/829/153 805/827/152
f 804/826/152 805/827/152 803/825/151
f 802/824/151 803/825/151 801/823/150
f 800/822/150 801/823/150 798/820/149
f 846/868/172 847/869/172 845/870/172
f 845/870/172 844/871/172 846/868/172
f 847/872/172 846/873/172 848/874/173
f 849/875/173 848/874/173 850/876/174
f 851/877/174 850/876/174 852/878/175
f 853/879/175 852/878/175 854/880/176
f 855/881/176 854/880/176 856/882/177
f 857/883/177 856/882/177 858/884/178
f 859/885/178 858/884/178 860/886/179
f 861/887/179 860/886/179 862/888/180
f 863/889/180 862/888/180 864/890/181
f 865/891/181 864/890/181 866/892/182
f 867/893/182 866/892/182 868/894/183
f 869/895/183 868/894/183 870/896/184
f 871/897/184 870/896/184 872/898/185
f 873/899/185 872/898/185 874/900/186
f 875/901/186 874/900/186 876/902/187
f 877/903/187 876/902/187 878/904/188
f 879/905/188 878/904/188 880/906/189
f 880/906/189 881/907/189 879/905/188
f 878/904/188 879/905/188 877/903/187
f 876/902/187 877/903/187 875/901/186
f 874/900/186 875/901/186 873/899/185
f 872/898/185 873/899/185 871/897/184
f 870/896/184 871/897/184 869/895/183
f 868/894/183 869/895/183 867/893/182
f 866/892/182 867/893/182 865/891/181
f 864/890/181 865/891/181 863/889/180
f 862/888/180 863/889/180 861/887/179
f 860/886/179 861/887/179 859/885/178
f 858/884/178 859/885/178 857/883/177
f 856/882/177 857/883/177 855/881/176
f 854/880/176 855/881/176 853/879/175
f 852/878/175 853/879/175 851/877/174
f 850/876/174 851/877/174 849/875/173
f 848/874/173 849/875/173 847/872/172
f 882/908/190 883/909/190 881/910/190
f 881/910/190 880/911/190 882/908/190
f 883/912/191 882/913/191 884/914/192
f 885/915/192 884/914/192 886/916/193
f 887/917/193 886/916/193 888/918/194
f 889/919/194 888/918/194 890/920/195
f 891/921/195 890/920/195 892/922/196
f 893/923/196 892/922/196 894/924/197
f 895/925/197 894/924/197 896/926/198
f 897/927/198 896/926/198 898/928/199
f 899/929/199 898/928/199 900/930/200
f 901/931/200 900/930/200 902/932/201
f 903/933/201 902/932/201 904/934/202
f 905/935/202 904/934/202 906/936/203
f 907/937/203 906/936/203 908/938/204
f 909/939/204 908/938/204 910/940/205
f 911/941/205 910/940/205 912/942/206
f 913/943/206 912/942/206 914/944/207
f 915/945/207 914/944/207 916/946/208
f 917/947/208 916/946/208 741/948/209
f 741/948/209 740/949/209 917/947/208
f 916/946/208 917/947/208 915/945/207
f 914/944/207 915/945/207 913/943/206
f 912/942/206 913/943/206 911/941/205
f 910/940/205 911/941/205 909/939/204
f 908/938/204 909/939/204 907/937/203
f 906/936/203 907/937/203 905/935/202
f 904/934/202 905/935/202 903/933/201
f 902/932/201 903/933/201 901/931/200
f 900/930/200 901/931/200 899/929/199
f 898/928/199 899/929/199 897/927/198
f 896/926/198 897/927/198 895/925/197
f 894/924/197 895/925/197 893/923/196
f 892/922/196 893/923/196 891/921/195
f 890/920/195 891/921/195 889/919/194
f 888/918/194 889/919/194 887/917/193
f 886/916/193 887/917/193 885/915/192
f 884/914/192 885/915/192 883/912/191
f 918/950/210 919/951/210 920/952/210
f 920/952/210 921/953/210 918/950/210
f 922/954/211 923/955/211 924/956/212
f 925/957/212 924/956/212 926/958/213
f 927/959/213 926/958/213 928/960/214
f 929/961/214 928/960/214 930/962/215
f 931/963/215 930/962/215 932/964/216
f 933/965/216 932/964/216 934/966/217
f 935/967/217 934/966/217 936/968/218
f 937/969/218 936/968/218 938/970/219
f 939/971/219 938/970/219 940/972/220
f 941/973/220 940/972/220 942/974/221
f 943/975/221 942/974/221 944/976/222
f 945/977/222 944/976/222 946/978/223
f 947/979/223 946/978/223 948/980/224
f 949/981/224 948/980/224 950/982/225
f 951/983/225 950/982/225 952/984/226
f 953/985/226 952/984/226 954/986/227
f 955/987/227 954/986/227 956/988/228
f 957/989/228 956/988/228 958/990/229
f 959/991/229 958/990/229 960/992/230
f 961/993/230 960/992/230 962/994/231
f 963/995/231 962/994/231 964/996/232
f 965/997/232 964/996/232 966/998/233
f 967/999/233 966/998/233 968/1000/234
f 969/1001/234 968/1000/234 970/1002/235
f 971/1003/235 970/1002/235 972/1004/236
f 973/1005/236 972/1004/236 974/1006/237
f 975/1007/237 974/1006/237 976/1008/238
f 977/1009/238 976/1008/238 921/1010/239
f 921/1010/239 920/1011/239 977/1009/238
f 976/1008/238 977/1009/238 975/1007/237
f 974/1006/237 975/1007/237 973/1005/236
f 972/1004/236 973/1005/236 971/1003/235
f 970/1002/235 971/1003/235 969/1001/234
f 968/1000/234 969/1001/234 967/999/233
f 966/998/233 967/999/233 965/997/232
f 964/996/232 965/997/232 963/995/231
f 962/994/231 963/995/231 961/993/230
f 960/992/230 961/993/230 959/991/229
f 958/990/229 959/991/229 957/989/228
f 956/988/228 957/989/228 955/987/227
f 954/986/227 955/987/227 953/985/226
f 952/984/226 953/985/226 951/983/225
f 950/982/225 951/983/225 949/981/224
f 948/980/224 949/981/224 947/979/223
f 946/978/223 947/979/223 945/977/222
f 944/976/222 945/977/222 943/975/221
f 942/974/221 943/975/221 941/973/220
f 940/972/220 941/973/220 939/971/219
f 938/970/219 939/971/219 937/969/218
f 936/968/218 937/969/218 935/967/217
f 934/966/217 935/967/217 933/965/216
f 932/964/216 933/965/216 931/963/215
f 930/962/215 931/963/215 929/961/214
f 928/960/214 929/961/214 927/959/213
f 926/958/213 927/959/213 925/957/212
f 924/956/212 925/957/212 922/954/211
f 978/1012/240 979/1013/240 980/1014/241
f 981/1015/241 980/1014/241 982/1016/242
f 983/1017/242 982/1016/242 984/1018/243
f 985/1019/243 984/1018/243 986/1020/244
f 987/1021/244 986/1020/244 988/1022/245
f 989/1023/245 988/1022/245 990/1024/246
f 991/1025/246 990/1024/246 992/1026/247
f 993/1027/247 992/1026/247 994/1028/248
f 995/1029/248 994/1028/248 923/1030/249
f 923/1030/249 922/1031/249 995/1029/248
f 994/1028/248 995/1029/248 993/1027/247
f 992/1026/247 993/1027/247 991/1025/246
f 990/1024/246 991/1025/246 989/1023/245
f 988/1022/245 989/1023/245 987/1021/244
f 986/1020/244 987/1021/244 985/1019/243
f 984/1018/243 985/1019/243 983/1017/242
f 982/1016/242 983/1017/242 981/1015/241
f 980/1014/241 981/1015/241 978/1012/240
f 996/1032/250 997/1033/250 998/1034/251
f 999/1035/251 998/1034/251 1000/1036/252
f 1001/1037/252 1000/1036/252 1002/1038/253
f 1003/1039/253 1002/1038/253 1004/1040/254
f 1005/1041/254 1004/1040/254 1006/1042/255
f 1007/1043/255 1006/1042/255 1008/1044/256
f 1009/1045/256 1008/1044/256 1010/1046/257
f 1011/1047/257 1010/1046/257 1012/1048/258
f 1013/1049/258 1012/1048/258 1014/1050/259
f 1015/1051/259 1014/1050/259 1016/1052/260
f 1017/1053/260 1016/1052/260 1018/1054/261
f 1019/1055/261 1018/1054/261 1020/1056/262
f 1021/1057/262 1020/1056/262 1022/1058/263
f 1023/1059/263 1022/1058/263 1024/1060/264
f 1025/1061/264 1024/1060/264 1026/1062/265
f 1027/1063/265 1026/1062/265 1028/1064/266
f 1029/1065/266 1028/1064/266 1030/1066/267
f 1031/1067/267 1030/1066/267 1032/1068/268
f 1033/1069/268 1032/1068/268 1034/1070/269
f 1035/1071/269 1034/1070/269 1036/1072/270
f 1037/1073/270 1036/1072/270 1038/1074/271
f 1039/1075/271 1038/1074/271 1040/1076/272
f 1041/1077/272 1040/1076/272 1042/1078/273
f 1043/1079/273 1042/1078/273 979/1080/274
f 979/1080/274 978/1081/274 1043/1079/273
f 1042/1078/273 1043/1079/273 1041/1077/272
f 1040/1076/272 1041/1077/272 1039/1075/271
f 1038/1074/271 1039/1075/271 1037/1073/270
f 1036/1072/270 1037/1073/270 1035/1071/269
f 1034/1070/269 1035/1071/269 1033/1069/268
f 1032/1068/268 1033/1069/268 1031/1067/267
f 1030/1066/267 1031/1067/267 1029/1065/266
f 1028/1064/266 1029/1065/266 1027/1063/265
f 1026/1062/265 1027/1063/265 1025/1061/264
f 1024/1060/264 1025/1061/264 1023/1059/263
f 1022/1058/263 1023/1059/263 1021/1057/262
f 1020/1056/262 1021/1057/262 1019/1055/261
f 1018/1054/261 1019/1055/261 1017/1053/260
f 1016/1052/260 1017/1053/260 1015/1051/259
f 1014/1050/259 1015/1051/259 1013/1049/258
f 1012/1048/258 1013/1049/258 1011/1047/257
f 1010/1046/257 1011/1047/257 1009/1045/256
f 1008/1044/256 1009/1045/256 1007/1043/255
f 1006/1042/255 1007/1043/255 1005/1041/254
f 1004/1040/254 1005/1041/254 1003/1039/253
f 1002/1038/253 1003/1039/253 1001/1037/252
f 1000/1036/252 1001/1037/252 999/1035/251
f 998/1034/251 999/1035/251 996/1032/250
f 997/1082/275 996/1083/275 1044/1084/275
f 1044/1084/275 1045/1085/275 997/1082/275
f 1046/1086/276 1047/1087/276 1048/1088/277
f 1049/1089/277 1048/1088/277 1050/1090/278
f 1051/1091/278 1050/1090/278 1052/1092/279
f 1053/1093/279 1052/1092/279 1054/1094/280
f 1055/1095/280 1054/1094/280 1056/1096/281
f 1057/1097/281 1056/1096/281 1058/1098/282
f 1059/1099/282 1058/1098/282 1060/1100/283
f 1061/1101/283 1060/1100/283 1062/1102/284
f 1063/1103/284 1062/1102/284 1064/1104/285
f 1065/1105/285 1064/1104/285 1066/1106/286
f 1067/1107/286 1066/1106/286 1068/1108/287
f 1069/1109/287 1068/1108/287 1070/1110/288
f 1071/1111/288 1070/1110/288 1072/1112/289
f 1073/1113/289 1072/1112/289 1074/1114/290
f 1075/1115/290 1074/1114/290 1076/1116/291
f 1077/1117/291 1076/1116/291 1078/1118/292
f 1079/1119/292 1078/1118/292 1080/1120/293
f 1081/1121/293 1080/1120/293 1082/1122/294
f 1083/1123/294 1082/1122/294 1084/1124/295
f 1085/1125/295 1084/1124/295 1086/1126/296
f 1087/1127/296 1086/1126/296 1045/1128/297
f 1045/1128/297 1044/1129/297 1087/1127/296
f 1086/1126/296 1087/1127/296 1085/1125/295
f 1084/1124/295 1085/1125/295 1083/1123/294
f 1082/1122/294 1083/1123/294 1081/1121/293
f 1080/1120/293 1081/1121/293 1079/1119/292
f 1078/1118/292 1079/1119/292 1077/1117/291
f 1076/1116/291 1077/1117/291 1075/1115/290
f 1074/1114/290 1075/1115/290 1073/1113/289
f 1072/1112/289 1073/1113/289 1071/1111/288
f 1070/1110/288 1071/1111/288 1069/1109/287
f 1068/1108/287 1069/1109/287 1067/1107/286
f 1066/1106/286 1067/1107/286 1065/1105/285
f 1064/1104/285 1065/1105/285 1063/1103/284
f 1062/1102/284 1063/1103/284 1061/1101/283
f 1060/1100/283 1061/1101/283 1059/1099/282
f 1058/1098/282 1059/1099/282 1057/1097/281
f 1056/1096/281 1057/1097/281 1055/1095/280
f 1054/1094/280 1055/1095/280 1053/1093/279
f 1052/1092/279 1053/1093/279 1051/1091/278
f 1050/1090/278 1051/1091/278 1049/1089/277
f 1048/1088/277 1049/1089/277 1046/1086/276
f 1088/1130/298 1089/1131/299 1090/1132/299
f 1091/1133/300 1088/1130/298 1092/1134/301
f 1093/1135/302 1091/1133/300 1094/1136/303
f 1095/1137/304 1093/1135/302 1096/1138/305
f 1097/1139/306 1095/1137/304 1098/1140/307
f 1099/1141/308 1097/1139/306 1100/1142/309
f 1101/1143/310 1099/1141/308 1102/1144/311
f 1103/1145/312 1101/1143/310 1104/1146/313
f 1105/1147/314 1103/1145/312 1106/1148/315
f 1107/1149/316 1105/1147/314 1108/1150/317
f 1109/1151/318 1107/1149/316 1110/1152/319
f 1046/1153/320 1109/1151/318 1111/1154/321
f 1111/1154/321 1047/1155/320 1046/1153/320
f 1110/1152/319 1111/1154/321 1109/1151/318
f 1108/1150/317 1110/1152/319 1107/1149/316
f 1106/1148/315 1108/1150/317 1105/1147/314
f 1104/1146/313 1106/1148/315 1103/1145/312
f 1102/1144/311 1104/1146/313 1101/1143/310
f 1100/1142/309 1102/1144/311 1099/1141/308
f 1098/1140/307 1100/1142/309 1097/1139/306
f 1096/1138/305 1098/1140/307 1095/1137/304
f 1094/1136/303 1096/1138/305 1093/1135/302
f 1092/1134/301 1094/1136/303 1091/1133/300
f 1090/1132/299 1092/1134/301 1088/1130/298
f 919/1156/322 918/1157/322 1112/1158/323
f 1113/1159/323 1112/1158/323 1114/1160/324
f 1115/1161/324 1114/1160/324 1116/1162/325
f 1117/1163/325 1116/1162/325 1118/1164/326
f 1119/1165/326 1118/1164/326 1120/1166/327
f 1121/1167/327 1120/1166/327 1122/1168/328
f 1123/1169/328 1122/1168/328 1124/1170/329
f 1125/1171/329 1124/1170/329 1126/1172/330
f 1127/1173/330 1126/1172/330 1128/1174/331
f 1129/1175/331 1128/1174/331 1130/1176/332
f 1131/1177/332 1130/1176/332 1132/1178/333
f 1133/1179/333 1132/1178/333 1134/1180/334
f 1135/1181/334 1134/1180/334 1136/1182/335
f 1137/1183/335 1136/1182/335 1138/1184/336
f 1139/1185/336 1138/1184/336 1140/1186/337
f 1141/1187/337 1140/1186/337 1142/1188/338
f 1143/1189/338 1142/1188/338 1144/1190/339
f 1145/1191/339 1144/1190/339 1146/1192/340
f 1147/1193/340 1146/1192/340 1148/1194/341
f 1149/1195/341 1148/1194/341 1150/1196/342
f 1151/1197/342 1150/1196/342 1152/1198/343
f 1153/1199/343 1152/1198/343 1154/1200/344
f 1155/1201/344 1154/1200/344 1090/1202/345
f 1090/1202/345 1089/1203/345 1155/1201/344
f 1154/1200/344 1155/1201/344 1153/1199/343
f 1152/1198/343 1153/1199/343 1151/1197/342
f 1150/1196/342 1151/1197/342 1149/1195/341
f 1148/1194/341 1149/1195/341 1147/1193/340
f 1146/1192/340 1147/1193/340 1145/1191/339
f 1144/1190/339 1145/1191/339 1143/1189/338
f 1142/1188/338 1143/1189/338 1141/1187/337
f 1140/1186/337 1141/1187/337 1139/1185/336
f 1138/1184/336 1139/1185/336 1137/1183/335
f 1136/1182/335 1137/1183/335 1135/1181/334
f 1134/1180/334 1135/1181/334 1133/1179/333
f 1132/1178/333 1133/1179/333 1131/1177/332
f 1130/1176/332 1131/1177/332 1129/1175/331
f 1128/1174/331 1129/1175/331 1127/1173/330
f 1126/1172/330 1127/1173/330 1125/1171/329
f 1124/1170/329 1125/1171/329 1123/1169/328
f 1122/1168/328 1123/1169/328 1121/1167/327
f 1120/1166/327 1121/1167/327 1119/1165/326
f 1118/1164/326 1119/1165/326 1117/1163/325
f 1116/1162/325 1117/1163/325 1115/1161/324
f 1114/1160/324 1115/1161/324 1113/1159/323
f 1112/1158/323 1113/1159/323 919/1156/322
f 1156/1204/346 1157/1205/346 1158/1206/347
f 1159/1207/347 1158/1206/347 1160/1208/348
f 1161/1209/348 1160/1208/348 1162/1210/349
f 1163/1211/349 1162/1210/349 1164/1212/350
f 1165/1213/350 1164/1212/350 1166/1214/351
f 1167/1215/351 1166/1214/351 1168/1216/352
f 1169/1217/352 1168/1216/352 1170/1218/353
f 1171/1219/353 1170/1218/353 1172/1220/354
f 1173/1221/354 1172/1220/354 1174/1222/355
f 1175/1223/355 1174/1222/355 1176/1224/356
f 1177/1225/356 1176/1224/356 1178/1226/357
f 1179/1227/357 1178/1226/357 1180/1228/358
f 1181/1229/358 1180/1228/358 1182/1230/359
f 1183/1231/359 1182/1230/359 1184/1232/360
f 1185/1233/360 1184/1232/360 1186/1234/361
f 1187/1235/361 1186/1234/361 1188/1236/362
f 1189/1237/362 1188/1236/362 1190/1238/363
f 1191/1239/363 1190/1238/363 1192/1240/364
f 1193/1241/364 1192/1240/364 1194/1242/365
f 1195/1243/365 1194/1242/365 1196/1244/366
f 1197/1245/366 1196/1244/366 1198/1246/367
f 1199/1247/367 1198/1246/367 1200/1248/368
f 1201/1249/368 1200/1248/368 1202/1250/369
f 1203/1251/369 1202/1250/369 1204/1252/370
f 1204/1252/370 1205/1253/370 1203/1251/369
f 1202/1250/369 1203/1251/369 1201/1249/368
f 1200/1248/368 1201/1249/368 1199/1247/367
f 1198/1246/367 1199/1247/367 1197/1245/366
f 1196/1244/366 1197/1245/366 1195/1243/365
f 1194/1242/365 1195/1243/365 1193/1241/364
f 1192/1240/364 1193/1241/364 1191/1239/363
f 1190/1238/363 1191/1239/363 1189/1237/362
f 1188/1236/362 1189/1237/362 1187/1235/361
f 1186/1234/361 1187/1235/361 1185/1233/360
f 1184/1232/360 1185/1233/360 1183/1231/359
f 1182/1230/359 1183/1231/359 1181/1229/358
f 1180/1228/358 1181/1229/358 1179/1227/357
f 1178/1226/357 1179/1227/357 1177/1225/356
f 1176/1224/356 1177/1225/356 1175/1223/355
f 1174/1222/355 1175/1223/355 1173/1221/354
f 1172/1220/354 1173/1221/354 1171/1219/353
f 1170/1218/353 1171/1219/353 1169/1217/352
f 1168/1216/352 1169/1217/352 1167/1215/351
f 1166/1214/351 1167/1215/351 1165/1213/350
f 1164/1212/350 1165/1213/350 1163/1211/349
f 1162/1210/349 1163/1211/349 1161/1209/348
f 1160/1208/348 1161/1209/348 1159/1207/347
f 1158/1206/347 1159/1207/347 1156/1204/346
f 1206/1254/371 1205/1255/371 1204/1256/371
f 1204/1256/371 1207/1257/371 1206/1254/371
f 1206/1258/372 1207/1259/372 1208/1260/373
f 1209/1261/373 1208/1260/373 1210/1262/374
f 1211/1263/374 1210/1262/374 1212/1264/375
f 1213/1265/375 1212/1264/375 1214/1266/376
f 1215/1267/376 1214/1266/376 1216/1268/377
f 1217/1269/377 1216/1268/377 1218/1270/378
f 1219/1271/378 1218/1270/378 1220/1272/379
f 1221/1273/379 1220/1272/379 1222/1274/380
f 1223/1275/380 1222/1274/380 1224/1276/381
f 1225/1277/381 1224/1276/381 1226/1278/382
f 1227/1279/382 1226/1278/382 1228/1280/383
f 1229/1281/383 1228/1280/383 1230/1282/384
f 1231/1283/384 1230/1282/384 1232/1284/385
f 1233/1285/385 1232/1284/385 1234/1286/386
f 1235/1287/386 1234/1286/386 1236/1288/387
f 1237/1289/387 1236/1288/387 1238/1290/388
f 1239/1291/388 1238/1290/388 1240/1292/389
f 1241/1293/389 1240/1292/389 1242/1294/390
f 1243/1295/390 1242/1294/390 1244/1296/391
f 1245/1297/391 1244/1296/391 1246/1298/392
f 1247/1299/392 1246/1298/392 1248/1300/393
f 1249/1301/393 1248/1300/393 1250/1302/394
f 1251/1303/394 1250/1302/394 1252/1304/395
f 1253/1305/395 1252/1304/395 1254/1306/396
f 1255/1307/396 1254/1306/396 1256/1308/397
f 1257/1309/397 1256/1308/397 1258/1310/398
f 1259/1311/398 1258/1310/398 1260/1312/399
f 1261/1313/399 1260/1312/399 1262/1314/400
f 1263/1315/400 1262/1314/400 1264/1316/401
f 1265/1317/401 1264/1316/401 1266/1318/402
f 1267/1319/402 1266/1318/402 1268/1320/403
f 1269/1321/403 1268/1320/403 1270/1322/404
f 1271/1323/404 1270/1322/404 1272/1324/405
f 1272/1324/405 1273/1325/405 1271/1323/404
f 1270/1322/404 1271/1323/404 1269/1321/403
f 1268/1320/403 1269/1321/403 1267/1319/402
f 1266/1318/402 1267/1319/402 1265/1317/401
f 1264/1316/401 1265/1317/401 1263/1315/400
f 1262/1314/400 1263/1315/400 1261/1313/399
f 1260/1312/399 1261/1313/399 1259/1311/398
f 1258/1310/398 1259/1311/398 1257/1309/397
f 1256/1308/397 1257/1309/397 1255/1307/396
f 1254/1306/396 1255/1307/396 1253/1305/395
f 1252/1304/395 1253/1305/395 1251/1303/394
f 1250/1302/394 1251/1303/394 1249/1301/393
f 1248/1300/393 1249/1301/393 1247/1299/392
f 1246/1298/392 1247/1299/392 1245/1297/391
f 1244/1296/391 1245/1297/391 1243/1295/390
f 1242/1294/390 1243/1295/390 1241/1293/389
f 1240/1292/389 1241/1293/389 1239/1291/388
f 1238/1290/388 1239/1291/388 1237/1289/387
f 1236/1288/387 1237/1289/387 1235/1287/386
f 1234/1286/386 1235/1287/386 1233/1285/385
f 1232/1284/385 1233/1285/385 1231/1283/384
f 1230/1282/384 1231/1283/384 1229/1281/383
f 1228/1280/383 1229/1281/383 1227/1279/382
f 1226/1278/382 1227/1279/382 1225/1277/381
f 1224/1276/381 1225/1277/381 1223/1275/380
f 1222/1274/380 1223/1275/380 1221/1273/379
f 1220/1272/379 1221/1273/379 1219/1271/378
f 1218/1270/378 1219/1271/378 1217/1269/377
f 1216/1268/377 1217/1269/377 1215/1267/376
f 1214/1266/376 1215/1267/376 1213/1265/375
f 1212/1264/375 1213/1265/375 1211/1263/374
f 1210/1262/374 1211/1263/374 1209/1261/373
f 1208/1260/373 1209/1261/373 1206/1258/372
f 1274/1326/405 1275/1327/405 1273/1328/405
f 1273/1328/405 1272/1329/405 1274/1326/405
f 1275/1330/406 1274/1331/406 1276/1332/407
f 1277/1333/407 1276/1332/407 1278/1334/408
f 1279/1335/408 1278/1334/408 1280/1336/409
f 1281/1337/409 1280/1336/409 1282/1338/410
f 1283/1339/410 1282/1338/410 1284/1340/411
f 1285/1341/411 1284/1340/411 1286/1342/412
f 1287/1343/412 1286/1342/412 1288/1344/413
f 1289/1345/413 1288/1344/413 1290/1346/414
f 1291/1347/414 1290/1346/414 1292/1348/415
f 1293/1349/415 1292/1348/415 1294/1350/416
f 1295/1351/416 1294/1350/416 1296/1352/417
f 1297/1353/417 1296/1352/417 1298/1354/418
f 1299/1355/418 1298/1354/418 1300/1356/419
f 1301/1357/419 1300/1356/419 1302/1358/420
f 1303/1359/420 1302/1358/420 1304/1360/421
f 1305/1361/421 1304/1360/421 1306/1362/422
f 1307/1363/422 1306/1362/422 1308/1364/423
f 1309/1365/423 1308/1364/423 1310/1366/424
f 1311/1367/424 1310/1366/424 1312/1368/425
f 1313/1369/425 1312/1368/425 1314/1370/426
f 1315/1371/426 1314/1370/426 1316/1372/427
f 1317/1373/427 1316/1372/427 1318/1374/428
f 1319/1375/428 1318/1374/428 1320/1376/429
f 1321/1377/429 1320/1376/429 1322/1378/430
f 1323/1379/430 1322/1378/430 1324/1380/431
f 1325/1381/431 1324/1380/431 1326/1382/432
f 1327/1383/432 1326/1382/432 1328/1384/433
f 1328/1384/433 1329/1385/433 1327/1383/432
f 1326/1382/432 1327/1383/432 1325/1381/431
f 1324/1380/431 1325/1381/431 1323/1379/430
f 1322/1378/430 1323/1379/430 1321/1377/429
f 1320/1376/429 1321/1377/429 1319/1375/428
f 1318/1374/428 1319/1375/428 1317/1373/427
f 1316/1372/427 1317/1373/427 1315/1371/426
f 1314/1370/426 1315/1371/426 1313/1369/425
f 1312/1368/425 1313/1369/425 1311/1367/424
f 1310/1366/424 1311/1367/424 1309/1365/423
f 1308/1364/423 1309/1365/423 1307/1363/422
f 1306/1362/422 1307/1363/422 1305/1361/421
f 1304/1360/421 1305/1361/421 1303/1359/420
f 1302/1358/420 1303/1359/420 1301/1357/419
f 1300/1356/419 1301/1357/419 1299/1355/418
f 1298/1354/418 1299/1355/418 1297/1353/417
f 1296/1352/417 1297/1353/417 1295/1351/416
f 1294/1350/416 1295/1351/416 1293/1349/415
f 1292/1348/415 1293/1349/415 1291/1347/414
f 1290/1346/414 1291/1347/414 1289/1345/413
f 1288/1344/413 1289/1345/413 1287/1343/412
f 1286/1342/412 1287/1343/412 1285/1341/411
f 1284/1340/411 1285/1341/411 1283/1339/410
f 1282/1338/410 1283/1339/410 1281/1337/409
f 1280/1336/409 1281/1337/409 1279/1335/408
f 1278/1334/408 1279/1335/408 1277/1333/407
f 1276/1332/407 1277/1333/407 1275/1330/406
f 1330/1386/434 1331/1387/435 1332/1388/435
f 1333/1389/436 1330/1386/434 1334/1390/437
f 1335/1391/438 1333/1389/436 1336/1392/439
f 1337/1393/440 1335/1391/438 1338/1394/441
f 1339/1395/442 1337/1393/440 1340/1396/443
f 1328/1397/444 1339/1395/442 1341/1398/445
f 1341/1398/445 1329/1399/444 1328/1397/444
f 1340/1396/443 1341/1398/445 1339/1395/442
f 1338/1394/441 1340/1396/443 1337/1393/440
f 1336/1392/439 1338/1394/441 1335/1391/438
f 1334/1390/437 1336/1392/439 1333/1389/436
f 1332/1388/435 1334/1390/437 1330/1386/434
f 1342/1400/446 1343/1401/446 1344/1402/447
f 1345/1403/447 1344/1402/447 1346/1404/448
f 1347/1405/448 1346/1404/448 1348/1406/449
f 1349/1407/449 1348/1406/449 1350/1408/450
f 1351/1409/450 1350/1408/450 1352/1410/451
f 1353/1411/451 1352/1410/451 1354/1412/452
f 1355/1413/452 1354/1412/452 1356/1414/453
f 1357/1415/453 1356/1414/453 1358/1416/454
f 1359/1417/454 1358/1416/454 1360/1418/455
f 1361/1419/455 1360/1418/455 1362/1420/456
f 1363/1421/456 1362/1420/456 1364/1422/457
f 1365/1423/457 1364/1422/457 1366/1424/458
f 1367/1425/458 1366/1424/458 1368/1426/459
f 1369/1427/459 1368/1426/459 1370/1428/460
f 1371/1429/460 1370/1428/460 1372/1430/461
f 1373/1431/461 1372/1430/461 1374/1432/462
f 1375/1433/462 1374/1432/462 1376/1434/463
f 1377/1435/463 1376/1434/463 1378/1436/464
f 1379/1437/464 1378/1436/464 1380/1438/465
f 1381/1439/465 1380/1438/465 1382/1440/466
f 1383/1441/466 1382/1440/466 1384/1442/467
f 1385/1443/467 1384/1442/467 1332/1444/468
f 1332/1444/468 1331/1445/468 1385/1443/467
f 1384/1442/467 1385/1443/467 1383/1441/466
f 1382/1440/466 1383/1441/466 1381/1439/465
f 1380/1438/465 1381/1439/465 1379/1437/464
f 1378/1436/464 1379/1437/464 1377/1435/463
f 1376/1434/463 1377/1435/463 1375/1433/462
f 1374/1432/462 1375/1433/462 1373/1431/461
f 1372/1430/461 1373/1431/461 1371/1429/460
f 1370/1428/460 1371/1429/460 1369/1427/459
f 1368/1426/459 1369/1427/459 1367/1425/458
f 1366/1424/458 1367/1425/458 1365/1423/457
f 1364/1422/457 1365/1423/457 1363/1421/456
f 1362/1420/456 1363/1421/456 1361/1419/455
f 1360/1418/455 1361/1419/455 1359/1417/454
f 1358/1416/454 1359/1417/454 1357/1415/453
f 1356/1414/453 1357/1415/453 1355/1413/452
f 1354/1412/452 1355/1413/452 1353/1411/451
f 1352/1410/451 1353/1411/451 1351/1409/450
f 1350/1408/450 1351/1409/450 1349/1407/449
f 1348/1406/449 1349/1407/449 1347/1405/448
f 1346/1404/448 1347/1405/448 1345/1403/447
f 1344/1402/447 1345/1403/447 1342/1400/446
f 1157/1446/469 1156/1447/469 1343/1448/469
f 1343/1448/469 1342/1449/469 1157/1446/469
f 1386/1450/470 1387/1451/470 1388/1452/471
f 1389/1453/471 1388/1452/471 1390/1454/472
f 1391/1455/472 1390/1454/472 1392/1456/473
f 1393/1457/473 1392/1456/473 1394/1458/474
f 1395/1459/474 1394/1458/474 1396/1460/475
f 1397/1461/475 1396/1460/475 1398/1462/476
f 1399/1463/476 1398/1462/476 1400/1464/477
f 1401/1465/477 1400/1464/477 1402/1466/478
f 1403/1467/478 1402/1466/478 1404/1468/479
f 1405/1469/479 1404/1468/479 1406/1470/480
f 1407/1471/480 1406/1470/480 1408/1472/481
f 1409/1473/481 1408/1472/481 1410/1474/482
f 1411/1475/482 1410/1474/482 1412/1476/483
f 1413/1477/483 1412/1476/483 1414/1478/484
f 1415/1479/484 1414/1478/484 1416/1480/485
f 1416/1480/485 1417/1481/485 1415/1479/484
f 1414/1478/484 1415/1479/484 1413/1477/483
f 1412/1476/483 1413/1477/483 1411/1475/482
f 1410/1474/482 1411/1475/482 1409/1473/481
f 1408/1472/481 1409/1473/481 1407/1471/480
f 1406/1470/480 1407/1471/480 1405/1469/479
f 1404/1468/479 1405/1469/479 1403/1467/478
f 1402/1466/478 1403/1467/478 1401/1465/477
f 1400/1464/477 1401/1465/477 1399/1463/476
f 1398/1462/476 1399/1463/476 1397/1461/475
f 1396/1460/475 1397/1461/475 1395/1459/474
f 1394/1458/474 1395/1459/474 1393/1457/473
f 1392/1456/473 1393/1457/473 1391/1455/472
f 1390/1454/472 1391/1455/472 1389/1453/471
f 1388/1452/471 1389/1453/471 1386/1450/470
f 1417/1482/485 1416/1483/485 1418/1484/486
f 1419/1485/486 1418/1484/486 1420/1486/487
f 1421/1487/487 1420/1486/487 1422/1488/488
f 1423/1489/488 1422/1488/488 1424/1490/489
f 1425/1491/489 1424/1490/489 1426/1492/490
f 1427/1493/490 1426/1492/490 1428/1494/491
f 1429/1495/491 1428/1494/491 1430/1496/492
f 1431/1497/492 1430/1496/492 1432/1498/493
f 1433/1499/493 1432/1498/493 1434/1500/494
f 1435/1501/494 1434/1500/494 1436/1502/495
f 1437/1503/495 1436/1502/495 1438/1504/496
f 1439/1505/496 1438/1504/496 1440/1506/497
f 1441/1507/497 1440/1506/497 1442/1508/498
f 1443/1509/498 1442/1508/498 1444/1510/499
f 1445/1511/499 1444/1510/499 1446/1512/500
f 1447/1513/500 1446/1512/500 1448/1514/501
f 1449/1515/501 1448/1514/501 1450/1516/502
f 1451/1517/502 1450/1516/502 1452/1518/503
f 1453/1519/503 1452/1518/503 1454/1520/504
f 1455/1521/504 1454/1520/504 1456/1522/505
f 1457/1523/505 1456/1522/505 1458/1524/506
f 1459/1525/506 1458/1524/506 1460/1526/507
f 1461/1527/507 1460/1526/507 1462/1528/508
f 1463/1529/508 1462/1528/508 1464/1530/509
f 1465/1531/509 1464/1530/509 1466/1532/510
f 1467/1533/510 1466/1532/510 1468/1534/511
f 1469/1535/511 1468/1534/511 1470/1536/512
f 1471/1537/512 1470/1536/512 1472/1538/513
f 1473/1539/513 1472/1538/513 1474/1540/514
f 1475/1541/514 1474/1540/514 1476/1542/515
f 1477/1543/515 1476/1542/515 1478/1544/516
f 1478/1544/516 1479/1545/516 1477/1543/515
f 1476/1542/515 1477/1543/515 1475/1541/514
f 1474/1540/514 1475/1541/514 1473/1539/513
f 1472/1538/513 1473/1539/513 1471/1537/512
f 1470/1536/512 1471/1537/512 1469/1535/511
f 1468/1534/511 1469/1535/511 1467/1533/510
f 1466/1532/510 1467/1533/510 1465/1531/509
f 1464/1530/509 1465/1531/509 1463/1529/508
f 1462/1528/508 1463/1529/508 1461/1527/507
f 1460/1526/507 1461/1527/507 1459/1525/506
f 1458/1524/506 1459/1525/506 1457/1523/505
f 1456/1522/505 1457/1523/505 1455/1521/504
f 1454/1520/504 1455/1521/504 1453/1519/503
f 1452/1518/503 1453/1519/503 1451/1517/502
f 1450/1516/502 1451/1517/502 1449/1515/501
f 1448/1514/501 1449/1515/501 1447/1513/500
f 1446/1512/500 1447/1513/500 1445/1511/499
f 1444/1510/499 1445/1511/499 1443/1509/498
f 1442/1508/498 1443/1509/498 1441/1507/497
f 1440/1506/497 1441/1507/497 1439/1505/496
f 1438/1504/496 1439/1505/496 1437/1503/495
f 1436/1502/495 1437/1503/495 1435/1501/494
f 1434/1500/494 1435/1501/494 1433/1499/493
f 1432/1498/493 1433/1499/493 1431/1497/492
f 1430/1496/492 1431/1497/492 1429/1495/491
f 1428/1494/491 1429/1495/491 1427/1493/490
f 1426/1492/490 1427/1493/490 1425/1491/489
f 1424/1490/489 1425/1491/489 1423/1489/488
f 1422/1488/488 1423/1489/488 1421/1487/487
f 1420/1486/487 1421/1487/487 1419/1485/486
f 1418/1484/486 1419/1485/486 1417/1482/485
f 1479/1546/516 1478/1547/516 1480/1548/517
f 1481/1549/517 1480/1548/517 1482/1550/518
f 1483/1551/518 1482/1550/518 1484/1552/519
f 1485/1553/519 1484/1552/519 1486/1554/520
f 1487/1555/520 1486/1554/520 1488/1556/521
f 1489/1557/521 1488/1556/521 1490/1558/522
f 1491/1559/522 1490/1558/522 1492/1560/523
f 1493/1561/523 1492/1560/523 1494/1562/524
f 1494/1562/524 1495/1563/524 1493/1561/523
f 1492/1560/523 1493/1561/523 1491/1559/522
f 1490/1558/522 1491/1559/522 1489/1557/521
f 1488/1556/521 1489/1557/521 1487/1555/520
f 1486/1554/520 1487/1555/520 1485/1553/519
f 1484/1552/519 1485/1553/519 1483/1551/518
f 1482/1550/518 1483/1551/518 1481/1549/517
f 1480/1548/517 1481/1549/517 1479/1546/516
f 1495/1564/525 1494/1565/525 1496/1566/526
f 1497/1567/526 1496/1566/526 1498/1568/527
f 1499/1569/527 1498/1568/527 1500/1570/528
f 1501/1571/528 1500/1570/528 1502/1572/529
f 1503/1573/529 1502/1572/529 1504/1574/530
f 1504/1574/530 1505/1575/530 1503/1573/529
f 1502/1572/529 1503/1573/529 1501/1571/528
f 1500/1570/528 1501/1571/528 1499/1569/527
f 1498/1568/527 1499/1569/527 1497/1567/526
f 1496/1566/526 1497/1567/526 1495/1564/525
f 1505/1576/530 1504/1577/530 1506/1578/531
f 1507/1579/531 1506/1578/531 1508/1580/532
f 1509/1581/532 1508/1580/532 1510/1582/533
f 1511/1583/533 1510/1582/533 1512/1584/534
f 1513/1585/534 1512/1584/534 1514/1586/535
f 1515/1587/535 1514/1586/535 1516/1588/536
f 1517/1589/536 1516/1588/536 1518/1590/537
f 1519/1591/537 1518/1590/537 1520/1592/538
f 1521/1593/538 1520/1592/538 1522/1594/539
f 1523/1595/539 1522/1594/539 1524/1596/540
f 1525/1597/540 1524/1596/540 1526/1598/541
f 1527/1599/541 1526/1598/541 1528/1600/542
f 1529/1601/542 1528/1600/542 1530/1602/543
f 1531/1603/543 1530/1602/543 1532/1604/544
f 1533/1605/544 1532/1604/544 1534/1606/545
f 1535/1607/545 1534/1606/545 1536/1608/546
f 1537/1609/546 1536/1608/546 1538/1610/547
f 1539/1611/547 1538/1610/547 1540/1612/548
f 1541/1613/548 1540/1612/548 1542/1614/549
f 1543/1615/549 1542/1614/549 1544/1616/550
f 1545/1617/550 1544/1616/550 1546/1618/551
f 1547/1619/551 1546/1618/551 1548/1620/552
f 1549/1621/552 1548/1620/552 1550/1622/553
f 1551/1623/553 1550/1622/553 1552/1624/554
f 1553/1625/554 1552/1624/554 1554/1626/555
f 1555/1627/555 1554/1626/555 1556/1628/556
f 1557/1629/556 1556/1628/556 1558/1630/557
f 1559/1631/557 1558/1630/557 1560/1632/558
f 1561/1633/558 1560/1632/558 1562/1634/559
f 1563/1635/559 1562/1634/559 1564/1636/560
f 1565/1637/560 1564/1636/560 1566/1638/561
f 1567/1639/561 1566/1638/561 1568/1640/562
f 1569/1641/562 1568/1640/562 1387/1642/563
f 1387/1642/563 1386/1643/563 1569/1641/562
f 1568/1640/562 1569/1641/562 1567/1639/561
f 1566/1638/561 1567/1639/561 1565/1637/560
f 1564/1636/560 1565/1637/560 1563/1635/559
f 1562/1634/559 1563/1635/559 1561/1633/558
f 1560/1632/558 1561/1633/558 1559/1631/557
f 1558/1630/557 1559/1631/557 1557/1629/556
f 1556/1628/556 1557/1629/556 1555/1627/555
f 1554/1626/555 1555/1627/555 1553/1625/554
f 1552/1624/554 1553/1625/554 1551/1623/553
f 1550/1622/553 1551/1623/553 1549/1621/552
f 1548/1620/552 1549/1621/552 1547/1619/551
f 1546/1618/551 1547/1619/551 1545/1617/550
f 1544/1616/550 1545/1617/550 1543/1615/549
f 1542/1614/549 1543/1615/549 1541/1613/548
f 1540/1612/548 1541/1613/548 1539/1611/547
f 1538/1610/547 1539/1611/547 1537/1609/546
f 1536/1608/546 1537/1609/546 1535/1607/545
f 1534/1606/545 1535/1607/545 1533/1605/544
f 1532/1604/544 1533/1605/544 1531/1603/543
f 1530/1602/543 1531/1603/543 1529/1601/542
f 1528/1600/542 1529/1601/542 1527/1599/541
f 1526/1598/541 1527/1599/541 1525/1597/540
f 1524/1596/540 1525/1597/540 1523/1595/539
f 1522/1594/539 1523/1595/539 1521/1593/538
f 1520/1592/538 1521/1593/538 1519/1591/537
f 1518/1590/537 1519/1591/537 1517/1589/536
f 1516/1588/536 1517/1589/536 1515/1587/535
f 1514/1586/535 1515/1587/535 1513/1585/534
f 1512/1584/534 1513/1585/534 1511/1583/533
f 1510/1582/533 1511/1583/533 1509/1581/532
f 1508/1580/532 1509/1581/532 1507/1579/531
f 1506/1578/531 1507/1579/531 1505/1576/530
f 1570/1644/564 1571/1645/564 1572/1646/564
f 1572/1646/564 1573/1647/564 1570/1644/564
f 1571/1648/564 1570/1649/564 1574/1650/565
f 1575/1651/565 1574/1650/565 1576/1652/566
f 1577/1653/566 1576/1652/566 1578/1654/567
f 1579/1655/567 1578/1654/567 1580/1656/568
f 1581/1657/568 1580/1656/568 1582/1658/569
f 1583/1659/569 1582/1658/569 1584/1660/570
f 1585/1661/570 1584/1660/570 1586/1662/571
f 1587/1663/571 1586/1662/571 1588/1664/572
f 1589/1665/572 1588/1664/572 1590/1666/573
f 1591/1667/573 1590/1666/573 1592/1668/574
f 1593/1669/574 1592/1668/574 1594/1670/575
f 1595/1671/575 1594/1670/575 1596/1672/576
f 1597/1673/576 1596/1672/576 1598/1674/577
f 1599/1675/577 1598/1674/577 1600/1676/578
f 1601/1677/578 1600/1676/578 1602/1678/579
f 1603/1679/579 1602/1678/579 1604/1680/580
f 1605/1681/580 1604/1680/580 1606/1682/581
f 1607/1683/581 1606/1682/581 1608/1684/582
f 1609/1685/582 1608/1684/582 1610/1686/583
f 1611/1687/583 1610/1686/583 1612/1688/584
f 1613/1689/584 1612/1688/584 1614/1690/585
f 1615/1691/585 1614/1690/585 1616/1692/586
f 1617/1693/586 1616/1692/586 1618/1694/587
f 1619/1695/587 1618/1694/587 1620/1696/588
f 1621/1697/588 1620/1696/588 1622/1698/589
f 1623/1699/589 1622/1698/589 1624/1700/590
f 1625/1701/590 1624/1700/590 1626/1702/591
f 1626/1702/591 1627/1703/591 1625/1701/590
f 1624/1700/590 1625/1701/590 1623/1699/589
f 1622/1698/589 1623/1699/589 1621/1697/588
f 1620/1696/588 1621/1697/588 1619/1695/587
f 1618/1694/587 1619/1695/587 1617/1693/586
f 1616/1692/586 1617/1693/586 1615/1691/585
f 1614/1690/585 1615/1691/585 1613/1689/584
f 1612/1688/584 1613/1689/584 1611/1687/583
f 1610/1686/583 1611/1687/583 1609/1685/582
f 1608/1684/582 1609/1685/582 1607/1683/581
f 1606/1682/581 1607/1683/581 1605/1681/580
f 1604/1680/580 1605/1681/580 1603/1679/579
f 1602/1678/579 1603/1679/579 1601/1677/578
f 1600/1676/578 1601/1677/578 1599/1675/577
f 1598/1674/577 1599/1675/577 1597/1673/576
f 1596/1672/576 1597/1673/576 1595/1671/575
f 1594/1670/575 1595/1671/575 1593/1669/574
f 1592/1668/574 1593/1669/574 1591/1667/573
f 1590/1666/573 1591/1667/573 1589/1665/572
f 1588/1664/572 1589/1665/572 1587/1663/571
f 1586/1662/571 1587/1663/571 1585/1661/570
f 1584/1660/570 1585/1661/570 1583/1659/569
f 1582/1658/569 1583/1659/569 1581/1657/568
f 1580/1656/568 1581/1657/568 1579/1655/567
f 1578/1654/567 1579/1655/567 1577/1653/566
f 1576/1652/566 1577/1653/566 1575/1651/565
f 1574/1650/565 1575/1651/565 1571/1648/564
f 1627/1704/591 1626/1705/591 1628/1706/592
f 1629/1707/592 1628/1706/592 1630/1708/593
f 1631/1709/593 1630/1708/593 1632/1710/594
f 1633/1711/594 1632/1710/594 1634/1712/595
f 1635/1713/595 1634/1712/595 1636/1714/596
f 1637/1715/596 1636/1714/596 1638/1716/597
f 1639/1717/597 1638/1716/597 1640/1718/598
f 1641/1719/598 1640/1718/598 1642/1720/599
f 1643/1721/599 1642/1720/599 1644/1722/600
f 1644/1722/600 1645/1723/600 1643/1721/599
f 1642/1720/599 1643/1721/599 1641/1719/598
f 1640/1718/598 1641/1719/598 1639/1717/597
f 1638/1716/597 1639/1717/597 1637/1715/596
f 1636/1714/596 1637/1715/596 1635/1713/595
f 1634/1712/595 1635/1713/595 1633/1711/594
f 1632/1710/594 1633/1711/594 1631/1709/593
f 1630/1708/593 1631/1709/593 1629/1707/592
f 1628/1706/592 1629/1707/592 1627/1704/591
f 1645/1724/600 1644/1725/600 1646/1726/601
f 1647/1727/601 1646/1726/601 1648/1728/602
f 1649/1729/602 1648/1728/602 1650/1730/603
f 1651/1731/603 1650/1730/603 1652/1732/604
f 1653/1733/604 1652/1732/604 1654/1734/605
f 1655/1735/605 1654/1734/605 1656/1736/606
f 1657/1737/606 1656/1736/606 1658/1738/607
f 1659/1739/607 1658/1738/607 1660/1740/608
f 1661/1741/608 1660/1740/608 1662/1742/609
f 1663/1743/609 1662/1742/609 1664/1744/610
f 1665/1745/610 1664/1744/610 1666/1746/611
f 1667/1747/611 1666/1746/611 1668/1748/612
f 1669/1749/612 1668/1748/612 1670/1750/613
f 1671/1751/613 1670/1750/613 1672/1752/614
f 1673/1753/614 1672/1752/614 1674/1754/615
f 1675/1755/615 1674/1754/615 1676/1756/616
f 1677/1757/616 1676/1756/616 1678/1758/617
f 1679/1759/617 1678/1758/617 1680/1760/618
f 1681/1761/618 1680/1760/618 1682/1762/619
f 1683/1763/619 1682/1762/619 1684/1764/620
f 1685/1765/620 1684/1764/620 1686/1766/621
f 1687/1767/621 1686/1766/621 1688/1768/622
f 1689/1769/622 1688/1768/622 1690/1770/623
f 1691/1771/623 1690/1770/623 1692/1772/624
f 1693/1773/624 1692/1772/624 1694/1774/625
f 1694/1774/625 1695/1775/625 1693/1773/624
f 1692/1772/624 1693/1773/624 1691/1771/623
f 1690/1770/623 1691/1771/623 1689/1769/622
f 1688/1768/622 1689/1769/622 1687/1767/621
f 1686/1766/621 1687/1767/621 1685/1765/620
f 1684/1764/620 1685/1765/620 1683/1763/619
f 1682/1762/619 1683/1763/619 1681/1761/618
f 1680/1760/618 1681/1761/618 1679/1759/617
f 1678/1758/617 1679/1759/617 1677/1757/616
f 1676/1756/616 1677/1757/616 1675/1755/615
f 1674/1754/615 1675/1755/615 1673/1753/614
f 1672/1752/614 1673/1753/614 1671/1751/613
f 1670/1750/613 1671/1751/613 1669/1749/612
f 1668/1748/612 1669/1749/612 1667/1747/611
f 1666/1746/611 1667/1747/611 1665/1745/610
f 1664/1744/610 1665/1745/610 1663/1743/609
f 1662/1742/609 1663/1743/609 1661/1741/608
f 1660/1740/608 1661/1741/608 1659/1739/607
f 1658/1738/607 1659/1739/607 1657/1737/606
f 1656/1736/606 1657/1737/606 1655/1735/605
f 1654/1734/605 1655/1735/605 1653/1733/604
f 1652/1732/604 1653/1733/604 1651/1731/603
f 1650/1730/603 1651/1731/603 1649/1729/602
f 1648/1728/602 1649/1729/602 1647/1727/601
f 1646/1726/601 1647/1727/601 1645/1724/600
f 1696/1776/626 1697/1777/626 1695/1778/626
f 1695/1778/626 1694/1779/626 1696/1776/626
f 1698/1780/627 1697/1781/626 1696/1782/626
f 1699/1783/628 1698/1780/627 1700/1784/627
f 1701/1785/629 1699/1783/628 1702/1786/628
f 1703/1787/630 1701/1785/629 1704/1788/629
f 1705/1789/631 1703/1787/630 1706/1790/630
f 1707/1791/632 1705/1789/631 1708/1792/631
f 1709/1793/633 1707/1791/632 1710/1794/632
f 1711/1795/634 1709/1793/633 1712/1796/633
f 1713/1797/635 1711/1795/634 1714/1798/634
f 1715/1799/636 1713/1797/635 1716/1800/635
f 1717/1801/637 1715/1799/636 1718/1802/636
f 1719/1803/638 1717/1801/637 1720/1804/637
f 1721/1805/639 1719/1803/638 1722/1806/638
f 1723/1807/640 1721/1805/639 1724/1808/639
f 1724/1808/639 1725/1809/640 1723/1807/640
f 1722/1806/638 1724/1808/639 1721/1805/639
f 1720/1804/637 1722/1806/638 1719/1803/638
f 1718/1802/636 1720/1804/637 1717/1801/637
f 1716/1800/635 1718/1802/636 1715/1799/636
f 1714/1798/634 1716/1800/635 1713/1797/635
f 1712/1796/633 1714/1798/634 1711/1795/634
f 1710/1794/632 1712/1796/633 1709/1793/633
f 1708/1792/631 1710/1794/632 1707/1791/632
f 1706/1790/630 1708/1792/631 1705/1789/631
f 1704/1788/629 1706/1790/630 1703/1787/630
f 1702/1786/628 1704/1788/629 1701/1785/629
f 1700/1784/627 1702/1786/628 1699/1783/628
f 1696/1782/626 1700/1784/627 1698/1780/627
f 1726/1810/641 1727/1811/641 1723/1812/641
f 1723/1812/641 1725/1813/641 1726/1810/641
f 1727/1814/641 1726/1815/641 1728/1816/642
f 1729/1817/642 1728/1816/642 1730/1818/643
f 1731/1819/643 1730/1818/643 1732/1820/644
f 1733/1821/644 1732/1820/644 1734/1822/645
f 1735/1823/645 1734/1822/645 1736/1824/646
f 1737/1825/646 1736/1824/646 1738/1826/647
f 1739/1827/647 1738/1826/647 1740/1828/648
f 1741/1829/648 1740/1828/648 1742/1830/649
f 1743/1831/649 1742/1830/649 1744/1832/650
f 1745/1833/650 1744/1832/650 1746/1834/651
f 1747/1835/651 1746/1834/651 1748/1836/652
f 1749/1837/652 1748/1836/652 1750/1838/653
f 1751/1839/653 1750/1838/653 1752/1840/654
f 1753/1841/654 1752/1840/654 1754/1842/655
f 1755/1843/655 1754/1842/655 1756/1844/656
f 1757/1845/656 1756/1844/656 1758/1846/657
f 1759/1847/657 1758/1846/657 1760/1848/658
f 1761/1849/658 1760/1848/658 1762/1850/659
f 1763/1851/659 1762/1850/659 1764/1852/660
f 1765/1853/660 1764/1852/660 1766/1854/661
f 1767/1855/661 1766/1854/661 1768/1856/662
f 1769/1857/662 1768/1856/662 1770/1858/663
f 1771/1859/663 1770/1858/663 1772/1860/664
f 1773/1861/664 1772/1860/664 1774/1862/665
f 1774/1862/665 1775/1863/665 1773/1861/664
f 1772/1860/664 1773/1861/664 1771/1859/663
f 1770/1858/663 1771/1859/663 1769/1857/662
f 1768/1856/662 1769/1857/662 1767/1855/661
f 1766/1854/661 1767/1855/661 1765/1853/660
f 1764/1852/660 1765/1853/660 1763/1851/659
f 1762/1850/659 1763/1851/659 1761/1849/658
f 1760/1848/658 1761/1849/658 1759/1847/657
f 1758/1846/657 1759/1847/657 1757/1845/656
f 1756/1844/656 1757/1845/656 1755/1843/655
f 1754/1842/655 1755/1843/655 1753/1841/654
f 1752/1840/654 1753/1841/654 1751/1839/653
f 1750/1838/653 1751/1839/653 1749/1837/652
f 1748/1836/652 1749/1837/652 1747/1835/651
f 1746/1834/651 1747/1835/651 1745/1833/650
f 1744/1832/650 1745/1833/650 1743/1831/649
f 1742/1830/649 1743/1831/649 1741/1829/648
f 1740/1828/648 1741/1829/648 1739/1827/647
f 1738/1826/647 1739/1827/647 1737/1825/646
f 1736/1824/646 1737/1825/646 1735/1823/645
f 1734/1822/645 1735/1823/645 1733/1821/644
f 1732/1820/644 1733/1821/644 1731/1819/643
f 1730/1818/643 1731/1819/643 1729/1817/642
f 1728/1816/642 1729/1817/642 1727/1814/641
f 1776/1864/666 1777/1865/666 1775/1866/666
f 1775/1866/666 1774/1867/666 1776/1864/666
f 1778/1868/667 1777/1869/668 1776/1870/668
f 1779/1871/669 1778/1868/667 1780/1872/670
f 1781/1873/671 1779/1871/669 1782/1874/672
f 1783/1875/673 1781/1873/671 1784/1876/674
f 1785/1877/675 1783/1875/673 1786/1878/676
f 1787/1879/677 1785/1877/675 1788/1880/678
f 1789/1881/679 1787/1879/677 1790/1882/680
f 1791/1883/681 1789/1881/679 1792/1884/682
f 1793/1885/683 1791/1883/681 1794/1886/684
f 1795/1887/685 1793/1885/683 1796/1888/686
f 1797/1889/687 1795/1887/685 1798/1890/688
f 1799/1891/689 1797/1889/687 1800/1892/690
f 1801/1893/691 1799/1891/689 1802/1894/692
f 1803/1895/693 1801/1893/691 1804/1896/694
f 1805/1897/695 1803/1895/693 1806/1898/696
f 1807/1899/697 1805/1897/695 1808/1900/698
f 1809/1901/699 1807/1899/697 1810/1902/700
f 1811/1903/701 1809/1901/699 1812/1904/702
f 1812/1904/702 1813/1905/701 1811/1903/701
f 1810/1902/700 1812/1904/702 1809/1901/699
f 1808/1900/698 1810/1902/700 1807/1899/697
f 1806/1898/696 1808/1900/698 1805/1897/695
f 1804/1896/694 1806/1898/696 1803/1895/693
f 1802/1894/692 1804/1896/694 1801/1893/691
f 1800/1892/690 1802/1894/692 1799/1891/689
f 1798/1890/688 1800/1892/690 1797/1889/687
f 1796/1888/686 1798/1890/688 1795/1887/685
f 1794/1886/684 1796/1888/686 1793/1885/683
f 1792/1884/682 1794/1886/684 1791/1883/681
f 1790/1882/680 1792/1884/682 1789/1881/679
f 1788/1880/678 1790/1882/680 1787/1879/677
f 1786/1878/676 1788/1880/678 1785/1877/675
f 1784/1876/674 1786/1878/676 1783/1875/673
f 1782/1874/672 1784/1876/674 1781/1873/671
f 1780/1872/670 1782/1874/672 1779/1871/669
f 1776/1870/668 1780/1872/670 1778/1868/667
f 1814/1906/703 1815/1907/703 1811/1908/703
f 1811/1908/703 1813/1909/703 1814/1906/703
f 1815/1910/703 1814/1911/703 1816/1912/704
f 1817/1913/704 1816/1912/704 1818/1914/705
f 1819/1915/705 1818/1914/705 1820/1916/706
f 1821/1917/706 1820/1916/706 1822/1918/707
f 1823/1919/707 1822/1918/707 1824/1920/708
f 1825/1921/708 1824/1920/708 1826/1922/709
f 1827/1923/709 1826/1922/709 1828/1924/710
f 1829/1925/710 1828/1924/710 1830/1926/711
f 1831/1927/711 1830/1926/711 1832/1928/712
f 1833/1929/712 1832/1928/712 1834/1930/713
f 1835/1931/713 1834/1930/713 1836/1932/714
f 1837/1933/714 1836/1932/714 1838/1934/715
f 1839/1935/715 1838/1934/715 1840/1936/716
f 1841/1937/716 1840/1936/716 1842/1938/717
f 1843/1939/717 1842/1938/717 1844/1940/718
f 1845/1941/718 1844/1940/718 1846/1942/719
f 1847/1943/719 1846/1942/719 1848/1944/720
f 1849/1945/720 1848/1944/720 1850/1946/721
f 1851/1947/721 1850/1946/721 1852/1948/722
f 1853/1949/722 1852/1948/722 1854/1950/723
f 1855/1951/723 1854/1950/723 1856/1952/724
f 1857/1953/724 1856/1952/724 1858/1954/725
f 1858/1954/725 1859/1955/725 1857/1953/724
f 1856/1952/724 1857/1953/724 1855/1951/723
f 1854/1950/723 1855/1951/723 1853/1949/722
f 1852/1948/722 1853/1949/722 1851/1947/721
f 1850/1946/721 1851/1947/721 1849/1945/720
f 1848/1944/720 1849/1945/720 1847/1943/719
f 1846/1942/719 1847/1943/719 1845/1941/718
f 1844/1940/718 1845/1941/718 1843/1939/717
f 1842/1938/717 1843/1939/717 1841/1937/716
f 1840/1936/716 1841/1937/716 1839/1935/715
f 1838/1934/715 1839/1935/715 1837/1933/714
f 1836/1932/714 1837/1933/714 1835/1931/713
f 1834/1930/713 1835/1931/713 1833/1929/712
f 1832/1928/712 1833/1929/712 1831/1927/711
f 1830/1926/711 1831/1927/711 1829/1925/710
f 1828/1924/710 1829/1925/710 1827/1923/709
f 1826/1922/709 1827/1923/709 1825/1921/708
f 1824/1920/708 1825/1921/708 1823/1919/707
f 1822/1918/707 1823/1919/707 1821/1917/706
f 1820/1916/706 1821/1917/706 1819/1915/705
f 1818/1914/705 1819/1915/705 1817/1913/704
f 1816/1912/704 1817/1913/704 1815/1910/703
f 1860/1956/726 1861/1957/726 1859/1958/726
f 1859/1958/726 1858/1959/726 1860/1956/726
f 1861/1960/726 1860/1961/726 1862/1962/727
f 1863/1963/727 1862/1962/727 1864/1964/728
f 1865/1965/728 1864/1964/728 1866/1966/729
f 1867/1967/729 1866/1966/729 1868/1968/730
f 1869/1969/730 1868/1968/730 1870/1970/731
f 1871/1971/731 1870/1970/731 1872/1972/732
f 1873/1973/732 1872/1972/732 1874/1974/733
f 1875/1975/733 1874/1974/733 1876/1976/734
f 1877/1977/734 1876/1976/734 1878/1978/735
f 1879/1979/735 1878/1978/735 1880/1980/736
f 1881/1981/736 1880/1980/736 1882/1982/737
f 1883/1983/737 1882/1982/737 1884/1984/738
f 1885/1985/738 1884/1984/738 1886/1986/739
f 1887/1987/739 1886/1986/739 1888/1988/740
f 1889/1989/740 1888/1988/740 1890/1990/741
f 1891/1991/741 1890/1990/741 1892/1992/742
f 1892/1992/742 1893/1993/742 1891/1991/741
f 1890/1990/741 1891/1991/741 1889/1989/740
f 1888/1988/740 1889/1989/740 1887/1987/739
f 1886/1986/739 1887/1987/739 1885/1985/738
f 1884/1984/738 1885/1985/738 1883/1983/737
f 1882/1982/737 1883/1983/737 1881/1981/736
f 1880/1980/736 1881/1981/736 1879/1979/735
f 1878/1978/735 1879/1979/735 1877/1977/734
f 1876/1976/734 1877/1977/734 1875/1975/733
f 1874/1974/733 1875/1975/733 1873/1973/732
f 1872/1972/732 1873/1973/732 1871/1971/731
f 1870/1970/731 1871/1971/731 1869/1969/730
f 1868/1968/730 1869/1969/730 1867/1967/729
f 1866/1966/729 1867/1967/729 1865/1965/728
f 1864/1964/728 1865/1965/728 1863/1963/727
f 1862/1962/727 1863/1963/727 1861/1960/726
f 1894/1994/743 1893/1995/743 1892/1996/743
f 1892/1996/743 1895/1997/743 1894/1994/743
f 1896/1998/744 1894/1999/743 1895/2000/743
f 1897/2001/745 1896/1998/744 1898/2002/744
f 1899/2003/746 1897/2001/745 1900/2004/745
f 1901/2005/747 1899/2003/746 1902/2006/746
f 1903/2007/748 1901/2005/747 1904/2008/747
f 1905/2009/749 1903/2007/748 1906/2010/748
f 1907/2011/750 1905/2009/749 1908/2012/749
f 1909/2013/751 1907/2011/750 1910/2014/750
f 1911/2015/752 1909/2013/751 1912/2016/751
f 1913/2017/753 1911/2015/752 1914/2018/752
f 1915/2019/754 1913/2017/753 1916/2020/753
f 1917/2021/755 1915/2019/754 1918/2022/754
f 1919/2023/756 1917/2021/755 1920/2024/755
f 1921/2025/757 1919/2023/756 1922/2026/756
f 1923/2027/758 1921/2025/757 1924/2028/757
f 1925/2029/759 1923/2027/758 1926/2030/758
f 1927/2031/760 1925/2029/759 1928/2032/759
f 1929/2033/761 1927/2031/760 1930/2034/760
f 1931/2035/762 1929/2033/761 1932/2036/761
f 1933/2037/763 1931/2035/762 1934/2038/762
f 1935/2039/764 1933/2037/763 1936/2040/763
f 1936/2040/763 1937/2041/764 1935/2039/764
f 1934/2038/762 1936/2040/763 1933/2037/763
f 1932/2036/761 1934/2038/762 1931/2035/762
f 1930/2034/760 1932/2036/761 1929/2033/761
f 1928/2032/759 1930/2034/760 1927/2031/760
f 1926/2030/758 1928/2032/759 1925/2029/759
f 1924/2028/757 1926/2030/758 1923/2027/758
f 1922/2026/756 1924/2028/757 1921/2025/757
f 1920/2024/755 1922/2026/756 1919/2023/756
f 1918/2022/754 1920/2024/755 1917/2021/755
f 1916/2020/753 1918/2022/754 1915/2019/754
f 1914/2018/752 1916/2020/753 1913/2017/753
f 1912/2016/751 1914/2018/752 1911/2015/752
f 1910/2014/750 1912/2016/751 1909/2013/751
f 1908/2012/749 1910/2014/750 1907/2011/750
f 1906/2010/748 1908/2012/749 1905/2009/749
f 1904/2008/747 1906/2010/748 1903/2007/748
f 1902/2006/746 1904/2008/747 1901/2005/747
f 1900/2004/745 1902/2006/746 1899/2003/746
f 1898/2002/744 1900/2004/745 1897/2001/745
f 1895/2000/743 1898/2002/744 1896/1998/744
f 1938/2042/765 1939/2043/765 1935/2044/765
f 1935/2044/765 1937/2045/765 1938/2042/765
f 1939/2046/765 1938/2047/765 1940/2048/766
f 1941/2049/766 1940/2048/766 1942/2050/767
f 1943/2051/767 1942/2050/767 1944/2052/768
f 1945/2053/768 1944/2052/768 1946/2054/769
f 1947/2055/769 1946/2054/769 1948/2056/770
f 1949/2057/770 1948/2056/770 1950/2058/771
f 1951/2059/771 1950/2058/771 1952/2060/772
f 1953/2061/772 1952/2060/772 1954/2062/773
f 1955/2063/773 1954/2062/773 1956/2064/774
f 1957/2065/774 1956/2064/774 1958/2066/775
f 1959/2067/775 1958/2066/775 1960/2068/776
f 1961/2069/776 1960/2068/776 1962/2070/777
f 1963/2071/777 1962/2070/777 1964/2072/778
f 1965/2073/778 1964/2072/778 1966/2074/779
f 1967/2075/779 1966/2074/779 1968/2076/780
f 1969/2077/780 1968/2076/780 1970/2078/781
f 1971/2079/781 1970/2078/781 1972/2080/782
f 1973/2081/782 1972/2080/782 1974/2082/783
f 1975/2083/783 1974/2082/783 1976/2084/784
f 1977/2085/784 1976/2084/784 1978/2086/785
f 1979/2087/785 1978/2086/785 1980/2088/786
f 1981/2089/786 1980/2088/786 1982/2090/787
f 1983/2091/787 1982/2090/787 1984/2092/788
f 1985/2093/788 1984/2092/788 1986/2094/789
f 1987/2095/789 1986/2094/789 1988/2096/790
f 1989/2097/790 1988/2096/790 1990/2098/791
f 1991/2099/791 1990/2098/791 1992/2100/792
f 1993/2101/792 1992/2100/792 1994/2102/793
f 1994/2102/793 1995/2103/793 1993/2101/792
f 1992/2100/792 1993/2101/792 1991/2099/791
f 1990/2098/791 1991/2099/791 1989/2097/790
f 1988/2096/790 1989/2097/790 1987/2095/789
f 1986/2094/789 1987/2095/789 1985/2093/788
f 1984/2092/788 1985/2093/788 1983/2091/787
f 1982/2090/787 1983/2091/787 1981/2089/786
f 1980/2088/786 1981/2089/786 1979/2087/785
f 1978/2086/785 1979/2087/785 1977/2085/784
f 1976/2084/784 1977/2085/784 1975/2083/783
f 1974/2082/783 1975/2083/783 1973/2081/782
f 1972/2080/782 1973/2081/782 1971/2079/781
f 1970/2078/781 1971/2079/781 1969/2077/780
f 1968/2076/780 1969/2077/780 1967/2075/779
f 1966/2074/779 1967/2075/779 1965/2073/778
f 1964/2072/778 1965/2073/778 1963/2071/777
f 1962/2070/777 1963/2071/777 1961/2069/776
f 1960/2068/776 1961/2069/776 1959/2067/775
f 1958/2066/775 1959/2067/775 1957/2065/774
f 1956/2064/774 1957/2065/774 1955/2063/773
f 1954/2062/773 1955/2063/773 1953/2061/772
f 1952/2060/772 1953/2061/772 1951/2059/771
f 1950/2058/771 1951/2059/771 1949/2057/770
f 1948/2056/770 1949/2057/770 1947/2055/769
f 1946/2054/769 1947/2055/769 1945/2053/768
f 1944/2052/768 1945/2053/768 1943/2051/767
f 1942/2050/767 1943/2051/767 1941/2049/766
f 1940/2048/766 1941/2049/766 1939/2046/765
f 1697/2104/794 1679/2105/794 1681/2106/794
f 1609/2107/794 1611/2108/794 1613/2109/794
f 1629/2110/794 1583/2111/794 1585/2112/794
f 1896/2113/794 1781/2114/794 1783/2115/794
f 1761/2116/794 1771/2117/794 1773/2118/794
f 1761/2116/794 1763/2119/794 1765/2120/794
f 1697/2104/794 1677/2121/794 1679/2105/794
f 1697/2104/794 1673/2122/794 1675/2123/794
f 1697/2104/794 1653/2124/794 1655/2125/794
f 1697/2104/794 1641/2126/794 1643/2127/794
f 1607/2128/794 1625/2129/794 1627/2130/794
f 1613/2109/794 1615/2131/794 1609/2107/794
f 1629/2110/794 1589/2132/794 1591/2133/794
f 1629/2110/794 1581/2134/794 1583/2111/794
f 1973/2135/794 1983/2136/794 1985/2137/794
f 1973/2135/794 1975/2138/794 1977/2139/794
f 1995/2140/794 1943/2141/794 1945/2142/794
f 1861/2143/794 1849/2144/794 1851/2145/794
f 1896/2113/794 1795/2146/794 1797/2147/794
f 1896/2113/794 1789/2148/794 1791/2149/794
f 1896/2113/794 1779/2150/794 1781/2114/794
f 1761/2116/794 1769/2151/794 1771/2117/794
f 1765/2120/794 1767/2152/794 1761/2116/794
f 1775/2153/794 1755/2154/794 1757/2155/794
f 1697/2104/794 1683/2156/794 1685/2157/794
f 1675/2123/794 1677/2121/794 1697/2104/794
f 1697/2104/794 1669/2158/794 1671/2159/794
f 1697/2104/794 1665/2160/794 1667/2161/794
f 1655/2125/794 1657/2162/794 1697/2104/794
f 1697/2104/794 1647/2163/794 1649/2164/794
f 1643/2127/794 1645/2165/794 1697/2104/794
f 1607/2128/794 1623/2166/794 1625/2129/794
f 1607/2128/794 1617/2167/794 1619/2168/794
f 1617/2167/794 1607/2128/794 1609/2107/794
f 1629/2110/794 1593/2169/794 1595/2170/794
f 1629/2110/794 1587/2171/794 1589/2132/794
f 1629/2110/794 1579/2172/794 1581/2134/794
f 1629/2110/794 1575/2173/794 1577/2174/794
f 1973/2135/794 1989/2175/794 1991/2176/794
f 1973/2135/794 1981/2177/794 1983/2136/794
f 1977/2139/794 1979/2178/794 1973/2135/794
f 1993/2179/794 1967/2180/794 1969/2181/794
f 1995/2140/794 1941/2182/794 1943/2141/794
f 1851/2145/794 1853/2183/794 1861/2143/794
f 1894/2184/794 1889/2185/794 1891/2186/794
f 1797/2147/794 1799/2187/794 1896/2113/794
f 1791/2149/794 1793/2188/794 1896/2113/794
f 1896/2113/794 1778/2189/794 1779/2150/794
f 1767/2152/794 1769/2151/794 1761/2116/794
f 1757/2155/794 1759/2190/794 1775/2153/794
f 1775/2153/794 1747/2191/794 1749/2192/794
f 1775/2153/794 1743/2193/794 1745/2194/794
f 1775/2153/794 1739/2195/794 1741/2196/794
f 1775/2153/794 1735/2197/794 1737/2198/794
f 1697/2104/794 1691/2199/794 1693/2200/794
f 1697/2104/794 1687/2201/794 1689/2202/794
f 1681/2106/794 1683/2156/794 1697/2104/794
f 1667/2161/794 1669/2158/794 1697/2104/794
f 1697/2104/794 1661/2203/794 1663/2204/794
f 1697/2104/794 1651/2205/794 1653/2124/794
f 1645/2165/794 1647/2163/794 1697/2104/794
f 1607/2128/794 1621/2206/794 1623/2166/794
f 1615/2131/794 1617/2167/794 1609/2107/794
f 1629/2110/794 1601/2207/794 1603/2208/794
f 1629/2110/794 1597/2209/794 1599/2210/794
f 1591/2133/794 1593/2169/794 1629/2110/794
f 1577/2174/794 1579/2172/794 1629/2110/794
f 1973/2135/794 1987/2211/794 1989/2175/794
f 1979/2178/794 1981/2177/794 1973/2135/794
f 1969/2181/794 1971/2212/794 1993/2179/794
f 1993/2179/794 1963/2213/794 1965/2214/794
f 1995/2140/794 1953/2215/794 1955/2216/794
f 1945/2142/794 1947/2217/794 1995/2140/794
f 1861/2143/794 1855/2218/794 1857/2219/794
f 1861/2143/794 1847/2220/794 1849/2144/794
f 1861/2143/794 1839/2221/794 1841/2222/794
f 1861/2143/794 1833/2223/794 1835/2224/794
f 1894/2184/794 1887/2225/794 1889/2185/794
f 1894/2184/794 1879/2226/794 1881/2227/794
f 1894/2184/794 1875/2228/794 1877/2229/794
f 1629/2110/794 1927/2230/794 1929/2231/794
f 1629/2110/794 1919/2232/794 1921/2233/794
f 1896/2113/794 1801/2234/794 1803/2235/794
f 1793/2188/794 1795/2146/794 1896/2113/794
f 1896/2113/794 1785/2236/794 1787/2237/794
f 1896/2113/794 1777/2238/794 1778/2189/794
f 1759/2190/794 1761/2116/794 1775/2153/794
f 1775/2153/794 1751/2239/794 1753/2240/794
f 1745/2194/794 1747/2191/794 1775/2153/794
f 1737/2198/794 1739/2195/794 1775/2153/794
f 1689/2202/794 1691/2199/794 1697/2104/794
f 1671/2159/794 1673/2122/794 1697/2104/794
f 1697/2104/794 1659/2241/794 1661/2203/794
f 1649/2164/794 1651/2205/794 1697/2104/794
f 1619/2168/794 1621/2206/794 1607/2128/794
f 1603/2208/794 1605/2242/794 1629/2110/794
f 1595/2170/794 1597/2209/794 1629/2110/794
f 1629/2110/794 1571/2243/794 1575/2173/794
f 1629/2110/794 1996/2244/794 1997/2245/794
f 1935/2246/794 1998/2247/794 1999/2248/794
f 1935/2246/794 2000/2249/794 2001/2250/794
f 1985/2137/794 1987/2211/794 1973/2135/794
f 1965/2214/794 1967/2180/794 1993/2179/794
f 1995/2140/794 1959/2251/794 1961/2252/794
f 1955/2216/794 1957/2253/794 1995/2140/794
f 1995/2140/794 1949/2254/794 1951/2255/794
f 1995/2140/794 1939/2256/794 1941/2182/794
f 1853/2183/794 1855/2218/794 1861/2143/794
f 1841/2222/794 1843/2257/794 1861/2143/794
f 1835/2224/794 1837/2258/794 1861/2143/794
f 1861/2143/794 1817/2259/794 1819/2260/794
f 1894/2184/794 1885/2261/794 1887/2225/794
f 1877/2229/794 1879/2226/794 1894/2184/794
f 1894/2184/794 1871/2262/794 1873/2263/794
f 1929/2231/794 1931/2264/794 1629/2110/794
f 1629/2110/794 1923/2265/794 1925/2266/794
f 1629/2110/794 1917/2267/794 1919/2232/794
f 1915/2268/794 1633/2269/794 1635/2270/794
f 1631/2271/794 1915/2268/794 1917/2267/794
f 1809/2272/794 1811/2273/794 1894/2184/794
f 1896/2113/794 1805/2274/794 1807/2275/794
f 1799/2187/794 1801/2234/794 1896/2113/794
f 1783/2115/794 1785/2236/794 1896/2113/794
f 1753/2240/794 1755/2154/794 1775/2153/794
f 1741/2196/794 1743/2193/794 1775/2153/794
f 1685/2157/794 1687/2201/794 1697/2104/794
f 1657/2162/794 1659/2241/794 1697/2104/794
f 1605/2242/794 1607/2128/794 1629/2110/794
f 1585/2112/794 1587/2171/794 1629/2110/794
f 1997/2245/794 2002/2276/794 1629/2110/794
f 1999/2248/794 1629/2110/794 1935/2246/794
f 2001/2250/794 2003/2277/794 1935/2246/794
f 1971/2212/794 1973/2135/794 1993/2179/794
f 1957/2253/794 1959/2251/794 1995/2140/794
f 1947/2217/794 1949/2254/794 1995/2140/794
f 1861/2143/794 1845/2278/794 1847/2220/794
f 1837/2258/794 1839/2221/794 1861/2143/794
f 1861/2143/794 1825/2279/794 1827/2280/794
f 1819/2260/794 1821/2281/794 1861/2143/794
f 1894/2184/794 1883/2282/794 1885/2261/794
f 1873/2263/794 1875/2228/794 1894/2184/794
f 1894/2184/794 1865/2283/794 1867/2284/794
f 1811/2273/794 1815/2285/794 1861/2143/794
f 1931/2264/794 1933/2286/794 1629/2110/794
f 1921/2233/794 1923/2265/794 1629/2110/794
f 1635/2270/794 1637/2287/794 1915/2268/794
f 1917/2267/794 1629/2110/794 1631/2271/794
f 1907/2288/794 1909/2289/794 1639/2290/794
f 1777/2238/794 1899/2291/794 1901/2292/794
f 1807/2275/794 1809/2272/794 1896/2113/794
f 1787/2237/794 1789/2148/794 1896/2113/794
f 1749/2192/794 1751/2239/794 1775/2153/794
f 1775/2153/794 1731/2293/794 1733/2294/794
f 1641/2126/794 1703/2295/794 1705/2296/794
f 1663/2204/794 1665/2160/794 1697/2104/794
f 1599/2210/794 1601/2207/794 1629/2110/794
f 1629/2110/794 2004/2297/794 2005/2298/794
f 2002/2276/794 2006/2299/794 1629/2110/794
f 2003/2277/794 1998/2247/794 1935/2246/794
f 1991/2176/794 1993/2179/794 1973/2135/794
f 1951/2255/794 1953/2215/794 1995/2140/794
f 1843/2257/794 1845/2278/794 1861/2143/794
f 1861/2143/794 1829/2300/794 1831/2301/794
f 1861/2143/794 1823/2302/794 1825/2279/794
f 1861/2143/794 1815/2285/794 1817/2259/794
f 1881/2227/794 1883/2282/794 1894/2184/794
f 1867/2284/794 1869/2303/794 1894/2184/794
f 1861/2143/794 1894/2184/794 1811/2273/794
f 1925/2266/794 1927/2230/794 1629/2110/794
f 1631/2271/794 1633/2269/794 1915/2268/794
f 1639/2290/794 1911/2304/794 1913/2305/794
f 1639/2290/794 1641/2126/794 1907/2288/794
f 1641/2126/794 1903/2306/794 1905/2307/794
f 1901/2292/794 1641/2126/794 1777/2238/794
f 1777/2238/794 1896/2113/794 1897/2308/794
f 1803/2235/794 1805/2274/794 1896/2113/794
f 1733/2294/794 1735/2197/794 1775/2153/794
f 1775/2153/794 1727/2309/794 1729/2310/794
f 1705/2296/794 1707/2311/794 1641/2126/794
f 1693/2200/794 1695/2312/794 1697/2104/794
f 1629/2110/794 1572/2313/794 1571/2243/794
f 2005/2298/794 2007/2314/794 1629/2110/794
f 1999/2248/794 1996/2244/794 1629/2110/794
f 1961/2252/794 1963/2213/794 1995/2140/794
f 1831/2301/794 1833/2223/794 1861/2143/794
f 1821/2281/794 1823/2302/794 1861/2143/794
f 1869/2303/794 1871/2262/794 1894/2184/794
f 1861/2143/794 1863/2315/794 1894/2184/794
f 1637/2287/794 1639/2290/794 1915/2268/794
f 1909/2289/794 1911/2304/794 1639/2290/794
f 1901/2292/794 1903/2306/794 1641/2126/794
f 1894/2184/794 1896/2113/794 1809/2272/794
f 1729/2310/794 1731/2293/794 1775/2153/794
f 1775/2153/794 1721/2316/794 1723/2317/794
f 1641/2126/794 1701/2318/794 1703/2295/794
f 1697/2104/794 1698/2319/794 1641/2126/794
f 1629/2110/794 2008/2320/794 1572/2313/794
f 2006/2299/794 2004/2297/794 1629/2110/794
f 1993/2179/794 1995/2140/794 1963/2213/794
f 1827/2280/794 1829/2300/794 1861/2143/794
f 1863/2315/794 1865/2283/794 1894/2184/794
f 1913/2305/794 1915/2268/794 1639/2290/794
f 1897/2308/794 1899/2291/794 1777/2238/794
f 1723/2317/794 1727/2309/794 1775/2153/794
f 1641/2126/794 1717/2321/794 1719/2322/794
f 1641/2126/794 1711/2323/794 1713/2324/794
f 1707/2311/794 1709/2325/794 1641/2126/794
f 1698/2319/794 1699/2326/794 1641/2126/794
f 2007/2314/794 2008/2320/794 1629/2110/794
f 2000/2249/794 1935/2246/794 1939/2256/794
f 1891/2186/794 1893/2327/794 1894/2184/794
f 1905/2307/794 1907/2288/794 1641/2126/794
f 1773/2118/794 1775/2153/794 1761/2116/794
f 1719/2322/794 1777/2238/794 1641/2126/794
f 1713/2324/794 1715/2328/794 1641/2126/794
f 1699/2326/794 1701/2318/794 1641/2126/794
f 1995/2140/794 2000/2249/794 1939/2256/794
f 1933/2286/794 1935/2246/794 1629/2110/794
f 1719/2322/794 1721/2316/794 1777/2238/794
f 1709/2325/794 1711/2323/794 1641/2126/794
f 1857/2219/794 1859/2329/794 1861/2143/794
f 1715/2328/794 1717/2321/794 1641/2126/794
f 1775/2153/794 1777/2238/794 1721/2316/794
f 1627/2130/794 1629/2110/794 1607/2128/794
f 2009/2330/795 2000/2331/795 1995/2332/795
f 1995/2332/795 1994/2333/795 2009/2330/795
f 2010/2334/796 2001/2335/796 2000/2336/796
f 2000/2336/796 2009/2337/796 2010/2334/796
f 2003/2338/797 2001/2339/798 2010/2340/798
f 1998/2341/799 2003/2338/797 2011/2342/800
f 1999/2343/801 1998/2341/799 2012/2344/802
f 1996/2345/803 1999/2343/801 2013/2346/804
f 1997/2347/805 1996/2345/803 2014/2348/806
f 2002/2349/807 1997/2347/805 2015/2350/808
f 2006/2351/809 2002/2349/807 2016/2352/810
f 2004/2353/811 2006/2351/809 2017/2354/812
f 2005/2355/813 2004/2353/811 2018/2356/814
f 2007/2357/815 2005/2355/813 2019/2358/816
f 2008/2359/817 2007/2357/815 2020/2360/818
f 1572/2361/819 2008/2359/817 2021/2362/820
f 2021/2362/820 1573/2363/819 1572/2361/819
f 2020/2360/818 2021/2362/820 2008/2359/817
f 2019/2358/816 2020/2360/818 2007/2357/815
f 2018/2356/814 2019/2358/816 2005/2355/813
f 2017/2354/812 2018/2356/814 2004/2353/811
f 2016/2352/810 2017/2354/812 2006/2351/809
f 2015/2350/808 2016/2352/810 2002/2349/807
f 2014/2348/806 2015/2350/808 1997/2347/805
f 2013/2346/804 2014/2348/806 1996/2345/803
f 2012/2344/802 2013/2346/804 1999/2343/801
f 2011/2342/800 2012/2344/802 1998/2341/799
f 2010/2340/798 2011/2342/800 2003/2338/797
v -89.298 -37.9229 0.01 0.231373 0.231373 0.231373
v -88.9762 -37.9753 0.01 0.231373 0.231373 0.231373
v -88.6516 -38.0057 0.01 0.231373 0.231373 0.231373
v -92.8609 -34.8858 0.01 0.231373 0.231373 0.231373
v -92.7374 -35.1875 0.01 0.231373 0.231373 0.231373
v -89.6155 -37.8487 0.01 0.231373 0.231373 0.231373
v -90.2317 -37.6366 0.01 0.231373 0.231373 0.231373
v -89.9272 -37.7531 0.01 0.231373 0.231373 0.231373
v -91.5979 -36.7613 0.01 0.231373 0.231373 0.231373
v -91.3498 -36.9728 0.01 0.231373 0.231373 0.231373
v -92.9636 -34.5763 0.01 0.231373 0.231373 0.231373
v -93.1582 -33.2907 0.01 0.231373 0.231373 0.231373
v -93.1425 -33.6163 0.01 0.231373 0.231373 0.231373
v -90.8134 -37.3428 0.01 0.231373 0.231373 0.231373
v -90.5275 -37.4996 0.01 0.231373 0.231373 0.231373
v -91.0879 -37.1669 0.01 0.231373 0.231373 0.231373
v -92.4304 -35.7623 0.01 0.231373 0.231373 0.231373
v -92.2483 -36.0327 0.01 0.231373 0.231373 0.231373
v -93.045 -34.2606 0.01 0.231373 0.231373 0.231373
v -93.1047 -33.9401 0.01 0.231373 0.231373 0.231373
v -93.0724 -32.3179 0.01 0.231373 0.231373 0.231373
v -93.1231 -32.6399 0.01 0.231373 0.231373 0.231373
v -88.3257 -38.0139 0.01 0.231373 0.231373 0.231373
v -92.0482 -36.2902 0.01 0.231373 0.231373 0.231373
v -91.8311 -36.5334 0.01 0.231373 0.231373 0.231373
v -92.5937 -35.4801 0.01 0.231373 0.231373 0.231373
v -93.1517 -32.9647 0.01 0.231373 0.231373 0.231373
v -93 -32 0.01 0.231373 0.231373 0.231373
v -60.8845 -41.3302 0.01 0.231373 0.231373 0.231373
v -73.8574 -37.2476 0.01 0.231373 0.231373 0.231373
v -73.5853 -37.3567 0.01 0.231373 0.231373 0.231373
v 64.1511 -75.2103 0.01 0.231373 0.231373 0.231373
v 63.9866 -75.3459 0.01 0.231373 0.231373 0.231373
v 71 -84 0.01 0.231373 0.231373 0.231373
v -74.1361 -37.157 0.01 0.231373 0.231373 0.231373
v 71.3867 -83.9402 0.01 0.231373 0.231373 0.231373
v 64.306 -75.064 0.01 0.231373 0.231373 0.231373
v 72.1432 -83.7418 0.01 0.231373 0.231373 0.231373
v 72.5094 -83.604 0.01 0.231373 0.231373 0.231373
v 71.7683 -83.854 0.01 0.231373 0.231373 0.231373
v 64.4508 -74.9076 0.01 0.231373 0.231373 0.231373
v 73.2091 -83.2547 0.01 0.231373 0.231373 0.231373
v 73.5393 -83.0448 0.01 0.231373 0.231373 0.231373
v 72.8652 -83.4414 0.01 0.231373 0.231373 0.231373
v 64.7071 -74.5673 0.01 0.231373 0.231373 0.231373
v 75.5183 -80.6699 0.01 0.231373 0.231373 0.231373
v 75.6653 -80.3073 0.01 0.231373 0.231373 0.231373
v -72.3678 -38.1606 0.01 0.231373 0.231373 0.231373
v -72.1606 -38.3678 0.01 0.231373 0.231373 0.231373
v -73.0664 -37.6286 0.01 0.231373 0.231373 0.231373
v -72.8217 -37.7901 0.01 0.231373 0.231373 0.231373
v -73.3213 -37.4839 0.01 0.231373 0.231373 0.231373
v 62.6363 -75.9478 0.01 0.231373 0.231373 0.231373
v 62.4255 -75.9795 0.01 0.231373 0.231373 0.231373
v 63.2491 -75.7687 0.01 0.231373 0.231373 0.231373
v 63.049 -75.8421 0.01 0.231373 0.231373 0.231373
v 63.8133 -75.47 0.01 0.231373 0.231373 0.231373
v 63.6321 -75.5822 0.01 0.231373 0.231373 0.231373
v 74.6933 -81.9944 0.01 0.231373 0.231373 0.231373
v 74.9333 -81.6854 0.01 0.231373 0.231373 0.231373
v 64.5847 -74.7417 0.01 0.231373 0.231373 0.231373
v 74.4326 -82.2862 0.01 0.231373 0.231373 0.231373
v 75.3468 -81.0216 0.01 0.231373 0.231373 0.231373
v -59.7968 -40.1656 0.01 0.231373 0.231373 0.231373
v -59.6698 -40.1155 0.01 0.231373 0.231373 0.231373
v -60.1534 -40.3661 0.01 0.231373 0.231373 0.231373
v -60.0392 -40.2912 0.01 0.231373 0.231373 0.231373
v -60.7758 -41.0799 0.01 0.231373 0.231373 0.231373
v -72.5885 -37.9677 0.01 0.231373 0.231373 0.231373
v -60.9258 -41.4604 0.01 0.231373 0.231373 0.231373
v -71.9677 -38.5885 0.01 0.231373 0.231373 0.231373
v -71.7901 -38.8217 0.01 0.231373 0.231373 0.231373
v 62.8444 -75.9019 0.01 0.231373 0.231373 0.231373
v 63.4437 -75.6819 0.01 0.231373 0.231373 0.231373
v 73.8542 -82.8126 0.01 0.231373 0.231373 0.231373
v 75.1515 -81.3606 0.01 0.231373 0.231373 0.231373
v 64.9152 -74.1955 0.01 0.231373 0.231373 0.231373
v 75.9522 -79.171 0.01 0.231373 0.231373 0.231373
v 75.995 -78.7821 0.01 0.231373 0.231373 0.231373
v -59.5396 -40.0742 0.01 0.231373 0.231373 0.231373
v -59.9201 -40.2242 0.01 0.231373 0.231373 0.231373
v -60.4617 -40.6349 0.01 0.231373 0.231373 0.231373
v -60.3651 -40.5383 0.01 0.231373 0.231373 0.231373
v -60.6339 -40.8466 0.01 0.231373 0.231373 0.231373
v -60.5514 -40.7378 0.01 0.231373 0.231373 0.231373
v -74.4203 -37.0853 0.01 0.231373 0.231373 0.231373
v -75 -37 0.01 0.231373 0.231373 0.231373
v -74.7087 -37.0329 0.01 0.231373 0.231373 0.231373
v -71.6286 -39.0664 0.01 0.231373 0.231373 0.231373
v -71.4839 -39.3213 0.01 0.231373 0.231373 0.231373
v 74.1525 -82.5594 0.01 0.231373 0.231373 0.231373
v 64.8174 -74.3849 0.01 0.231373 0.231373 0.231373
v 75.7869 -79.9354 0.01 0.231373 0.231373 0.231373
v 75.8827 -79.556 0.01 0.231373 0.231373 0.231373
v 76.011 -78.3911 0.01 0.231373 0.231373 0.231373
v 76 -78 0.01 0.231373 0.231373 0.231373
v -59.4069 -40.0418 0.01 0.231373 0.231373 0.231373
v -59.2723 -40.0186 0.01 0.231373 0.231373 0.231373
v -60.2622 -40.4486 0.01 0.231373 0.231373 0.231373
v -60.7088 -40.9608 0.01 0.231373 0.231373 0.231373
v -60 -84 0.01 0.231373 0.231373 0.231373
v 62 -76 0.01 0.231373 0.231373 0.231373
v 85.9887 -31.5871 0.01 0.231373 0.231373 0.231373
v 96.3693 -33.5041 0.01 0.231373 0.231373 0.231373
v 96.3593 -33.0477 0.01 0.231373 0.231373 0.231373
v 96.2947 -34.4134 0.01 0.231373 0.231373 0.231373
v 96.3478 -33.96 0.01 0.231373 0.231373 0.231373
v 84 -32 0.01 0.231373 0.231373 0.231373
v 63.3985 -41.0569 0.01 0.231373 0.231373 0.231373
v 63.5444 -41.228 0.01 0.231373 0.231373 0.231373
v 65.0012 -31.5 0.01 0.231373 0.231373 0.231373
v 62.8952 -40.6098 0.01 0.231373 0.231373 0.231373
v 63.0732 -40.7471 0.01 0.231373 0.231373 0.231373
v -59.1365 -40.0047 0.01 0.231373 0.231373 0.231373
v -59 -40 0.01 0.231373 0.231373 0.231373
v -60.8344 -41.2032 0.01 0.231373 0.231373 0.231373
v -60.9582 -41.5931 0.01 0.231373 0.231373 0.231373
v -71.3567 -39.5853 0.01 0.231373 0.231373 0.231373
v -71.2476 -39.8574 0.01 0.231373 0.231373 0.231373
v -58 -76 0.01 0.231373 0.231373 0.231373
v 65 -74 0.01 0.231373 0.231373 0.231373
v 64 -42 0.01 0.231373 0.231373 0.231373
v 84.3406 -31.9883 0.01 0.231373 0.231373 0.231373
v 84.6796 -31.9534 0.01 0.231373 0.231373 0.231373
v 85.3467 -31.8149 0.01 0.231373 0.231373 0.231373
v 85.0155 -31.8955 0.01 0.231373 0.231373 0.231373
v 96.3176 -32.5932 0.01 0.231373 0.231373 0.231373
v 96.179 -31.5 0.01 0.231373 0.231373 0.231373
v 86.1735 -31.5026 0.01 0.231373 0.231373 0.231373
v 63.2412 -40.8964 0.01 0.231373 0.231373 0.231373
v -71.157 -40.1361 0.01 0.231373 0.231373 0.231373
v -71.0853 -40.4203 0.01 0.231373 0.231373 0.231373
v -60.9814 -41.7277 0.01 0.231373 0.231373 0.231373
v -71.0329 -40.7087 0.01 0.231373 0.231373 0.231373
v -71 -41 0.01 0.231373 0.231373 0.231373
v -59.1492 -75.8126 0.01 0.231373 0.231373 0.231373
v -63.0445 -83.4631 0.01 0.231373 0.231373 0.231373
v -62.4536 -83.6551 0.01 0.231373 0.231373 0.231373
v -58.2358 -76.0274 0.01 0.231373 0.231373 0.231373
v -58.3546 -76.0288 0.01 0.231373 0.231373 0.231373
v 62.2131 -75.9969 0.01 0.231373 0.231373 0.231373
v 85.6716 -31.712 0.01 0.231373 0.231373 0.231373
v 62.513 -40.3737 0.01 0.231373 0.231373 0.231373
v 62.7082 -40.4851 0.01 0.231373 0.231373 0.231373
v 61 -40 0.01 0.231373 0.231373 0.231373
v -68 -79 0.01 0.231373 0.231373 0.231373
v -60 -74 0.01 0.231373 0.231373 0.231373
v -63.6205 -83.2303 0.01 0.231373 0.231373 0.231373
v -59.0435 -75.8668 0.01 0.231373 0.231373 0.231373
v -61.8507 -83.8054 0.01 0.231373 0.231373 0.231373
v -58.9343 -75.9135 0.01 0.231373 0.231373 0.231373
v -61.2388 -83.9134 0.01 0.231373 0.231373 0.231373
v -58.8221 -75.9526 0.01 0.231373 0.231373 0.231373
v -60.6209 -83.9783 0.01 0.231373 0.231373 0.231373
v -58.7075 -75.9837 0.01 0.231373 0.231373 0.231373
v -58.4732 -76.0219 0.01 0.231373 0.231373 0.231373
v 76.3131 -41.8359 0.01 0.231373 0.231373 0.231373
v 76.6265 -41.6241 0.01 0.231373 0.231373 0.231373
v 74.6063 -43.8286 0.01 0.231373 0.231373 0.231373
v 74.7899 -43.498 0.01 0.231373 0.231373 0.231373
v 74.3074 -44.523 0.01 0.231373 0.231373 0.231373
v 74.4452 -44.1708 0.01 0.231373 0.231373 0.231373
v 62.1018 -40.1925 0.01 0.231373 0.231373 0.231373
v 62.3105 -40.276 0.01 0.231373 0.231373 0.231373
v -60.9953 -41.8635 0.01 0.231373 0.231373 0.231373
v -60.0178 -74.1174 0.01 0.231373 0.231373 0.231373
v -67.3793 -80.0756 0.01 0.231373 0.231373 0.231373
v -59.7513 -75.2509 0.01 0.231373 0.231373 0.231373
v -59.8126 -75.1492 0.01 0.231373 0.231373 0.231373
v -67.0141 -80.5783 0.01 0.231373 0.231373 0.231373
v -59.683 -75.3481 0.01 0.231373 0.231373 0.231373
v -58.591 -76.0069 0.01 0.231373 0.231373 0.231373
v -58.1174 -76.0178 0.01 0.231373 0.231373 0.231373
v 91.3545 -39.8142 0.01 0.231373 0.231373 0.231373
v 93.4342 -38.901 0.01 0.231373 0.231373 0.231373
v 93.8052 -38.6351 0.01 0.231373 0.231373 0.231373
v 93.0456 -39.1406 0.01 0.231373 0.231373 0.231373
v 91.7938 -39.6903 0.01 0.231373 0.231373 0.231373
v 92.2235 -39.5361 0.01 0.231373 0.231373 0.231373
v 76.9534 -41.4339 0.01 0.231373 0.231373 0.231373
v 74.9954 -43.1804 0.01 0.231373 0.231373 0.231373
v 74.1935 -44.8837 0.01 0.231373 0.231373 0.231373
v 61.6696 -40.0697 0.01 0.231373 0.231373 0.231373
v 61.8879 -40.1236 0.01 0.231373 0.231373 0.231373
v 61.2246 -40.0078 0.01 0.231373 0.231373 0.231373
v 61.4482 -40.0311 0.01 0.231373 0.231373 0.231373
v -61 -42 0.01 0.231373 0.231373 0.231373
v -67.7084 -79.5486 0.01 0.231373 0.231373 0.231373
v -66.1833 -81.5013 0.01 0.231373 0.231373 0.231373
v -65.7216 -81.9171 0.01 0.231373 0.231373 0.231373
v -59.5272 -75.5272 0.01 0.231373 0.231373 0.231373
v -65.232 -82.2997 0.01 0.231373 0.231373 0.231373
v -59.3481 -75.683 0.01 0.231373 0.231373 0.231373
v -64.717 -82.6472 0.01 0.231373 0.231373 0.231373
v -64.1789 -82.9579 0.01 0.231373 0.231373 0.231373
v -59.2509 -75.7513 0.01 0.231373 0.231373 0.231373
v 94.1569 -38.3442 0.01 0.231373 0.231373 0.231373
v 90 -40 0.01 0.231373 0.231373 0.231373
v 90.4554 -39.9695 0.01 0.231373 0.231373 0.231373
v 77.6417 -41.1211 0.01 0.231373 0.231373 0.231373
v 78 -41 0.01 0.231373 0.231373 0.231373
v 77.2923 -41.2659 0.01 0.231373 0.231373 0.231373
v 75.2216 -42.8773 0.01 0.231373 0.231373 0.231373
v 75.4676 -42.59 0.01 0.231373 0.231373 0.231373
v 63.7989 -41.5982 0.01 0.231373 0.231373 0.231373
v 63.9064 -41.7956 0.01 0.231373 0.231373 0.231373
v 63.6781 -41.4087 0.01 0.231373 0.231373 0.231373
v -59.8668 -75.0435 0.01 0.231373 0.231373 0.231373
v -59.9135 -74.9343 0.01 0.231373 0.231373 0.231373
v -66.6148 -81.0543 0.01 0.231373 0.231373 0.231373
v -59.6082 -75.4403 0.01 0.231373 0.231373 0.231373
v -59.4403 -75.6082 0.01 0.231373 0.231373 0.231373
v 96.095 -35.3036 0.01 0.231373 0.231373 0.231373
v 96.2103 -34.8619 0.01 0.231373 0.231373 0.231373
v 95.7741 -36.1577 0.01 0.231373 0.231373 0.231373
v 95.9493 -35.7362 0.01 0.231373 0.231373 0.231373
v 95.3382 -36.9592 0.01 0.231373 0.231373 0.231373
v 95.57 -36.566 0.01 0.231373 0.231373 0.231373
v 94.7956 -37.6927 0.01 0.231373 0.231373 0.231373
v 95.0796 -37.3353 0.01 0.231373 0.231373 0.231373
v 92.6414 -39.3526 0.01 0.231373 0.231373 0.231373
v 90.9077 -39.9074 0.01 0.231373 0.231373 0.231373
v 75.7324 -42.3199 0.01 0.231373 0.231373 0.231373
v 76.0146 -42.0681 0.01 0.231373 0.231373 0.231373
v 74.0395 -45.6238 0.01 0.231373 0.231373 0.231373
v 74.1041 -45.2512 0.01 0.231373 0.231373 0.231373
v 94.4875 -38.0295 0.01 0.231373 0.231373 0.231373
v -60.0069 -74.591 0.01 0.231373 0.231373 0.231373
v -60.0219 -74.4732 0.01 0.231373 0.231373 0.231373
v -59.9526 -74.8221 0.01 0.231373 0.231373 0.231373
v -59.9837 -74.7075 0.01 0.231373 0.231373 0.231373
v -60.0274 -74.2358 0.01 0.231373 0.231373 0.231373
v 74 -46 0.01 0.231373 0.231373 0.231373
v -60.0288 -74.3546 0.01 0.231373 0.231373 0.231373
v -88 -38 0.01 0.231373 0.231373 0.231373
v -88.2277 66.6578 0.01 0.231373 0.231373 0.231373
v -88.0587 66.9079 0.01 0.231373 0.231373 0.231373
v -95.302 71.9053 0.01 0.231373 0.231373 0.231373
v -88.8893 64.3674 0.01 0.231373 0.231373 0.231373
v -99.0919 63.672 0.01 0.231373 0.231373 0.231373
v -98.9225 63.2852 0.01 0.231373 0.231373 0.231373
v -80.8305 -30.9955 0.01 0.231373 0.231373 0.231373
v -81.1093 -30.9991 0.01 0.231373 0.231373 0.231373
v -95.6968 71.7555 0.01 0.231373 0.231373 0.231373
v -88.6251 65.8458 0.01 0.231373 0.231373 0.231373
v -88.5116 66.1255 0.01 0.231373 0.231373 0.231373
v -97.7754 70.336 0.01 0.231373 0.231373 0.231373
v -99.2348 64.0694 0.01 0.231373 0.231373 0.231373
v -88.8797 64.0657 0.01 0.231373 0.231373 0.231373
v -98.7274 62.9106 0.01 0.231373 0.231373 0.231373
v -98.5074 62.5501 0.01 0.231373 0.231373 0.231373
v -82.4715 -30.7342 0.01 0.231373 0.231373 0.231373
v -82.7286 -30.6264 0.01 0.231373 0.231373 0.231373
v -81.3877 -30.9837 0.01 0.231373 0.231373 0.231373
v -80.5526 -30.9729 0.01 0.231373 0.231373 0.231373
v -96.0806 71.5793 0.01 0.231373 0.231373 0.231373
v -98.0587 70.0228 0.01 0.231373 0.231373 0.231373
v -88.7189 65.5589 0.01 0.231373 0.231373 0.231373
v -98.5588 69.3427 0.01 0.231373 0.231373 0.231373
v -99.4546 66.9904 0.01 0.231373 0.231373 0.231373
v -99.5083 66.5716 0.01 0.231373 0.231373 0.231373
v -88.8456 64.9691 0.01 0.231373 0.231373 0.231373
v -99.5304 65.7277 0.01 0.231373 0.231373 0.231373
v -99.4987 65.3066 0.01 0.231373 0.231373 0.231373
v -99.5336 66.15 0.01 0.231373 0.231373 0.231373
v -88.8779 64.669 0.01 0.231373 0.231373 0.231373
v -99.4387 64.8886 0.01 0.231373 0.231373 0.231373
v -99.3506 64.4755 0.01 0.231373 0.231373 0.231373
v -83.4477 -30.2015 0.01 0.231373 0.231373 0.231373
v -83.6662 -30.0283 0.01 0.231373 0.231373 0.231373
v -82.9778 -30.5013 0.01 0.231373 0.231373 0.231373
v -81.6644 -30.9493 0.01 0.231373 0.231373 0.231373
v -81.9381 -30.896 0.01 0.231373 0.231373 0.231373
v -90.9261 -24.5051 0.01 0.231373 0.231373 0.231373
v -85 -26 0.01 0.231373 0.231373 0.231373
v -77.0927 8.26499 0.01 0.231373 0.231373 0.231373
v -86.9784 67.9511 0.01 0.231373 0.231373 0.231373
v -86.7225 68.1112 0.01 0.231373 0.231373 0.231373
v -87.8728 67.1456 0.01 0.231373 0.231373 0.231373
v -98.3202 69.6912 0.01 0.231373 0.231373 0.231373
v -98.7732 68.9789 0.01 0.231373 0.231373 0.231373
v -88.7925 65.2662 0.01 0.231373 0.231373 0.231373
v -99.1262 68.2121 0.01 0.231373 0.231373 0.231373
v -99.2631 67.8126 0.01 0.231373 0.231373 0.231373
v -98.9627 68.6015 0.01 0.231373 0.231373 0.231373
v -99.3727 67.4047 0.01 0.231373 0.231373 0.231373
v -88.8491 63.7655 0.01 0.231373 0.231373 0.231373
v -83.8723 -29.8405 0.01 0.231373 0.231373 0.231373
v -84.0652 -29.6392 0.01 0.231373 0.231373 0.231373
v -83.2178 -30.3594 0.01 0.231373 0.231373 0.231373
v -82.2076 -30.8242 0.01 0.231373 0.231373 0.231373
v -79.4756 -30.6957 0.01 0.231373 0.231373 0.231373
v -79.7371 -30.7924 0.01 0.231373 0.231373 0.231373
v -77.0927 -30.5813 0.01 0.231373 0.231373 0.231373
v -79.2213 -30.5813 0.01 0.231373 0.231373 0.231373
v -81.1425 32.2208 0.01 0.231373 0.231373 0.231373
v -81.255 31.6901 0.01 0.231373 0.231373 0.231373
v -86.4561 68.2531 0.01 0.231373 0.231373 0.231373
v -87.4536 67.5795 0.01 0.231373 0.231373 0.231373
v -87.2225 67.7735 0.01 0.231373 0.231373 0.231373
v -87.6708 67.3698 0.01 0.231373 0.231373 0.231373
v -88.3789 66.3966 0.01 0.231373 0.231373 0.231373
v -96.4517 71.3776 0.01 0.231373 0.231373 0.231373
v -96.8083 71.1514 0.01 0.231373 0.231373 0.231373
v -97.1488 70.9016 0.01 0.231373 0.231373 0.231373
v -85.088 -26.5504 0.01 0.231373 0.231373 0.231373
v -85.0534 -26.2737 0.01 0.231373 0.231373 0.231373
v -85.0777 -27.3855 0.01 0.231373 0.231373 0.231373
v -85.1001 -27.1076 0.01 0.231373 0.231373 0.231373
v -84.6867 -28.717 0.01 0.231373 0.231373 0.231373
v -84.801 -28.4626 0.01 0.231373 0.231373 0.231373
v -84.2439 -29.4251 0.01 0.231373 0.231373 0.231373
v -84.4075 -29.1993 0.01 0.231373 0.231373 0.231373
v -80.0046 -30.8711 0.01 0.231373 0.231373 0.231373
v -80.2768 -30.9314 0.01 0.231373 0.231373 0.231373
v -81.0667 32.7579 0.01 0.231373 0.231373 0.231373
v -77.2948 45.2059 0.01 0.231373 0.231373 0.231373
v -81.028 33.2991 0.01 0.231373 0.231373 0.231373
v -81.2448 35.4517 0.01 0.231373 0.231373 0.231373
v -81.1352 34.9204 0.01 0.231373 0.231373 0.231373
v -81.7882 36.9831 0.01 0.231373 0.231373 0.231373
v -81.5721 36.4855 0.01 0.231373 0.231373 0.231373
v -82.3202 37.9279 0.01 0.231373 0.231373 0.231373
v -78.8536 46.9168 0.01 0.231373 0.231373 0.231373
v -77.8906 45.7035 0.01 0.231373 0.231373 0.231373
v -78.1618 45.9816 0.01 0.231373 0.231373 0.231373
v -86.1806 68.3762 0.01 0.231373 0.231373 0.231373
v -97.4717 70.6294 0.01 0.231373 0.231373 0.231373
v -88.6338 62.8875 0.01 0.231373 0.231373 0.231373
v -88.7259 63.1749 0.01 0.231373 0.231373 0.231373
v -85.1036 -26.8288 0.01 0.231373 0.231373 0.231373
v -84.8976 -28.2011 0.01 0.231373 0.231373 0.231373
v -84.5554 -28.9629 0.01 0.231373 0.231373 0.231373
v -81.0623 34.3828 0.01 0.231373 0.231373 0.231373
v -81.0265 33.8415 0.01 0.231373 0.231373 0.231373
v -81.3907 35.9742 0.01 0.231373 0.231373 0.231373
v -82.038 37.4646 0.01 0.231373 0.231373 0.231373
v -78.6444 46.5896 0.01 0.231373 0.231373 0.231373
v -77.6011 45.4446 0.01 0.231373 0.231373 0.231373
v -88.7978 63.468 0.01 0.231373 0.231373 0.231373
v -84.9762 -27.9335 0.01 0.231373 0.231373 0.231373
v -85.0363 -27.6613 0.01 0.231373 0.231373 0.231373
v -78.4134 46.2774 0.01 0.231373 0.231373 0.231373
v -88.5219 62.6071 0.01 0.231373 0.231373 0.231373
v -3 -29 0.01 0.231373 0.231373 0.231373
v 7 -29 0.01 0.231373 0.231373 0.231373
v 7 -2 0.01 0.231373 0.231373 0.231373
v -47.0459 9.97913 0.01 0.231373 0.231373 0.231373
v -37.2031 6.95576 0.01 0.231373 0.231373 0.231373
v -39.5657 12.613 0.01 0.231373 0.231373 0.231373
v -27.1772 4.6102 0.01 0.231373 0.231373 0.231373
v -30.4058 10.1603 0.01 0.231373 0.231373 0.231373
v -3 -2 0.01 0.231373 0.231373 0.231373
v 7.00931 -29.1362 0.01 0.231373 0.231373 0.231373
v -3.83004 -30.3923 0.01 0.231373 0.231373 0.231373
v -3.92523 -30.4396 0.01 0.231373 0.231373 0.231373
v -4.54282 -30.5822 0.01 0.231373 0.231373 0.231373
v -4.64915 -30.5813 0.01 0.231373 0.231373 0.231373
v -66 18 0.01 0.231373 0.231373 0.231373
v -56.6598 13.6663 0.01 0.231373 0.231373 0.231373
v -57.3073 19.2859 0.01 0.231373 0.231373 0.231373
v -48.5456 15.6593 0.01 0.231373 0.231373 0.231373
v -3.00357 -29.1063 0.01 0.231373 0.231373 0.231373
v -4.02338 -30.4805 0.01 0.231373 0.231373 0.231373
v 8 -30 0.01 0.231373 0.231373 0.231373
v -65.8132 23.4775 0.01 0.231373 0.231373 0.231373
v -66.4361 18.2021 0.01 0.231373 0.231373 0.231373
v -17.0147 2.95337 0.01 0.231373 0.231373 0.231373
v -21.1052 8.31144 0.01 0.231373 0.231373 0.231373
v 7.00233 -29.0682 0.01 0.231373 0.231373 0.231373
v -3.12692 -29.621 0.01 0.231373 0.231373 0.231373
v -3.1719 -29.7173 0.01 0.231373 0.231373 0.231373
v -3.03205 -29.3169 0.01 0.231373 0.231373 0.231373
v -3.05683 -29.4203 0.01 0.231373 0.231373 0.231373
v -4.22682 -30.5421 0.01 0.231373 0.231373 0.231373
v -4.33118 -30.5625 0.01 0.231373 0.231373 0.231373
v -4.12407 -30.5148 0.01 0.231373 0.231373 0.231373
v -3.65027 -30.2788 0.01 0.231373 0.231373 0.231373
v -3.73825 -30.3386 0.01 0.231373 0.231373 0.231373
v -3.48731 -30.1424 0.01 0.231373 0.231373 0.231373
v -3.5665 -30.2133 0.01 0.231373 0.231373 0.231373
v 7.79654 -29.9791 0.01 0.231373 0.231373 0.231373
v 7.7302 -29.9629 0.01 0.231373 0.231373 0.231373
v 7.93176 -29.9977 0.01 0.231373 0.231373 0.231373
v -11.7036 7.07448 0.01 0.231373 0.231373 0.231373
v -6.76291 1.99297 0.01 0.231373 0.231373 0.231373
v -2.24129 6.45468 0.01 0.231373 0.231373 0.231373
v -3.0885 -29.5218 0.01 0.231373 0.231373 0.231373
v -3.01427 -29.2121 0.01 0.231373 0.231373 0.231373
v 7.00956 -1.71798 0.01 0.231373 0.231373 0.231373
v -3.00944 -1.7254 0.01 0.231373 0.231373 0.231373
v -4.43667 -30.5759 0.01 0.231373 0.231373 0.231373
v 7.36891 -29.7757 0.01 0.231373 0.231373 0.231373
v 7.31745 -29.7308 0.01 0.231373 0.231373 0.231373
v 7.53993 -29.8879 0.01 0.231373 0.231373 0.231373
v 7.48042 -29.8544 0.01 0.231373 0.231373 0.231373
v 7.66512 -29.9423 0.01 0.231373 0.231373 0.231373
v 7.6016 -29.9172 0.01 0.231373 0.231373 0.231373
v 7.86383 -29.9907 0.01 0.231373 0.231373 0.231373
v -3.34411 -29.9853 0.01 0.231373 0.231373 0.231373
v -3.41307 -30.0662 0.01 0.231373 0.231373 0.231373
v -3.22326 -29.8105 0.01 0.231373 0.231373 0.231373
v 7.26916 -29.6826 0.01 0.231373 0.231373 0.231373
v 7.42332 -29.817 0.01 0.231373 0.231373 0.231373
v -6.48935 1.96727 0.01 0.231373 0.231373 0.231373
v 56.0109 39.6069 0.01 0.231373 0.231373 0.231373
v 70 35 0.01 0.231373 0.231373 0.231373
v 71.2532 45.7889 0.01 0.231373 0.231373 0.231373
v 41.7593 43.3233 0.01 0.231373 0.231373 0.231373
v 48.0203 53.3199 0.01 0.231373 0.231373 0.231373
v 36.0886 55.9483 0.01 0.231373 0.231373 0.231373
v 7.03818 -1.43725 0.01 0.231373 0.231373 0.231373
v -3.28075 -29.8999 0.01 0.231373 0.231373 0.231373
v 7.22429 -29.6311 0.01 0.231373 0.231373 0.231373
v 7.18303 -29.5767 0.01 0.231373 0.231373 0.231373
v -4.49216 1.11621 0.01 0.231373 0.231373 0.231373
v -4.28415 0.936694 0.01 0.231373 0.231373 0.231373
v 71.8545 45.4255 0.01 0.231373 0.231373 0.231373
v 59.7581 49.9287 0.01 0.231373 0.231373 0.231373
v 27.3019 46.1344 0.01 0.231373 0.231373 0.231373
v 12.6961 48.0292 0.01 0.231373 0.231373 0.231373
v 24.0124 57.8032 0.01 0.231373 0.231373 0.231373
v 7.11211 -29.4601 0.01 0.231373 0.231373 0.231373
v 7.08279 -29.3984 0.01 0.231373 0.231373 0.231373
v 7.14558 -29.5196 0.01 0.231373 0.231373 0.231373
v -3.0377 -1.4521 0.01 0.231373 0.231373 0.231373
v 7.08573 -1.1591 0.01 0.231373 0.231373 0.231373
v -3.08466 -1.18138 0.01 0.231373 0.231373 0.231373
v 7.75059 0.385693 0.01 0.231373 0.231373 0.231373
v 7.9199 0.61144 0.01 0.231373 0.231373 0.231373
v -3.1501 -0.91452 0.01 0.231373 0.231373 0.231373
v 8.51373 1.21295 0.01 0.231373 0.231373 0.231373
v 7.24129 6.45468 0.01 0.231373 0.231373 0.231373
v -5.18299 1.56349 0.01 0.231373 0.231373 0.231373
v -4.94265 1.43035 0.01 0.231373 0.231373 0.231373
v -5.95074 1.85993 0.01 0.231373 0.231373 0.231373
v -5.68823 1.77879 0.01 0.231373 0.231373 0.231373
v -6.2182 1.92286 0.01 0.231373 0.231373 0.231373
v 11.8419 58.8768 0.01 0.231373 0.231373 0.231373
v -0.372539 59.1646 0.01 0.231373 0.231373 0.231373
v -12.5802 58.6655 0.01 0.231373 0.231373 0.231373
v -10.2785 49.057 0.01 0.231373 0.231373 0.231373
v -75.4096 14.8237 0.01 0.231373 0.231373 0.231373
v -69.0771 28.7122 0.01 0.231373 0.231373 0.231373
v 7.03708 -29.2698 0.01 0.231373 0.231373 0.231373
v 7.02092 -29.2035 0.01 0.231373 0.231373 0.231373
v 7.05774 -29.3349 0.01 0.231373 0.231373 0.231373
v 7.15201 -0.884813 0.01 0.231373 0.231373 0.231373
v 8.1041 0.825209 0.01 0.231373 0.231373 0.231373
v 8.30235 1.02602 0.01 0.231373 0.231373 0.231373
v 7.59695 0.149004 0.01 0.231373 0.231373 0.231373
v 8.97198 1.54182 0.01 0.231373 0.231373 0.231373
v 9.21675 1.68224 0.01 0.231373 0.231373 0.231373
v 8.73729 1.38515 0.01 0.231373 0.231373 0.231373
v -4.71201 1.28102 0.01 0.231373 0.231373 0.231373
v -5.43191 1.67982 0.01 0.231373 0.231373 0.231373
v 95.5328 66.7069 0.01 0.231373 0.231373 0.231373
v 105.457 70.6998 0.01 0.231373 0.231373 0.231373
v 105.11 71.2448 0.01 0.231373 0.231373 0.231373
v 95.3142 67.2149 0.01 0.231373 0.231373 0.231373
v 104.31 72.2588 0.01 0.231373 0.231373 0.231373
v 103.861 72.7232 0.01 0.231373 0.231373 0.231373
v 95.1788 67.4562 0.01 0.231373 0.231373 0.231373
v 103.381 73.1564 0.01 0.231373 0.231373 0.231373
v 102.874 73.5563 0.01 0.231373 0.231373 0.231373
v 94.8595 67.9077 0.01 0.231373 0.231373 0.231373
v 101.784 74.2494 0.01 0.231373 0.231373 0.231373
v 101.207 74.5394 0.01 0.231373 0.231373 0.231373
v -2 49 0.01 0.231373 0.231373 0.231373
v -48.6571 52.4834 0.01 0.231373 0.231373 0.231373
v -60.3344 48.8897 0.01 0.231373 0.231373 0.231373
v -50.7319 41.189 0.01 0.231373 0.231373 0.231373
v -75.6041 14.3842 0.01 0.231373 0.231373 0.231373
v -75.9 13.4701 0.01 0.231373 0.231373 0.231373
v -75.7679 13.9323 0.01 0.231373 0.231373 0.231373
v -67.2005 24.4889 0.01 0.231373 0.231373 0.231373
v -73.281 17.3879 0.01 0.231373 0.231373 0.231373
v -72.8848 17.66 0.01 0.231373 0.231373 0.231373
v 7.2367 -0.615638 0.01 0.231373 0.231373 0.231373
v 7.45968 -0.0975411 0.01 0.231373 0.231373 0.231373
v 9.47045 1.80578 0.01 0.231373 0.231373 0.231373
v 9.73193 1.91186 0.01 0.231373 0.231373 0.231373
v 10 2 0.01 0.231373 0.231373 0.231373
v -3.33507 -0.397407 0.01 0.231373 0.231373 0.231373
v -3.90749 0.537007 0.01 0.231373 0.231373 0.231373
v -3.74062 0.318721 0.01 0.231373 0.231373 0.231373
v -4.08896 0.743322 0.01 0.231373 0.231373 0.231373
v 106.268 68.9425 0.01 0.231373 0.231373 0.231373
v 94.7999 62.8108 0.01 0.231373 0.231373 0.231373
v 94.6126 62.6071 0.01 0.231373 0.231373 0.231373
v 105.767 70.1327 0.01 0.231373 0.231373 0.231373
v 95.4323 66.9647 0.01 0.231373 0.231373 0.231373
v 104.727 71.7653 0.01 0.231373 0.231373 0.231373
v 95.0271 67.6875 0.01 0.231373 0.231373 0.231373
v 102.341 73.9212 0.01 0.231373 0.231373 0.231373
v 94.6771 68.1157 0.01 0.231373 0.231373 0.231373
v 100.611 74.79 0.01 0.231373 0.231373 0.231373
v 94.4806 68.3105 0.01 0.231373 0.231373 0.231373
v 100 75 0.01 0.231373 0.231373 0.231373
v -24.7303 57.3815 0.01 0.231373 0.231373 0.231373
v -18.5425 48.5652 0.01 0.231373 0.231373 0.231373
v -36.7726 55.318 0.01 0.231373 0.231373 0.231373
v -34.8822 45.9462 0.01 0.231373 0.231373 0.231373
v -26.7558 47.5267 0.01 0.231373 0.231373 0.231373
v -42.886 43.8305 0.01 0.231373 0.231373 0.231373
v -58.3855 38.0333 0.01 0.231373 0.231373 0.231373
v -66.8809 33.6545 0.01 0.231373 0.231373 0.231373
v -66.5421 33.92 0.01 0.231373 0.231373 0.231373
v -74.0296 44.1179 0.01 0.231373 0.231373 0.231373
v -76 13 0.01 0.231373 0.231373 0.231373
v -68.6325 26.6167 0.01 0.231373 0.231373 0.231373
v -75.1852 15.2488 0.01 0.231373 0.231373 0.231373
v -74.9321 15.6573 0.01 0.231373 0.231373 0.231373
v -72.4707 17.9041 0.01 0.231373 0.231373 0.231373
v -72.0408 18.119 0.01 0.231373 0.231373 0.231373
v -73.6575 17.0891 0.01 0.231373 0.231373 0.231373
v -66.8809 24.2004 0.01 0.231373 0.231373 0.231373
v -70.6768 18.5795 0.01 0.231373 0.231373 0.231373
v -70.2045 18.669 0.01 0.231373 0.231373 0.231373
v -71.5971 18.3038 0.01 0.231373 0.231373 0.231373
v -71.1417 18.4575 0.01 0.231373 0.231373 0.231373
v 7.33941 -0.352812 0.01 0.231373 0.231373 0.231373
v -3.2337 -0.652785 0.01 0.231373 0.231373 0.231373
v -3.58913 0.0894948 0.01 0.231373 0.231373 0.231373
v 84.6571 47.6447 0.01 0.231373 0.231373 0.231373
v 84.1771 47.1316 0.01 0.231373 0.231373 0.231373
v 85.5069 48.7629 0.01 0.231373 0.231373 0.231373
v 95.3946 63.7401 0.01 0.231373 0.231373 0.231373
v 95.2706 63.4928 0.01 0.231373 0.231373 0.231373
v 95.7427 65.072 0.01 0.231373 0.231373 0.231373
v 95.7106 64.7972 0.01 0.231373 0.231373 0.231373
v 94.271 68.4911 0.01 0.231373 0.231373 0.231373
v 71.187 34.4203 0.01 0.231373 0.231373 0.231373
v 83.6633 46.6523 0.01 0.231373 0.231373 0.231373
v 83.118 46.2092 0.01 0.231373 0.231373 0.231373
v -71.7561 44.5516 0.01 0.231373 0.231373 0.231373
v -65.8132 34.3773 0.01 0.231373 0.231373 0.231373
v -74.4175 44.1371 0.01 0.231373 0.231373 0.231373
v -67.2005 33.3659 0.01 0.231373 0.231373 0.231373
v -76.2885 44.6221 0.01 0.231373 0.231373 0.231373
v -76.6369 44.7938 0.01 0.231373 0.231373 0.231373
v -68.2559 25.843 0.01 0.231373 0.231373 0.231373
v -68.4577 26.2233 0.01 0.231373 0.231373 0.231373
v -67.4991 24.799 0.01 0.231373 0.231373 0.231373
v -74.6513 16.0475 0.01 0.231373 0.231373 0.231373
v -74.3443 16.4173 0.01 0.231373 0.231373 0.231373
v -74.0125 16.7651 0.01 0.231373 0.231373 0.231373
v -3.45374 -0.149591 0.01 0.231373 0.231373 0.231373
v 72.5402 24.8315 0.01 0.231373 0.231373 0.231373
v 72.2343 24.5138 0.01 0.231373 0.231373 0.231373
v 76.8375 19.8904 0.01 0.231373 0.231373 0.231373
v 71.9001 33.902 0.01 0.231373 0.231373 0.231373
v 85.1011 48.1893 0.01 0.231373 0.231373 0.231373
v 95.1297 63.2547 0.01 0.231373 0.231373 0.231373
v 94.9725 63.027 0.01 0.231373 0.231373 0.231373
v 95.5011 63.9955 0.01 0.231373 0.231373 0.231373
v 95.7556 65.3484 0.01 0.231373 0.231373 0.231373
v 95.7235 65.9005 0.01 0.231373 0.231373 0.231373
v 95.7492 65.625 0.01 0.231373 0.231373 0.231373
v 95.6788 66.1735 0.01 0.231373 0.231373 0.231373
v 106.037 69.546 0.01 0.231373 0.231373 0.231373
v 93.8166 68.8064 0.01 0.231373 0.231373 0.231373
v 94.0493 68.6567 0.01 0.231373 0.231373 0.231373
v 80.0133 44.6001 0.01 0.231373 0.231373 0.231373
v 79.3369 44.4101 0.01 0.231373 0.231373 0.231373
v 81.3197 45.1158 0.01 0.231373 0.231373 0.231373
v 80.6753 44.8357 0.01 0.231373 0.231373 0.231373
v 82.5439 45.8041 0.01 0.231373 0.231373 0.231373
v -66.1856 34.1614 0.01 0.231373 0.231373 0.231373
v -72.4919 44.3041 0.01 0.231373 0.231373 0.231373
v -75.1849 44.2543 0.01 0.231373 0.231373 0.231373
v -75.5608 44.3518 0.01 0.231373 0.231373 0.231373
v -74.8032 44.1827 0.01 0.231373 0.231373 0.231373
v -76.9729 44.9887 0.01 0.231373 0.231373 0.231373
v -75.9293 44.4746 0.01 0.231373 0.231373 0.231373
v -69.0471 28.2827 0.01 0.231373 0.231373 0.231373
v -68.0281 25.4777 0.01 0.231373 0.231373 0.231373
v 71.907 24.2182 0.01 0.231373 0.231373 0.231373
v 75.6347 19.9025 0.01 0.231373 0.231373 0.231373
v 77.6272 19.7466 0.01 0.231373 0.231373 0.231373
v 78.0129 19.6347 0.01 0.231373 0.231373 0.231373
v 77.2348 19.8319 0.01 0.231373 0.231373 0.231373
v 73.5178 31.8314 0.01 0.231373 0.231373 0.231373
v 73.6973 31.4286 0.01 0.231373 0.231373 0.231373
v 88.0508 37.1282 0.01 0.231373 0.231373 0.231373
v 95.6595 64.5253 0.01 0.231373 0.231373 0.231373
v 95.5895 64.2576 0.01 0.231373 0.231373 0.231373
v 95.6151 66.4428 0.01 0.231373 0.231373 0.231373
v 93.5741 68.9396 0.01 0.231373 0.231373 0.231373
v 81.9435 45.4391 0.01 0.231373 0.231373 0.231373
v -73.2544 44.1586 0.01 0.231373 0.231373 0.231373
v -73.6413 44.125 0.01 0.231373 0.231373 0.231373
v -72.8707 44.2183 0.01 0.231373 0.231373 0.231373
v -69.0771 29.1427 0.01 0.231373 0.231373 0.231373
v -69.0471 29.5721 0.01 0.231373 0.231373 0.231373
v -68.9873 27.8564 0.01 0.231373 0.231373 0.231373
v -68.898 27.4352 0.01 0.231373 0.231373 0.231373
v -67.7754 25.1291 0.01 0.231373 0.231373 0.231373
v -66.5421 23.9348 0.01 0.231373 0.231373 0.231373
v -67.3449 18.5138 0.01 0.231373 0.231373 0.231373
v -66.8851 18.3737 0.01 0.231373 0.231373 0.231373
v -67.8132 18.6219 0.01 0.231373 0.231373 0.231373
v 62.3073 19.2859 0.01 0.231373 0.231373 0.231373
v 53.5456 15.6593 0.01 0.231373 0.231373 0.231373
v 60.0884 11.9393 0.01 0.231373 0.231373 0.231373
v 71.5599 23.946 0.01 0.231373 0.231373 0.231373
v 74.4544 19.6707 0.01 0.231373 0.231373 0.231373
v 76.0356 19.9258 0.01 0.231373 0.231373 0.231373
v 87.8117 36.3212 0.01 0.231373 0.231373 0.231373
v 87.9173 36.7288 0.01 0.231373 0.231373 0.231373
v 88.3984 37.8946 0.01 0.231373 0.231373 0.231373
v 88.611 38.258 0.01 0.231373 0.231373 0.231373
v 88.2114 37.5174 0.01 0.231373 0.231373 0.231373
v 72.2278 33.6068 0.01 0.231373 0.231373 0.231373
v 106.791 65.7692 0.01 0.231373 0.231373 0.231373
v 106.772 66.4151 0.01 0.231373 0.231373 0.231373
v 78.649 44.2666 0.01 0.231373 0.231373 0.231373
v 77.953 44.1702 0.01 0.231373 0.231373 0.231373
v -72.1198 44.4153 0.01 0.231373 0.231373 0.231373
v 73.787 44.5917 0.01 0.231373 0.231373 0.231373
v 73.1244 44.8255 0.01 0.231373 0.231373 0.231373
v -68.9873 29.9985 0.01 0.231373 0.231373 0.231373
v -68.7795 27.0213 0.01 0.231373 0.231373 0.231373
v -66.1856 23.6935 0.01 0.231373 0.231373 0.231373
v -68.2879 18.6975 0.01 0.231373 0.231373 0.231373
v 16.7036 7.07448 0.01 0.231373 0.231373 0.231373
v 17.3621 1.94749 0.01 0.231373 0.231373 0.231373
v 24.7108 2.39294 0.01 0.231373 0.231373 0.231373
v 26.1052 8.31144 0.01 0.231373 0.231373 0.231373
v 32.0127 3.33432 0.01 0.231373 0.231373 0.231373
v 44.5657 12.613 0.01 0.231373 0.231373 0.231373
v 46.3421 6.68534 0.01 0.231373 0.231373 0.231373
v 53.3042 9.07965 0.01 0.231373 0.231373 0.231373
v 74.8423 19.7747 0.01 0.231373 0.231373 0.231373
v 76.4372 19.9217 0.01 0.231373 0.231373 0.231373
v 78.39 19.497 0.01 0.231373 0.231373 0.231373
v 72.8232 25.1698 0.01 0.231373 0.231373 0.231373
v 79.112 19.1462 0.01 0.231373 0.231373 0.231373
v 79.4535 18.9349 0.01 0.231373 0.231373 0.231373
v 78.757 19.3339 0.01 0.231373 0.231373 0.231373
v 88 33 0.01 0.231373 0.231373 0.231373
v 82 15 0.01 0.231373 0.231373 0.231373
v 73.8483 31.0142 0.01 0.231373 0.231373 0.231373
v 73.97 30.5902 0.01 0.231373 0.231373 0.231373
v 87.7138 34.2282 0.01 0.231373 0.231373 0.231373
v 87.7344 35.9073 0.01 0.231373 0.231373 0.231373
v 87.6858 35.4891 0.01 0.231373 0.231373 0.231373
v 106.605 67.6957 0.01 0.231373 0.231373 0.231373
v 106.458 68.3248 0.01 0.231373 0.231373 0.231373
v 106.71 67.0582 0.01 0.231373 0.231373 0.231373
v 71.5526 34.1736 0.01 0.231373 0.231373 0.231373
v 76.5495 44.1205 0.01 0.231373 0.231373 0.231373
v 75.8484 44.1674 0.01 0.231373 0.231373 0.231373
v 70.4088 34.8346 0.01 0.231373 0.231373 0.231373
v -67.7754 32.7257 0.01 0.231373 0.231373 0.231373
v -67.4991 33.0558 0.01 0.231373 0.231373 0.231373
v -68.2559 32.0118 0.01 0.231373 0.231373 0.231373
v -68.0281 32.3772 0.01 0.231373 0.231373 0.231373
v -68.6325 31.2381 0.01 0.231373 0.231373 0.231373
v -68.4577 31.6315 0.01 0.231373 0.231373 0.231373
v -69.7273 18.7258 0.01 0.231373 0.231373 0.231373
v -69.2472 18.7495 0.01 0.231373 0.231373 0.231373
v -68.7666 18.7401 0.01 0.231373 0.231373 0.231373
v 35.4058 10.1603 0.01 0.231373 0.231373 0.231373
v 39.2341 4.7673 0.01 0.231373 0.231373 0.231373
v 66.6637 15.2511 0.01 0.231373 0.231373 0.231373
v 75.2363 19.8521 0.01 0.231373 0.231373 0.231373
v 81.9201 15.3935 0.01 0.231373 0.231373 0.231373
v 81.3405 16.8866 0.01 0.231373 0.231373 0.231373
v 81.5232 16.529 0.01 0.231373 0.231373 0.231373
v 73.9722 27.5328 0.01 0.231373 0.231373 0.231373
v 73.8511 27.1088 0.01 0.231373 0.231373 0.231373
v 87.6755 34.6475 0.01 0.231373 0.231373 0.231373
v 88.8481 38.606 0.01 0.231373 0.231373 0.231373
v 73.3107 32.2208 0.01 0.231373 0.231373 0.231373
v 72.5341 33.2895 0.01 0.231373 0.231373 0.231373
v 72.8176 32.9516 0.01 0.231373 0.231373 0.231373
v 106 62 0.01 0.231373 0.231373 0.231373
v 106.698 64.481 0.01 0.231373 0.231373 0.231373
v 106.766 65.1235 0.01 0.231373 0.231373 0.231373
v 77.2521 44.1215 0.01 0.231373 0.231373 0.231373
v 70.8052 34.641 0.01 0.231373 0.231373 0.231373
v 75.1522 44.2619 0.01 0.231373 0.231373 0.231373
v 74.4639 44.4035 0.01 0.231373 0.231373 0.231373
v 72.4792 45.1039 0.01 0.231373 0.231373 0.231373
v -68.898 30.4196 0.01 0.231373 0.231373 0.231373
v -68.7795 30.8335 0.01 0.231373 0.231373 0.231373
v 70.8132 23.4775 0.01 0.231373 0.231373 0.231373
v 79.7798 18.7008 0.01 0.231373 0.231373 0.231373
v 73.3152 25.9013 0.01 0.231373 0.231373 0.231373
v 73.082 25.527 0.01 0.231373 0.231373 0.231373
v 80.3809 18.1689 0.01 0.231373 0.231373 0.231373
v 81.8137 15.7807 0.01 0.231373 0.231373 0.231373
v 81.6812 16.1598 0.01 0.231373 0.231373 0.231373
v 80.9044 17.5604 0.01 0.231373 0.231373 0.231373
v 87.6661 35.0685 0.01 0.231373 0.231373 0.231373
v 73.0769 32.5948 0.01 0.231373 0.231373 0.231373
v 106.237 62.6012 0.01 0.231373 0.231373 0.231373
v 106.586 63.8446 0.01 0.231373 0.231373 0.231373
v 93.3229 69.0555 0.01 0.231373 0.231373 0.231373
v 88.5832 -29.0019 0.01 0.231373 0.231373 0.231373
v 88.436 -29.3093 0.01 0.231373 0.231373 0.231373
v 88.895 -28.0298 0.01 0.231373 0.231373 0.231373
v 88.8133 -28.3606 0.01 0.231373 0.231373 0.231373
v 88.9929 -26.674 0.01 0.231373 0.231373 0.231373
v 89.0031 -27.0146 0.01 0.231373 0.231373 0.231373
v 73 19 0.01 0.231373 0.231373 0.231373
v 80.0894 18.4451 0.01 0.231373 0.231373 0.231373
v 80.653 17.8736 0.01 0.231373 0.231373 0.231373
v 73.5218 26.291 0.01 0.231373 0.231373 0.231373
v 73.7007 26.6941 0.01 0.231373 0.231373 0.231373
v 81.1339 17.2309 0.01 0.231373 0.231373 0.231373
v 87.8764 33.4025 0.01 0.231373 0.231373 0.231373
v 87.7809 33.8126 0.01 0.231373 0.231373 0.231373
v 106.432 63.217 0.01 0.231373 0.231373 0.231373
v 88.2682 -29.6059 0.01 0.231373 0.231373 0.231373
v 88.7092 -28.6852 0.01 0.231373 0.231373 0.231373
v 88.9902 -27.3552 0.01 0.231373 0.231373 0.231373
v 71.1947 23.6988 0.01 0.231373 0.231373 0.231373
v 73.3456 19.2044 0.01 0.231373 0.231373 0.231373
v 73.7044 19.3849 0.01 0.231373 0.231373 0.231373
v 74.0619 30.1589 0.01 0.231373 0.231373 0.231373
v -8.91956 88.5035 0.01 0.231373 0.231373 0.231373
v -30.8965 86.6212 0.01 0.231373 0.231373 0.231373
v -26.6343 81.2074 0.01 0.231373 0.231373 0.231373
v -52.6893 83.2152 0.01 0.231373 0.231373 0.231373
v -46.6675 78.3412 0.01 0.231373 0.231373 0.231373
v -74.1925 78.302 0.01 0.231373 0.231373 0.231373
v -66.4536 74.0919 0.01 0.231373 0.231373 0.231373
v -85.8971 68.4798 0.01 0.231373 0.231373 0.231373
v 87.6496 -30.418 0.01 0.231373 0.231373 0.231373
v 87.4082 -30.6586 0.01 0.231373 0.231373 0.231373
v 88.0806 -29.8905 0.01 0.231373 0.231373 0.231373
v 87.8741 -30.1616 0.01 0.231373 0.231373 0.231373
v 88.9541 -27.6941 0.01 0.231373 0.231373 0.231373
v 74.0745 19.5405 0.01 0.231373 0.231373 0.231373
v 78.6984 80.7246 0.01 0.231373 0.231373 0.231373
v 73.8438 74.5426 0.01 0.231373 0.231373 0.231373
v 57.0504 84.9541 0.01 0.231373 0.231373 0.231373
v 54.0308 78.6647 0.01 0.231373 0.231373 0.231373
v 35.1606 87.6679 0.01 0.231373 0.231373 0.231373
v 13.135 88.8529 0.01 0.231373 0.231373 0.231373
v 13.7867 82.7415 0.01 0.231373 0.231373 0.231373
v -6.45042 82.6765 0.01 0.231373 0.231373 0.231373
v 86.5939 -31.2743 0.01 0.231373 0.231373 0.231373
v 86.2966 -31.441 0.01 0.231373 0.231373 0.231373
v 87.1509 -30.8822 0.01 0.231373 0.231373 0.231373
v 86.8791 -31.0877 0.01 0.231373 0.231373 0.231373
v 74.1245 28.4012 0.01 0.231373 0.231373 0.231373
v 74.0635 27.9643 0.01 0.231373 0.231373 0.231373
v 33.9796 81.4021 0.01 0.231373 0.231373 0.231373
v 74.1549 28.8412 0.01 0.231373 0.231373 0.231373
v 74.1236 29.7222 0.01 0.231373 0.231373 0.231373
v 74.1546 29.2822 0.01 0.231373 0.231373 0.231373
v -77.0927 -31.5 0.01 0.231373 0.231373 0.231373
vn 0 0 1
vt 162.907 -31.5
vt 150.702 -37.9229
vt 151.024 -37.9753
vt 151.348 -38.0057
vt 147.139 -34.8858
vt 147.263 -35.1875
vt 150.384 -37.8487
vt 149.768 -37.6366
vt 150.073 -37.7531
vt 148.402 -36.7613
vt 148.65 -36.9728
vt 147.036 -34.5763
vt 146.842 -33.2907
vt 146.857 -33.6163
vt 149.187 -37.3428
vt 149.472 -37.4996
vt 148.912 -37.1669
vt 147.57 -35.7623
vt 147.752 -36.0327
vt 146.955 -34.2606
vt 146.895 -33.9401
vt 146.928 -32.3179
vt 146.877 -32.6399
vt 151.674 -38.0139
vt 147.952 -36.2902
vt 148.169 -36.5334
vt 147.406 -35.4801
vt 146.848 -32.9647
vt 147 -32
vt 179.115 -41.3302
vt 166.143 -37.2476
vt 166.415 -37.3567
vt 304.151 -75.2103
vt 303.987 -75.3459
vt 311 -84
vt 165.864 -37.157
vt 311.387 -83.9402
vt 304.306 -75.064
vt 312.143 -83.7418
vt 312.509 -83.604
vt 311.768 -83.854
vt 304.451 -74.9076
vt 313.209 -83.2547
vt 313.539 -83.0448
vt 312.865 -83.4414
vt 304.707 -74.5673
vt 315.518 -80.6699
vt 315.665 -80.3073
vt 167.632 -38.1606
vt 167.839 -38.3678
vt 166.934 -37.6286
vt 167.178 -37.7901
vt 166.679 -37.4839
vt 302.636 -75.9478
vt 302.426 -75.9795
vt 303.249 -75.7687
vt 303.049 -75.8421
vt 303.813 -75.47
vt 303.632 -75.5822
vt 314.693 -81.9944
vt 314.933 -81.6854
vt 304.585 -74.7417
vt 314.433 -82.2862
vt 315.347 -81.0216
vt 180.203 -40.1656
vt 180.33 -40.1155
vt 179.847 -40.3661
vt 179.961 -40.2912
vt 179.224 -41.0799
vt 167.411 -37.9677
vt 179.074 -41.4604
vt 168.032 -38.5885
vt 168.21 -38.8217
vt 302.844 -75.9019
vt 303.444 -75.6819
vt 313.854 -82.8126
vt 315.151 -81.3606
vt 304.915 -74.1955
vt 315.952 -79.171
vt 315.995 -78.7821
vt 180.46 -40.0742
vt 180.08 -40.2242
vt 179.538 -40.6349
vt 179.635 -40.5383
vt 179.366 -40.8466
vt 179.449 -40.7378
vt 165.58 -37.0853
vt 165 -37
vt 165.291 -37.0329
vt 168.371 -39.0664
vt 168.516 -39.3213
vt 314.152 -82.5594
vt 304.817 -74.3849
vt 315.787 -79.9354
vt 315.883 -79.556
vt 316.011 -78.3911
vt 316 -78
vt 180.593 -40.0418
vt 180.728 -40.0186
vt 179.738 -40.4486
vt 179.291 -40.9608
vt 180 -84
vt 302 -76
vt 325.989 -31.5871
vt 336.369 -33.5041
vt 336.359 -33.0477
vt 336.295 -34.4134
vt 336.348 -33.96
vt 324 -32
vt 303.399 -41.0569
vt 303.544 -41.228
vt 305.001 -31.5
vt 302.895 -40.6098
vt 303.073 -40.7471
vt 180.864 -40.0047
vt 181 -40
vt 179.166 -41.2032
vt 179.042 -41.5931
vt 168.643 -39.5853
vt 168.752 -39.8574
vt 182 -76
vt 305 -74
vt 304 -42
vt 324.341 -31.9883
vt 324.68 -31.9534
vt 325.347 -31.8149
vt 325.016 -31.8955
vt 336.318 -32.5932
vt 336.179 -31.5
vt 326.173 -31.5026
vt 303.241 -40.8964
vt 168.843 -40.1361
vt 168.915 -40.4203
vt 179.019 -41.7277
vt 168.967 -40.7087
vt 169 -41
vt 180.851 -75.8126
vt 176.956 -83.4631
vt 177.546 -83.6551
vt 181.764 -76.0274
vt 181.645 -76.0288
vt 302.213 -75.9969
vt 325.672 -31.712
vt 302.513 -40.3737
vt 302.708 -40.4851
vt 301 -40
vt 172 -79
vt 180 -74
vt 176.379 -83.2303
vt 180.957 -75.8668
vt 178.149 -83.8054
vt 181.066 -75.9135
vt 178.761 -83.9134
vt 181.178 -75.9526
vt 179.379 -83.9783
vt 181.293 -75.9837
vt 181.527 -76.0219
vt 316.313 -41.8359
vt 316.627 -41.6241
vt 314.606 -43.8286
vt 314.79 -43.498
vt 314.307 -44.523
vt 314.445 -44.1708
vt 302.102 -40.1925
vt 302.311 -40.276
vt 179.005 -41.8635
vt 179.982 -74.1174
vt 172.621 -80.0756
vt 180.249 -75.2509
vt 180.187 -75.1492
vt 172.986 -80.5783
vt 180.317 -75.3481
vt 181.409 -76.0069
vt 181.883 -76.0178
vt 331.354 -39.8142
vt 333.434 -38.901
vt 333.805 -38.6351
vt 333.046 -39.1406
vt 331.794 -39.6903
vt 332.223 -39.5361
vt 316.953 -41.4339
vt 314.995 -43.1804
vt 314.194 -44.8837
vt 301.67 -40.0697
vt 301.888 -40.1236
vt 301.225 -40.0078
vt 301.448 -40.0311
vt 179 -42
vt 172.292 -79.5486
vt 173.817 -81.5013
vt 174.278 -81.9171
vt 180.473 -75.5272
vt 174.768 -82.2997
vt 180.652 -75.683
vt 175.283 -82.6472
vt 175.821 -82.9579
vt 180.749 -75.7513
vt 334.157 -38.3442
vt 330 -40
vt 330.455 -39.9695
vt 317.642 -41.1211
vt 318 -41
vt 317.292 -41.2659
vt 315.222 -42.8773
vt 315.468 -42.59
vt 303.799 -41.5982
vt 303.906 -41.7956
vt 303.678 -41.4087
vt 180.133 -75.0435
vt 180.086 -74.9343
vt 173.385 -81.0543
vt 180.392 -75.4403
vt 180.56 -75.6082
vt 336.095 -35.3036
vt 336.21 -34.8619
vt 335.774 -36.1577
vt 335.949 -35.7362
vt 335.338 -36.9592
vt 335.57 -36.566
vt 334.796 -37.6927
vt 335.08 -37.3353
vt 332.641 -39.3526
vt 330.908 -39.9074
vt 315.732 -42.3199
vt 316.015 -42.0681
vt 314.039 -45.6238
vt 314.104 -45.2512
vt 334.488 -38.0295
vt 179.993 -74.591
vt 179.978 -74.4732
vt 180.047 -74.8221
vt 180.016 -74.7075
vt 179.973 -74.2358
vt 314 -46
vt 179.971 -74.3546
vt 152 -38
vt 151.772 66.6578
vt 151.941 66.9079
vt 144.698 71.9053
vt 151.111 64.3674
vt 140.908 63.672
vt 141.078 63.2852
vt 159.17 -30.9955
vt 158.891 -30.9991
vt 144.303 71.7555
vt 151.375 65.8458
vt 151.488 66.1255
vt 142.225 70.336
vt 140.765 64.0694
vt 151.12 64.0657
vt 141.273 62.9106
vt 141.493 62.5501
vt 157.529 -30.7342
vt 157.271 -30.6264
vt 158.612 -30.9837
vt 159.447 -30.9729
vt 143.919 71.5793
vt 141.941 70.0228
vt 151.281 65.5589
vt 141.441 69.3427
vt 140.545 66.9904
vt 140.492 66.5716
vt 151.154 64.9691
vt 140.47 65.7277
vt 140.501 65.3066
vt 140.466 66.15
vt 151.122 64.669
vt 140.561 64.8886
vt 140.649 64.4755
vt 156.552 -30.2015
vt 156.334 -30.0283
vt 157.022 -30.5013
vt 158.336 -30.9493
vt 158.062 -30.896
vt 149.074 -24.5051
vt 155 -26
vt 162.907 8.26499
vt 153.022 67.9511
vt 153.278 68.1112
vt 152.127 67.1456
vt 141.68 69.6912
vt 141.227 68.9789
vt 151.207 65.2662
vt 140.874 68.2121
vt 140.737 67.8126
vt 141.037 68.6015
vt 140.627 67.4047
vt 151.151 63.7655
vt 156.128 -29.8405
vt 155.935 -29.6392
vt 156.782 -30.3594
vt 157.792 -30.8242
vt 160.524 -30.6957
vt 160.263 -30.7924
vt 162.907 -30.5813
vt 160.779 -30.5813
vt 158.858 32.2208
vt 158.745 31.6901
vt 153.544 68.2531
vt 152.546 67.5795
vt 152.778 67.7735
vt 152.329 67.3698
vt 151.621 66.3966
vt 143.548 71.3776
vt 143.192 71.1514
vt 142.851 70.9016
vt 154.912 -26.5504
vt 154.947 -26.2737
vt 154.922 -27.3855
vt 154.9 -27.1076
vt 155.313 -28.717
vt 155.199 -28.4626
vt 155.756 -29.4251
vt 155.592 -29.1993
vt 159.995 -30.8711
vt 159.723 -30.9314
vt 158.933 32.7579
vt 162.705 45.2059
vt 158.972 33.2991
vt 158.755 35.4517
vt 158.865 34.9204
vt 158.212 36.9831
vt 158.428 36.4855
vt 157.68 37.9279
vt 161.146 46.9168
vt 162.109 45.7035
vt 161.838 45.9816
vt 153.819 68.3762
vt 142.528 70.6294
vt 151.366 62.8875
vt 151.274 63.1749
vt 154.896 -26.8288
vt 155.102 -28.2011
vt 155.445 -28.9629
vt 158.938 34.3828
vt 158.974 33.8415
vt 158.609 35.9742
vt 157.962 37.4646
vt 161.356 46.5896
vt 162.399 45.4446
vt 151.202 63.468
vt 155.024 -27.9335
vt 154.964 -27.6613
vt 161.587 46.2774
vt 151.478 62.6071
vt 237 -29
vt 247 -29
vt 247 -2
vt 192.954 9.97913
vt 202.797 6.95576
vt 200.434 12.613
vt 212.823 4.6102
vt 209.594 10.1603
vt 237 -2
vt 247.009 -29.1362
vt 236.17 -30.3923
vt 236.075 -30.4396
vt 235.457 -30.5822
vt 235.351 -30.5813
vt 174 18
vt 183.34 13.6663
vt 182.693 19.2859
vt 191.454 15.6593
vt 236.996 -29.1063
vt 235.977 -30.4805
vt 248 -30
vt 174.187 23.4775
vt 173.564 18.2021
vt 222.985 2.95337
vt 218.895 8.31144
vt 247.002 -29.0682
vt 236.873 -29.621
vt 236.828 -29.7173
vt 236.968 -29.3169
vt 236.943 -29.4203
vt 235.773 -30.5421
vt 235.669 -30.5625
vt 235.876 -30.5148
vt 236.35 -30.2788
vt 236.262 -30.3386
vt 236.513 -30.1424
vt 236.434 -30.2133
vt 247.797 -29.9791
vt 247.73 -29.9629
vt 247.932 -29.9977
vt 228.296 7.07448
vt 233.237 1.99297
vt 237.759 6.45468
vt 236.911 -29.5218
vt 236.986 -29.2121
vt 247.01 -1.71798
vt 236.991 -1.7254
vt 235.563 -30.5759
vt 247.369 -29.7757
vt 247.317 -29.7308
vt 247.54 -29.8879
vt 247.48 -29.8544
vt 247.665 -29.9423
vt 247.602 -29.9172
vt 247.864 -29.9907
vt 236.656 -29.9853
vt 236.587 -30.0662
vt 236.777 -29.8105
vt 247.269 -29.6826
vt 247.423 -29.817
vt 233.511 1.96727
vt 296.011 39.6069
vt 310 35
vt 311.253 45.7889
vt 281.759 43.3233
vt 288.02 53.3199
vt 276.089 55.9483
vt 247.038 -1.43725
vt 236.719 -29.8999
vt 247.224 -29.6311
vt 247.183 -29.5767
vt 235.508 1.11621
vt 235.716 0.936694
vt 311.855 45.4255
vt 299.758 49.9287
vt 267.302 46.1344
vt 252.696 48.0292
vt 264.012 57.8032
vt 247.112 -29.4601
vt 247.083 -29.3984
vt 247.146 -29.5196
vt 236.962 -1.4521
vt 247.086 -1.1591
vt 236.915 -1.18138
vt 247.751 0.385693
vt 247.92 0.61144
vt 236.85 -0.91452
vt 248.514 1.21295
vt 247.241 6.45468
vt 234.817 1.56349
vt 235.057 1.43035
vt 234.049 1.85993
vt 234.312 1.77879
vt 233.782 1.92286
vt 251.842 58.8768
vt 239.627 59.1646
vt 227.42 58.6655
vt 229.722 49.057
vt 164.59 14.8237
vt 170.923 28.7122
vt 247.037 -29.2698
vt 247.021 -29.2035
vt 247.058 -29.3349
vt 247.152 -0.884813
vt 248.104 0.825209
vt 248.302 1.02602
vt 247.597 0.149004
vt 248.972 1.54182
vt 249.217 1.68224
vt 248.737 1.38515
vt 235.288 1.28102
vt 234.568 1.67982
vt 335.533 66.7069
vt 345.457 70.6998
vt 345.11 71.2448
vt 335.314 67.2149
vt 344.31 72.2588
vt 343.861 72.7232
vt 335.179 67.4562
vt 343.381 73.1564
vt 342.874 73.5563
vt 334.86 67.9077
vt 341.784 74.2494
vt 341.207 74.5394
vt 238 49
vt 191.343 52.4834
vt 179.666 48.8897
vt 189.268 41.189
vt 164.396 14.3842
vt 164.1 13.4701
vt 164.232 13.9323
vt 172.8 24.4889
vt 166.719 17.3879
vt 167.115 17.66
vt 247.237 -0.615638
vt 247.46 -0.0975411
vt 249.47 1.80578
vt 249.732 1.91186
vt 250 2
vt 236.665 -0.397407
vt 236.093 0.537007
vt 236.259 0.318721
vt 235.911 0.743322
vt 346.268 68.9425
vt 334.8 62.8108
vt 334.613 62.6071
vt 345.767 70.1327
vt 335.432 66.9647
vt 344.727 71.7653
vt 335.027 67.6875
vt 342.341 73.9212
vt 334.677 68.1157
vt 340.611 74.79
vt 334.481 68.3105
vt 340 75
vt 215.27 57.3815
vt 221.457 48.5652
vt 203.227 55.318
vt 205.118 45.9462
vt 213.244 47.5267
vt 197.114 43.8305
vt 181.614 38.0333
vt 173.119 33.6545
vt 173.458 33.92
vt 165.97 44.1179
vt 164 13
vt 171.368 26.6167
vt 164.815 15.2488
vt 165.068 15.6573
vt 167.529 17.9041
vt 167.959 18.119
vt 166.342 17.0891
vt 173.119 24.2004
vt 169.323 18.5795
vt 169.795 18.669
vt 168.403 18.3038
vt 168.858 18.4575
vt 247.339 -0.352812
vt 236.766 -0.652785
vt 236.411 0.0894948
vt 324.657 47.6447
vt 324.177 47.1316
vt 325.507 48.7629
vt 335.395 63.7401
vt 335.271 63.4928
vt 335.743 65.072
vt 335.711 64.7972
vt 334.271 68.4911
vt 311.187 34.4203
vt 323.663 46.6523
vt 323.118 46.2092
vt 168.244 44.5516
vt 174.187 34.3773
vt 165.582 44.1371
vt 172.8 33.3659
vt 163.711 44.6221
vt 163.363 44.7938
vt 171.744 25.843
vt 171.542 26.2233
vt 172.501 24.799
vt 165.349 16.0475
vt 165.656 16.4173
vt 165.987 16.7651
vt 236.546 -0.149591
vt 312.54 24.8315
vt 312.234 24.5138
vt 316.837 19.8904
vt 311.9 33.902
vt 325.101 48.1893
vt 335.13 63.2547
vt 334.973 63.027
vt 335.501 63.9955
vt 335.756 65.3484
vt 335.724 65.9005
vt 335.749 65.625
vt 335.679 66.1735
vt 346.037 69.546
vt 333.817 68.8064
vt 334.049 68.6567
vt 320.013 44.6001
vt 319.337 44.4101
vt 321.32 45.1158
vt 320.675 44.8357
vt 322.544 45.8041
vt 173.814 34.1614
vt 167.508 44.3041
vt 164.815 44.2543
vt 164.439 44.3518
vt 165.197 44.1827
vt 163.027 44.9887
vt 164.071 44.4746
vt 170.953 28.2827
vt 171.972 25.4777
vt 311.907 24.2182
vt 315.635 19.9025
vt 317.627 19.7466
vt 318.013 19.6347
vt 317.235 19.8319
vt 313.518 31.8314
vt 313.697 31.4286
vt 328.051 37.1282
vt 335.659 64.5253
vt 335.59 64.2576
vt 335.615 66.4428
vt 333.574 68.9396
vt 321.943 45.4391
vt 166.746 44.1586
vt 166.359 44.125
vt 167.129 44.2183
vt 170.923 29.1427
vt 170.953 29.5721
vt 171.013 27.8564
vt 171.102 27.4352
vt 172.225 25.1291
vt 173.458 23.9348
vt 172.655 18.5138
vt 173.115 18.3737
vt 172.187 18.6219
vt 302.307 19.2859
vt 293.546 15.6593
vt 300.088 11.9393
vt 311.56 23.946
vt 314.454 19.6707
vt 316.036 19.9258
vt 327.812 36.3212
vt 327.917 36.7288
vt 328.398 37.8946
vt 328.611 38.258
vt 328.211 37.5174
vt 312.228 33.6068
vt 346.791 65.7692
vt 346.772 66.4151
vt 318.649 44.2666
vt 317.953 44.1702
vt 167.88 44.4153
vt 313.787 44.5917
vt 313.124 44.8255
vt 171.013 29.9985
vt 171.221 27.0213
vt 173.814 23.6935
vt 171.712 18.6975
vt 256.704 7.07448
vt 257.362 1.94749
vt 264.711 2.39294
vt 266.105 8.31144
vt 272.013 3.33432
vt 284.566 12.613
vt 286.342 6.68534
vt 293.304 9.07965
vt 314.842 19.7747
vt 316.437 19.9217
vt 318.39 19.497
vt 312.823 25.1698
vt 319.112 19.1462
vt 319.453 18.9349
vt 318.757 19.3339
vt 328 33
vt 322 15
vt 313.848 31.0142
vt 313.97 30.5902
vt 327.714 34.2282
vt 327.734 35.9073
vt 327.686 35.4891
vt 346.605 67.6957
vt 346.458 68.3248
vt 346.71 67.0582
vt 311.553 34.1736
vt 316.549 44.1205
vt 315.848 44.1674
vt 310.409 34.8346
vt 172.225 32.7257
vt 172.501 33.0558
vt 171.744 32.0118
vt 171.972 32.3772
vt 171.368 31.2381
vt 171.542 31.6315
vt 170.273 18.7258
vt 170.753 18.7495
vt 171.233 18.7401
vt 275.406 10.1603
vt 279.234 4.7673
vt 306.664 15.2511
vt 315.236 19.8521
vt 321.92 15.3935
vt 321.34 16.8866
vt 321.523 16.529
vt 313.972 27.5328
vt 313.851 27.1088
vt 327.675 34.6475
vt 328.848 38.606
vt 313.311 32.2208
vt 312.534 33.2895
vt 312.818 32.9516
vt 346 62
vt 346.698 64.481
vt 346.766 65.1235
vt 317.252 44.1215
vt 310.805 34.641
vt 315.152 44.2619
vt 314.464 44.4035
vt 312.479 45.1039
vt 171.102 30.4196
vt 171.221 30.8335
vt 310.813 23.4775
vt 319.78 18.7008
vt 313.315 25.9013
vt 313.082 25.527
vt 320.381 18.1689
vt 321.814 15.7807
vt 321.681 16.1598
vt 320.904 17.5604
vt 327.666 35.0685
vt 313.077 32.5948
vt 346.237 62.6012
vt 346.586 63.8446
vt 333.323 69.0555
vt 328.583 -29.0019
vt 328.436 -29.3093
vt 328.895 -28.0298
vt 328.813 -28.3606
vt 328.993 -26.674
vt 329.003 -27.0146
vt 313 19
vt 320.089 18.4451
vt 320.653 17.8736
vt 313.522 26.291
vt 313.701 26.6941
vt 321.134 17.2309
vt 327.876 33.4025
vt 327.781 33.8126
vt 346.432 63.217
vt 328.268 -29.6059
vt 328.709 -28.6852
vt 328.99 -27.3552
vt 311.195 23.6988
vt 313.346 19.2044
vt 313.704 19.3849
vt 314.062 30.1589
vt 231.08 88.5035
vt 209.104 86.6212
vt 213.366 81.2074
vt 187.311 83.2152
vt 193.333 78.3412
vt 165.807 78.302
vt 173.546 74.0919
vt 154.103 68.4798
vt 327.65 -30.418
vt 327.408 -30.6586
vt 328.081 -29.8905
vt 327.874 -30.1616
vt 328.954 -27.6941
vt 314.075 19.5405
vt 318.698 80.7246
vt 313.844 74.5426
vt 297.05 84.9541
vt 294.031 78.6647
vt 275.161 87.6679
vt 253.135 88.8529
vt 253.787 82.7415
vt 233.55 82.6765
vt 326.594 -31.2743
vt 326.297 -31.441
vt 327.151 -30.8822
vt 326.879 -31.0877
vt 314.125 28.4012
vt 314.064 27.9643
vt 273.98 81.4021
vt 314.155 28.8412
vt 314.124 29.7222
vt 314.155 29.2822
f 2776/2364/821 2022/2365/821 2023/2366/821
f 2023/2366/821 2024/2367/821 2776/2364/821
f 2776/2364/821 2025/2368/821 2026/2369/821
f 2776/2364/821 2027/2370/821 2022/2365/821
f 2776/2364/821 2028/2371/821 2029/2372/821
f 2776/2364/821 2030/2373/821 2031/2374/821
f 2776/2364/821 2032/2375/821 2025/2368/821
f 2776/2364/821 2033/2376/821 2034/2377/821
f 2029/2372/821 2027/2370/821 2776/2364/821
f 2776/2364/821 2035/2378/821 2036/2379/821
f 2031/2374/821 2037/2380/821 2776/2364/821
f 2776/2364/821 2038/2381/821 2039/2382/821
f 2776/2364/821 2040/2383/821 2032/2375/821
f 2034/2377/821 2041/2384/821 2776/2364/821
f 2776/2364/821 2042/2385/821 2043/2386/821
f 2024/2367/821 2044/2387/821 2776/2364/821
f 2037/2380/821 2035/2378/821 2776/2364/821
f 2776/2364/821 2045/2388/821 2046/2389/821
f 2776/2364/821 2047/2390/821 2038/2381/821
f 2041/2384/821 2040/2383/821 2776/2364/821
f 2043/2386/821 2048/2391/821 2776/2364/821
f 2036/2379/821 2028/2371/821 2776/2364/821
f 2039/2382/821 2045/2388/821 2776/2364/821
f 2048/2391/821 2033/2376/821 2776/2364/821
f 2046/2389/821 2030/2373/821 2776/2364/821
f 2776/2364/821 2049/2392/821 2042/2385/821
f 2026/2369/821 2047/2390/821 2776/2364/821
f 2050/2393/821 2051/2394/821 2052/2395/821
f 2053/2396/821 2054/2397/821 2055/2398/821
f 2050/2393/821 2056/2399/821 2051/2394/821
f 2055/2398/821 2057/2400/821 2053/2396/821
f 2058/2401/821 2059/2402/821 2060/2403/821
f 2058/2401/821 2053/2396/821 2061/2404/821
f 2062/2405/821 2063/2406/821 2064/2407/821
f 2062/2405/821 2058/2401/821 2065/2408/821
f 2066/2409/821 2067/2410/821 2068/2411/821
f 2050/2393/821 2069/2412/821 2070/2413/821
f 2050/2393/821 2071/2414/821 2072/2415/821
f 2052/2395/821 2073/2416/821 2050/2393/821
f 2055/2398/821 2074/2417/821 2075/2418/821
f 2055/2398/821 2076/2419/821 2077/2420/821
f 2055/2398/821 2078/2421/821 2079/2422/821
f 2057/2400/821 2061/2404/821 2053/2396/821
f 2061/2404/821 2059/2402/821 2058/2401/821
f 2065/2408/821 2063/2406/821 2062/2405/821
f 2066/2409/821 2080/2423/821 2081/2424/821
f 2066/2409/821 2082/2425/821 2083/2426/821
f 2066/2409/821 2084/2427/821 2067/2410/821
f 2776/2364/821 2085/2428/821 2086/2429/821
f 2776/2364/821 2087/2430/821 2088/2431/821
f 2089/2432/821 2776/2364/821 2056/2399/821
f 2050/2393/821 2090/2433/821 2069/2412/821
f 2073/2416/821 2071/2414/821 2050/2393/821
f 2091/2434/821 2092/2435/821 2093/2436/821
f 2055/2398/821 2094/2437/821 2074/2417/821
f 2055/2398/821 2095/2438/821 2076/2419/821
f 2054/2397/821 2078/2421/821 2055/2398/821
f 2064/2407/821 2096/2439/821 2062/2405/821
f 2082/2425/821 2062/2405/821 2096/2439/821
f 2083/2426/821 2080/2423/821 2066/2409/821
f 2066/2409/821 2097/2440/821 2084/2427/821
f 2098/2441/821 2099/2442/821 2100/2443/821
f 2086/2429/821 2101/2444/821 2776/2364/821
f 2088/2431/821 2102/2445/821 2776/2364/821
f 2776/2364/821 2103/2446/821 2104/2447/821
f 2776/2364/821 2105/2448/821 2106/2449/821
f 2776/2364/821 2107/2450/821 2056/2399/821
f 2776/2364/821 2108/2451/821 2109/2452/821
f 2072/2415/821 2090/2433/821 2050/2393/821
f 2091/2434/821 2110/2453/821 2111/2454/821
f 2091/2434/821 2070/2413/821 2092/2435/821
f 2077/2420/821 2094/2437/821 2055/2398/821
f 2060/2403/821 2065/2408/821 2058/2401/821
f 2096/2439/821 2112/2455/821 2082/2425/821
f 2068/2411/821 2113/2456/821 2066/2409/821
f 2113/2456/821 2114/2457/821 2115/2458/821
f 2098/2441/821 2116/2459/821 2117/2460/821
f 2098/2441/821 2115/2458/821 2099/2442/821
f 2776/2364/821 2118/2461/821 2119/2462/821
f 2102/2445/821 2085/2428/821 2776/2364/821
f 2104/2447/821 2120/2463/821 2776/2364/821
f 2776/2364/821 2121/2464/821 2105/2448/821
f 2109/2452/821 2107/2450/821 2776/2364/821
f 2070/2413/821 2091/2434/821 2050/2393/821
f 2093/2436/821 2110/2453/821 2091/2434/821
f 2122/2465/821 2055/2398/821 2123/2466/821
f 2079/2422/821 2095/2438/821 2055/2398/821
f 2081/2424/821 2097/2440/821 2066/2409/821
f 2113/2456/821 2068/2411/821 2114/2457/821
f 2100/2443/821 2116/2459/821 2098/2441/821
f 2124/2467/821 2125/2468/821 2126/2469/821
f 2124/2467/821 2127/2470/821 2128/2471/821
f 2129/2472/821 2130/2473/821 2131/2474/821
f 2132/2475/821 2133/2476/821 2134/2477/821
f 2776/2364/821 2135/2478/821 2136/2479/821
f 2101/2444/821 2118/2461/821 2776/2364/821
f 2106/2449/821 2103/2446/821 2776/2364/821
f 2056/2399/821 2137/2480/821 2089/2432/821
f 2111/2454/821 2138/2481/821 2091/2434/821
f 2138/2481/821 2139/2482/821 2140/2483/821
f 2123/2466/821 2141/2484/821 2122/2465/821
f 2112/2455/821 2083/2426/821 2082/2425/821
f 2117/2460/821 2142/2485/821 2098/2441/821
f 2143/2486/821 2144/2487/821 2129/2472/821
f 2143/2486/821 2127/2470/821 2145/2488/821
f 2127/2470/821 2146/2489/821 2147/2490/821
f 2148/2491/821 2149/2492/821 2150/2493/821
f 2128/2471/821 2125/2468/821 2124/2467/821
f 2129/2472/821 2151/2494/821 2130/2473/821
f 2134/2477/821 2129/2472/821 2132/2475/821
f 2136/2479/821 2132/2475/821 2776/2364/821
f 2120/2463/821 2087/2430/821 2776/2364/821
f 2050/2393/821 2137/2480/821 2056/2399/821
f 2138/2481/821 2152/2495/821 2153/2496/821
f 2138/2481/821 2111/2454/821 2139/2482/821
f 2154/2497/821 2155/2498/821 2156/2499/821
f 2157/2500/821 2158/2501/821 2159/2502/821
f 2122/2465/821 2160/2503/821 2161/2504/821
f 2055/2398/821 2162/2505/821 2123/2466/821
f 2115/2458/821 2098/2441/821 2113/2456/821
f 2145/2488/821 2144/2487/821 2143/2486/821
f 2127/2470/821 2163/2506/821 2146/2489/821
f 2126/2469/821 2148/2491/821 2124/2467/821
f 2134/2477/821 2151/2494/821 2129/2472/821
f 2132/2475/821 2164/2507/821 2165/2508/821
f 2136/2479/821 2166/2509/821 2132/2475/821
f 2089/2432/821 2121/2464/821 2776/2364/821
f 2140/2483/821 2152/2495/821 2138/2481/821
f 2154/2497/821 2153/2496/821 2155/2498/821
f 2156/2499/821 2167/2510/821 2168/2511/821
f 2157/2500/821 2169/2512/821 2158/2501/821
f 2170/2513/821 2159/2502/821 2171/2514/821
f 2172/2515/821 2171/2514/821 2173/2516/821
f 2174/2517/821 2173/2516/821 2175/2518/821
f 2176/2519/821 2175/2518/821 2122/2465/821
f 2161/2504/821 2177/2520/821 2122/2465/821
f 2075/2418/821 2162/2505/821 2055/2398/821
f 2143/2486/821 2178/2521/821 2179/2522/821
f 2143/2486/821 2180/2523/821 2181/2524/821
f 2143/2486/821 2182/2525/821 2183/2526/821
f 2147/2490/821 2145/2488/821 2127/2470/821
f 2150/2493/821 2124/2467/821 2148/2491/821
f 2165/2508/821 2133/2476/821 2132/2475/821
f 2132/2475/821 2184/2527/821 2185/2528/821
f 2119/2462/821 2135/2478/821 2776/2364/821
f 2156/2499/821 2186/2529/821 2154/2497/821
f 2167/2510/821 2187/2530/821 2168/2511/821
f 2188/2531/821 2189/2532/821 2190/2533/821
f 2191/2534/821 2192/2535/821 2189/2532/821
f 2171/2514/821 2172/2515/821 2170/2513/821
f 2175/2518/821 2176/2519/821 2174/2517/821
f 2177/2520/821 2193/2536/821 2122/2465/821
f 2141/2484/821 2194/2537/821 2122/2465/821
f 2195/2538/821 2196/2539/821 2197/2540/821
f 2198/2541/821 2199/2542/821 2200/2543/821
f 2179/2522/821 2201/2544/821 2143/2486/821
f 2181/2524/821 2202/2545/821 2143/2486/821
f 2143/2486/821 2203/2546/821 2182/2525/821
f 2124/2467/821 2163/2506/821 2127/2470/821
f 2185/2528/821 2164/2507/821 2132/2475/821
f 2132/2475/821 2204/2547/821 2205/2548/821
f 2132/2475/821 2206/2549/821 2207/2550/821
f 2153/2496/821 2154/2497/821 2138/2481/821
f 2168/2511/821 2208/2551/821 2156/2499/821
f 2167/2510/821 2209/2552/821 2190/2533/821
f 2189/2532/821 2188/2531/821 2191/2534/821
f 2210/2553/821 2211/2554/821 2212/2555/821
f 2212/2555/821 2211/2554/821 2213/2556/821
f 2214/2557/821 2215/2558/821 2216/2559/821
f 2217/2560/821 2216/2559/821 2169/2512/821
f 2173/2516/821 2174/2517/821 2172/2515/821
f 2194/2537/821 2160/2503/821 2122/2465/821
f 2195/2538/821 2198/2541/821 2196/2539/821
f 2198/2541/821 2195/2538/821 2199/2542/821
f 2218/2561/821 2219/2562/821 2220/2563/821
f 2143/2486/821 2221/2564/821 2222/2565/821
f 2201/2544/821 2223/2566/821 2143/2486/821
f 2143/2486/821 2224/2567/821 2225/2568/821
f 2183/2526/821 2180/2523/821 2143/2486/821
f 2129/2472/821 2226/2569/821 2227/2570/821
f 2131/2474/821 2228/2571/821 2129/2472/821
f 2207/2550/821 2204/2547/821 2132/2475/821
f 2208/2551/821 2186/2529/821 2156/2499/821
f 2167/2510/821 2229/2572/821 2230/2573/821
f 2190/2533/821 2209/2552/821 2188/2531/821
f 2231/2574/821 2210/2553/821 2232/2575/821
f 2213/2556/821 2233/2576/821 2212/2555/821
f 2233/2576/821 2213/2556/821 2215/2558/821
f 2169/2512/821 2157/2500/821 2217/2560/821
f 2122/2465/821 2193/2536/821 2176/2519/821
f 2219/2562/821 2234/2577/821 2235/2578/821
f 2219/2562/821 2236/2579/821 2237/2580/821
f 2219/2562/821 2238/2581/821 2239/2582/821
f 2219/2562/821 2240/2583/821 2241/2584/821
f 2200/2543/821 2242/2585/821 2198/2541/821
f 2220/2563/821 2243/2586/821 2218/2561/821
f 2223/2566/821 2221/2564/821 2143/2486/821
f 2143/2486/821 2244/2587/821 2245/2588/821
f 2202/2545/821 2224/2567/821 2143/2486/821
f 2143/2486/821 2246/2589/821 2247/2590/821
f 2228/2571/821 2226/2569/821 2129/2472/821
f 2166/2509/821 2206/2549/821 2132/2475/821
f 2190/2533/821 2229/2572/821 2167/2510/821
f 2192/2535/821 2191/2534/821 2231/2574/821
f 2215/2558/821 2214/2557/821 2233/2576/821
f 2159/2502/821 2170/2513/821 2157/2500/821
f 2237/2580/821 2234/2577/821 2219/2562/821
f 2241/2584/821 2238/2581/821 2219/2562/821
f 2219/2562/821 2218/2561/821 2248/2591/821
f 2243/2586/821 2195/2538/821 2218/2561/821
f 2245/2588/821 2178/2521/821 2143/2486/821
f 2247/2590/821 2203/2546/821 2143/2486/821
f 2205/2548/821 2184/2527/821 2132/2475/821
f 2167/2510/821 2249/2592/821 2250/2593/821
f 2167/2510/821 2251/2594/821 2252/2595/821
f 2232/2575/821 2192/2535/821 2231/2574/821
f 2216/2559/821 2217/2560/821 2214/2557/821
f 2239/2582/821 2236/2579/821 2219/2562/821
f 2197/2540/821 2218/2561/821 2195/2538/821
f 2225/2568/821 2244/2587/821 2143/2486/821
f 2167/2510/821 2253/2596/821 2187/2530/821
f 2252/2595/821 2249/2592/821 2167/2510/821
f 2212/2555/821 2232/2575/821 2210/2553/821
f 2248/2591/821 2240/2583/821 2219/2562/821
f 2143/2486/821 2254/2597/821 2246/2589/821
f 2142/2485/821 2117/2460/821 2254/2597/821
f 2167/2510/821 2255/2598/821 2253/2596/821
f 2230/2573/821 2251/2594/821 2167/2510/821
f 2127/2470/821 2222/2565/821 2219/2562/821
f 2254/2597/821 2143/2486/821 2142/2485/821
f 2250/2593/821 2255/2598/821 2167/2510/821
f 2222/2565/821 2127/2470/821 2143/2486/821
f 2776/2364/821 2256/2599/821 2108/2451/821
f 2129/2472/821 2227/2570/821 2143/2486/821
f 2257/2600/821 2258/2601/821 2259/2602/821
f 2260/2603/821 2261/2604/821 2262/2605/821
f 2776/2364/821 2263/2606/821 2264/2607/821
f 2259/2602/821 2265/2608/821 2257/2600/821
f 2266/2609/821 2267/2610/821 2268/2611/821
f 2260/2603/821 2269/2612/821 2261/2604/821
f 2270/2613/821 2271/2614/821 2272/2615/821
f 2049/2392/821 2273/2616/821 2274/2617/821
f 2049/2392/821 2264/2607/821 2275/2618/821
f 2776/2364/821 2276/2619/821 2263/2606/821
f 2265/2608/821 2277/2620/821 2257/2600/821
f 2268/2611/821 2278/2621/821 2266/2609/821
f 2279/2622/821 2266/2609/821 2280/2623/821
f 2281/2624/821 2282/2625/821 2283/2626/821
f 2283/2626/821 2284/2627/821 2285/2628/821
f 2283/2626/821 2282/2625/821 2286/2629/821
f 2287/2630/821 2288/2631/821 2289/2632/821
f 2260/2603/821 2289/2632/821 2269/2612/821
f 2270/2613/821 2262/2605/821 2271/2614/821
f 2049/2392/821 2290/2633/821 2291/2634/821
f 2274/2617/821 2292/2635/821 2049/2392/821
f 2049/2392/821 2293/2636/821 2294/2637/821
f 2264/2607/821 2049/2392/821 2776/2364/821
f 2295/2638/821 2296/2639/821 2297/2640/821
f 2259/2602/821 2298/2641/821 2299/2642/821
f 2258/2601/821 2300/2643/821 2259/2602/821
f 2278/2621/821 2301/2644/821 2266/2609/821
f 2280/2623/821 2302/2645/821 2279/2622/821
f 2303/2646/821 2304/2647/821 2305/2648/821
f 2303/2646/821 2279/2622/821 2306/2649/821
f 2303/2646/821 2307/2650/821 2281/2624/821
f 2286/2629/821 2284/2627/821 2283/2626/821
f 2287/2630/821 2285/2628/821 2288/2631/821
f 2272/2615/821 2308/2651/821 2270/2613/821
f 2049/2392/821 2309/2652/821 2310/2653/821
f 2049/2392/821 2311/2654/821 2290/2633/821
f 2049/2392/821 2312/2655/821 2273/2616/821
f 2275/2618/821 2293/2636/821 2049/2392/821
f 2776/2364/821 2313/2656/821 2314/2657/821
f 2776/2364/821 2315/2658/821 2316/2659/821
f 2297/2640/821 2317/2660/821 2318/2661/821
f 2299/2642/821 2319/2662/821 2259/2602/821
f 2259/2602/821 2320/2663/821 2321/2664/821
f 2300/2643/821 2322/2665/821 2259/2602/821
f 2323/2666/821 2324/2667/821 2325/2668/821
f 2323/2666/821 2257/2600/821 2277/2620/821
f 2267/2610/821 2323/2666/821 2326/2669/821
f 2302/2645/821 2306/2649/821 2279/2622/821
f 2306/2649/821 2304/2647/821 2303/2646/821
f 2285/2628/821 2287/2630/821 2283/2626/821
f 2262/2605/821 2270/2613/821 2260/2603/821
f 2295/2638/821 2327/2670/821 2328/2671/821
f 2049/2392/821 2329/2672/821 2330/2673/821
f 2049/2392/821 2331/2674/821 2332/2675/821
f 2049/2392/821 2333/2676/821 2334/2677/821
f 2291/2634/821 2309/2652/821 2049/2392/821
f 2294/2637/821 2312/2655/821 2049/2392/821
f 2776/2364/821 2335/2678/821 2336/2679/821
f 2316/2659/821 2313/2656/821 2776/2364/821
f 2297/2640/821 2337/2680/821 2317/2660/821
f 2338/2681/821 2339/2682/821 2337/2680/821
f 2338/2681/821 2340/2683/821 2341/2684/821
f 2338/2681/821 2342/2685/821 2343/2686/821
f 2272/2615/821 2344/2687/821 2345/2688/821
f 2344/2687/821 2346/2689/821 2347/2690/821
f 2319/2662/821 2348/2691/821 2259/2602/821
f 2322/2665/821 2320/2663/821 2259/2602/821
f 2277/2620/821 2324/2667/821 2323/2666/821
f 2326/2669/821 2349/2692/821 2267/2610/821
f 2305/2648/821 2307/2650/821 2303/2646/821
f 2289/2632/821 2260/2603/821 2287/2630/821
f 2272/2615/821 2350/2693/821 2351/2694/821
f 2295/2638/821 2352/2695/821 2327/2670/821
f 2330/2673/821 2295/2638/821 2049/2392/821
f 2332/2675/821 2353/2696/821 2049/2392/821
f 2334/2677/821 2354/2697/821 2049/2392/821
f 2292/2635/821 2311/2654/821 2049/2392/821
f 2314/2657/821 2335/2678/821 2776/2364/821
f 2337/2680/821 2297/2640/821 2338/2681/821
f 2338/2681/821 2355/2698/821 2356/2699/821
f 2338/2681/821 2357/2700/821 2340/2683/821
f 2338/2681/821 2358/2701/821 2342/2685/821
f 2344/2687/821 2359/2702/821 2345/2688/821
f 2344/2687/821 2360/2703/821 2346/2689/821
f 2338/2681/821 2360/2703/821 2344/2687/821
f 2321/2664/821 2298/2641/821 2259/2602/821
f 2349/2692/821 2268/2611/821 2267/2610/821
f 2283/2626/821 2303/2646/821 2281/2624/821
f 2351/2694/821 2361/2704/821 2272/2615/821
f 2330/2673/821 2352/2695/821 2295/2638/821
f 2049/2392/821 2362/2705/821 2363/2706/821
f 2354/2697/821 2331/2674/821 2049/2392/821
f 2336/2679/821 2276/2619/821 2776/2364/821
f 2356/2699/821 2339/2682/821 2338/2681/821
f 2343/2686/821 2357/2700/821 2338/2681/821
f 2344/2687/821 2364/2707/821 2359/2702/821
f 2344/2687/821 2358/2701/821 2338/2681/821
f 2325/2668/821 2326/2669/821 2323/2666/821
f 2361/2704/821 2308/2651/821 2272/2615/821
f 2363/2706/821 2329/2672/821 2049/2392/821
f 2310/2653/821 2333/2676/821 2049/2392/821
f 2341/2684/821 2355/2698/821 2338/2681/821
f 2347/2690/821 2364/2707/821 2344/2687/821
f 2301/2644/821 2280/2623/821 2266/2609/821
f 2353/2696/821 2362/2705/821 2049/2392/821
f 2345/2688/821 2365/2708/821 2272/2615/821
f 2272/2615/821 2365/2708/821 2350/2693/821
f 2297/2640/821 2318/2661/821 2295/2638/821
f 2328/2671/821 2296/2639/821 2295/2638/821
f 2366/2709/821 2367/2710/821 2368/2711/821
f 2369/2712/821 2370/2713/821 2371/2714/821
f 2370/2713/821 2372/2715/821 2373/2716/821
f 2368/2711/821 2374/2717/821 2366/2709/821
f 2375/2718/821 2376/2719/821 2377/2720/821
f 2776/2364/821 2378/2721/821 2379/2722/821
f 2380/2723/821 2381/2724/821 2382/2725/821
f 2381/2724/821 2369/2712/821 2383/2726/821
f 2373/2716/821 2371/2714/821 2370/2713/821
f 2366/2709/821 2384/2727/821 2367/2710/821
f 2377/2720/821 2385/2728/821 2375/2718/821
f 2776/2364/821 2132/2475/821 2378/2721/821
f 2378/2721/821 2132/2475/821 2386/2729/821
f 2387/2730/821 2388/2731/821 2380/2723/821
f 2371/2714/821 2383/2726/821 2369/2712/821
f 2372/2715/821 2389/2732/821 2390/2733/821
f 2391/2734/821 2392/2735/821 2393/2736/821
f 2391/2734/821 2394/2737/821 2395/2738/821
f 2384/2727/821 2391/2734/821 2367/2710/821
f 2375/2718/821 2396/2739/821 2397/2740/821
f 2385/2728/821 2398/2741/821 2375/2718/821
f 2375/2718/821 2399/2742/821 2400/2743/821
f 2375/2718/821 2401/2744/821 2402/2745/821
f 2378/2721/821 2403/2746/821 2404/2747/821
f 2386/2729/821 2405/2748/821 2378/2721/821
f 2383/2726/821 2382/2725/821 2381/2724/821
f 2389/2732/821 2406/2749/821 2390/2733/821
f 2407/2750/821 2408/2751/821 2406/2749/821
f 2391/2734/821 2409/2752/821 2392/2735/821
f 2391/2734/821 2410/2753/821 2394/2737/821
f 2411/2754/821 2412/2755/821 2374/2717/821
f 2398/2741/821 2396/2739/821 2375/2718/821
f 2402/2745/821 2399/2742/821 2375/2718/821
f 2413/2756/821 2414/2757/821 2415/2758/821
f 2416/2759/821 2417/2760/821 2413/2756/821
f 2378/2721/821 2418/2761/821 2419/2762/821
f 2378/2721/821 2420/2763/821 2403/2746/821
f 2379/2722/821 2315/2658/821 2776/2364/821
f 2390/2733/821 2373/2716/821 2372/2715/821
f 2406/2749/821 2389/2732/821 2407/2750/821
f 2395/2738/821 2409/2752/821 2391/2734/821
f 2368/2711/821 2411/2754/821 2374/2717/821
f 2400/2743/821 2376/2719/821 2375/2718/821
f 2375/2718/821 2421/2764/821 2422/2765/821
f 2375/2718/821 2391/2734/821 2423/2766/821
f 2415/2758/821 2424/2767/821 2413/2756/821
f 2413/2756/821 2417/2760/821 2425/2768/821
f 2419/2762/821 2416/2759/821 2378/2721/821
f 2405/2748/821 2420/2763/821 2378/2721/821
f 2407/2750/821 2426/2769/821 2408/2751/821
f 2427/2770/821 2428/2771/821 2429/2772/821
f 2430/2773/821 2431/2774/821 2432/2775/821
f 2412/2755/821 2411/2754/821 2433/2776/821
f 2384/2727/821 2410/2753/821 2391/2734/821
f 2422/2765/821 2401/2744/821 2375/2718/821
f 2423/2766/821 2434/2777/821 2375/2718/821
f 2413/2756/821 2435/2778/821 2436/2779/821
f 2425/2768/821 2414/2757/821 2413/2756/821
f 2404/2747/821 2418/2761/821 2378/2721/821
f 2408/2751/821 2437/2780/821 2438/2781/821
f 2382/2725/821 2387/2730/821 2380/2723/821
f 2428/2771/821 2439/2782/821 2429/2772/821
f 2427/2770/821 2440/2783/821 2431/2774/821
f 2432/2775/821 2441/2784/821 2430/2773/821
f 2442/2785/821 2441/2784/821 2443/2786/821
f 2393/2736/821 2423/2766/821 2391/2734/821
f 2434/2777/821 2421/2764/821 2375/2718/821
f 2413/2756/821 2444/2787/821 2445/2788/821
f 2436/2779/821 2446/2789/821 2413/2756/821
f 2413/2756/821 2378/2721/821 2416/2759/821
f 2447/2790/821 2412/2755/821 2448/2791/821
f 2449/2792/821 2450/2793/821 2451/2794/821
f 2452/2795/821 2449/2792/821 2453/2796/821
f 2438/2781/821 2454/2797/821 2408/2751/821
f 2408/2751/821 2455/2798/821 2456/2799/821
f 2408/2751/821 2457/2800/821 2458/2801/821
f 2426/2769/821 2459/2802/821 2408/2751/821
f 2431/2774/821 2430/2773/821 2427/2770/821
f 2443/2786/821 2460/2803/821 2442/2785/821
f 2442/2785/821 2460/2803/821 2461/2804/821
f 2461/2804/821 2462/2805/821 2463/2806/821
f 2338/2681/821 2464/2807/821 2465/2808/821
f 2397/2740/821 2413/2756/821 2375/2718/821
f 2413/2756/821 2466/2809/821 2467/2810/821
f 2445/2788/821 2468/2811/821 2413/2756/821
f 2424/2767/821 2435/2778/821 2413/2756/821
f 2448/2791/821 2469/2812/821 2447/2790/821
f 2449/2792/821 2470/2813/821 2471/2814/821
f 2449/2792/821 2472/2815/821 2450/2793/821
f 2452/2795/821 2473/2816/821 2474/2817/821
f 2453/2796/821 2475/2818/821 2452/2795/821
f 2408/2751/821 2476/2819/821 2437/2780/821
f 2408/2751/821 2477/2820/821 2455/2798/821
f 2459/2802/821 2457/2800/821 2408/2751/821
f 2478/2821/821 2479/2822/821 2480/2823/821
f 2481/2824/821 2482/2825/821 2483/2826/821
f 2484/2827/821 2485/2828/821 2486/2829/821
f 2487/2830/821 2488/2831/821 2489/2832/821
f 2432/2775/821 2443/2786/821 2441/2784/821
f 2463/2806/821 2490/2833/821 2461/2804/821
f 2491/2834/821 2492/2835/821 2493/2836/821
f 2338/2681/821 2494/2837/821 2464/2807/821
f 2338/2681/821 2495/2838/821 2496/2839/821
f 2497/2840/821 2498/2841/821 2499/2842/821
f 2467/2810/821 2375/2718/821 2413/2756/821
f 2446/2789/821 2444/2787/821 2413/2756/821
f 2469/2812/821 2500/2843/821 2447/2790/821
f 2451/2794/821 2470/2813/821 2449/2792/821
f 2449/2792/821 2447/2790/821 2501/2844/821
f 2452/2795/821 2502/2845/821 2503/2846/821
f 2475/2818/821 2473/2816/821 2452/2795/821
f 2504/2847/821 2454/2797/821 2505/2848/821
f 2454/2797/821 2506/2849/821 2507/2850/821
f 2438/2781/821 2508/2851/821 2454/2797/821
f 2458/2801/821 2477/2820/821 2408/2751/821
f 2509/2852/821 2510/2853/821 2511/2854/821
f 2478/2821/821 2512/2855/821 2479/2822/821
f 2513/2856/821 2480/2823/821 2514/2857/821
f 2481/2824/821 2514/2857/821 2482/2825/821
f 2484/2827/821 2483/2826/821 2485/2828/821
f 2515/2858/821 2486/2829/821 2516/2859/821
f 2487/2830/821 2516/2859/821 2488/2831/821
f 2517/2860/821 2489/2832/821 2518/2861/821
f 2519/2862/821 2518/2861/821 2520/2863/821
f 2461/2804/821 2490/2833/821 2442/2785/821
f 2462/2805/821 2521/2864/821 2522/2865/821
f 2523/2866/821 2524/2867/821 2525/2868/821
f 2523/2866/821 2491/2834/821 2526/2869/821
f 2492/2835/821 2527/2870/821 2493/2836/821
f 2528/2871/821 2529/2872/821 2530/2873/821
f 2496/2839/821 2494/2837/821 2338/2681/821
f 2338/2681/821 2297/2640/821 2531/2874/821
f 2532/2875/821 2533/2876/821 2534/2877/821
f 2497/2840/821 2535/2878/821 2536/2879/821
f 2497/2840/821 2537/2880/821 2498/2841/821
f 2538/2881/821 2539/2882/821 2540/2883/821
f 2538/2881/821 2541/2884/821 2542/2885/821
f 2468/2811/821 2466/2809/821 2413/2756/821
f 2500/2843/821 2543/2886/821 2447/2790/821
f 2501/2844/821 2472/2815/821 2449/2792/821
f 2474/2817/821 2502/2845/821 2452/2795/821
f 2505/2848/821 2544/2887/821 2504/2847/821
f 2507/2850/821 2545/2888/821 2454/2797/821
f 2456/2799/821 2476/2819/821 2408/2751/821
f 2509/2852/821 2546/2889/821 2547/2890/821
f 2511/2854/821 2548/2891/821 2509/2852/821
f 2509/2852/821 2549/2892/821 2550/2893/821
f 2509/2852/821 2551/2894/821 2552/2895/821
f 2514/2857/821 2481/2824/821 2513/2856/821
f 2486/2829/821 2515/2858/821 2484/2827/821
f 2489/2832/821 2517/2860/821 2487/2830/821
f 2520/2863/821 2553/2896/821 2519/2862/821
f 2554/2897/821 2555/2898/821 2556/2899/821
f 2522/2865/821 2463/2806/821 2462/2805/821
f 2525/2868/821 2521/2864/821 2523/2866/821
f 2493/2836/821 2526/2869/821 2491/2834/821
f 2557/2900/821 2558/2901/821 2527/2870/821
f 2530/2873/821 2559/2902/821 2528/2871/821
f 2560/2903/821 2561/2904/821 2562/2905/821
f 2531/2874/821 2495/2838/821 2338/2681/821
f 2534/2877/821 2563/2906/821 2564/2907/821
f 2565/2908/821 2566/2909/821 2567/2910/821
f 2499/2842/821 2535/2878/821 2497/2840/821
f 2497/2840/821 2567/2910/821 2568/2911/821
f 2542/2885/821 2539/2882/821 2538/2881/821
f 2543/2886/821 2501/2844/821 2447/2790/821
f 2503/2846/821 2504/2847/821 2452/2795/821
f 2454/2797/821 2569/2912/821 2505/2848/821
f 2508/2851/821 2506/2849/821 2454/2797/821
f 2570/2913/821 2571/2914/821 2572/2915/821
f 2547/2890/821 2573/2916/821 2509/2852/821
f 2548/2891/821 2574/2917/821 2509/2852/821
f 2509/2852/821 2575/2918/821 2576/2919/821
f 2509/2852/821 2577/2920/821 2549/2892/821
f 2509/2852/821 2578/2921/821 2551/2894/821
f 2509/2852/821 2579/2922/821 2580/2923/821
f 2581/2924/821 2509/2852/821 2582/2925/821
f 2483/2826/821 2484/2827/821 2481/2824/821
f 2518/2861/821 2519/2862/821 2517/2860/821
f 2520/2863/821 2583/2926/821 2584/2927/821
f 2554/2897/821 2585/2928/821 2586/2929/821
f 2554/2897/821 2587/2930/821 2588/2931/821
f 2556/2899/821 2589/2932/821 2554/2897/821
f 2525/2868/821 2522/2865/821 2521/2864/821
f 2527/2870/821 2492/2835/821 2557/2900/821
f 2529/2872/821 2590/2933/821 2591/2934/821
f 2528/2871/821 2592/2935/821 2593/2936/821
f 2559/2902/821 2594/2937/821 2528/2871/821
f 2562/2905/821 2595/2938/821 2560/2903/821
f 2560/2903/821 2528/2871/821 2596/2939/821
f 2464/2807/821 2597/2940/821 2465/2808/821
f 2534/2877/821 2564/2907/821 2532/2875/821
f 2598/2941/821 2534/2877/821 2566/2909/821
f 2567/2910/821 2497/2840/821 2565/2908/821
f 2568/2911/821 2537/2880/821 2497/2840/821
f 2538/2881/821 2536/2879/821 2541/2884/821
f 2471/2814/821 2453/2796/821 2449/2792/821
f 2545/2888/821 2569/2912/821 2454/2797/821
f 2571/2914/821 2599/2942/821 2600/2943/821
f 2570/2913/821 2601/2944/821 2602/2945/821
f 2572/2915/821 2603/2946/821 2570/2913/821
f 2604/2947/821 2605/2948/821 2606/2949/821
f 2574/2917/821 2546/2889/821 2509/2852/821
f 2550/2893/821 2575/2918/821 2509/2852/821
f 2509/2852/821 2607/2950/821 2608/2951/821
f 2580/2923/821 2578/2921/821 2509/2852/821
f 2582/2925/821 2609/2952/821 2581/2924/821
f 2609/2952/821 2582/2925/821 2512/2855/821
f 2516/2859/821 2487/2830/821 2515/2858/821
f 2520/2863/821 2610/2953/821 2583/2926/821
f 2588/2931/821 2585/2928/821 2554/2897/821
f 2589/2932/821 2611/2954/821 2554/2897/821
f 2526/2869/821 2524/2867/821 2523/2866/821
f 2590/2933/821 2558/2901/821 2557/2900/821
f 2529/2872/821 2612/2955/821 2613/2956/821
f 2591/2934/821 2614/2957/821 2529/2872/821
f 2594/2937/821 2592/2935/821 2528/2871/821
f 2596/2939/821 2561/2904/821 2560/2903/821
f 2338/2681/821 2615/2958/821 2616/2959/821
f 2464/2807/821 2617/2960/821 2597/2940/821
f 2618/2961/821 2464/2807/821 2533/2876/821
f 2534/2877/821 2598/2941/821 2563/2906/821
f 2565/2908/821 2619/2962/821 2566/2909/821
f 2540/2883/821 2620/2963/821 2538/2881/821
f 2544/2887/821 2452/2795/821 2504/2847/821
f 2387/2730/821 2621/2964/821 2622/2965/821
f 2623/2966/821 2621/2964/821 2387/2730/821
f 2624/2967/821 2625/2968/821 2626/2969/821
f 2599/2942/821 2627/2970/821 2628/2971/821
f 2600/2943/821 2629/2972/821 2571/2914/821
f 2603/2946/821 2601/2944/821 2570/2913/821
f 2605/2948/821 2630/2973/821 2631/2974/821
f 2604/2947/821 2632/2975/821 2633/2976/821
f 2606/2949/821 2634/2977/821 2604/2947/821
f 2635/2978/821 2636/2979/821 2637/2980/821
f 2576/2919/821 2510/2853/821 2509/2852/821
f 2552/2895/821 2607/2950/821 2509/2852/821
f 2512/2855/821 2478/2821/821 2609/2952/821
f 2584/2927/821 2553/2896/821 2520/2863/821
f 2554/2897/821 2638/2981/821 2639/2982/821
f 2611/2954/821 2587/2930/821 2554/2897/821
f 2557/2900/821 2640/2983/821 2590/2933/821
f 2641/2984/821 2642/2985/821 2428/2771/821
f 2614/2957/821 2612/2955/821 2529/2872/821
f 2595/2938/821 2338/2681/821 2560/2903/821
f 2616/2959/821 2643/2986/821 2338/2681/821
f 2464/2807/821 2618/2961/821 2617/2960/821
f 2532/2875/821 2644/2987/821 2533/2876/821
f 2536/2879/821 2538/2881/821 2497/2840/821
f 2622/2965/821 2388/2731/821 2387/2730/821
f 2645/2988/821 2646/2989/821 2623/2966/821
f 2647/2990/821 2454/2797/821 2504/2847/821
f 2647/2990/821 2648/2991/821 2649/2992/821
f 2650/2993/821 2649/2992/821 2651/2994/821
f 2652/2995/821 2653/2996/821 2654/2997/821
f 2625/2968/821 2654/2997/821 2626/2969/821
f 2628/2971/821 2655/2998/821 2599/2942/821
f 2629/2972/821 2656/2999/821 2571/2914/821
f 2602/2945/821 2657/3000/821 2570/2913/821
f 2658/3001/821 2659/3002/821 2660/3003/821
f 2658/3001/821 2570/2913/821 2661/3004/821
f 2149/2492/821 2662/3005/821 2663/3006/821
f 2664/3007/821 2665/3008/821 2666/3009/821
f 2605/2948/821 2667/3010/821 2630/2973/821
f 2605/2948/821 2664/3007/821 2668/3011/821
f 2634/2977/821 2632/2975/821 2604/2947/821
f 2635/2978/821 2669/3012/821 2670/3013/821
f 2637/2980/821 2671/3014/821 2635/2978/821
f 2608/2951/821 2577/2920/821 2509/2852/821
f 2480/2823/821 2513/2856/821 2478/2821/821
f 2586/2929/821 2638/2981/821 2554/2897/821
f 2672/3015/821 2547/2890/821 2555/2898/821
f 2554/2897/821 2673/3016/821 2674/3017/821
f 2429/2772/821 2440/2783/821 2427/2770/821
f 2428/2771/821 2675/3018/821 2641/2984/821
f 2593/2936/821 2596/2939/821 2528/2871/821
f 2338/2681/821 2676/3019/821 2677/3020/821
f 2338/2681/821 2678/3021/821 2679/3022/821
f 2338/2681/821 2680/3023/821 2681/3024/821
f 2465/2808/821 2615/2958/821 2338/2681/821
f 2566/2909/821 2619/2962/821 2598/2941/821
f 2620/2963/821 2682/3025/821 2683/3026/821
f 2387/2730/821 2645/2988/821 2623/2966/821
f 2645/2988/821 2683/3026/821 2684/3027/821
f 2649/2992/821 2650/2993/821 2647/2990/821
f 2651/2994/821 2685/3028/821 2650/2993/821
f 2652/2995/821 2685/3028/821 2686/3029/821
f 2626/2969/821 2687/3030/821 2624/2967/821
f 2655/2998/821 2688/3031/821 2599/2942/821
f 2657/3000/821 2661/3004/821 2570/2913/821
f 2661/3004/821 2659/3002/821 2658/3001/821
f 2662/3005/821 2689/3032/821 2663/3006/821
f 2662/3005/821 2690/3033/821 2691/3034/821
f 2662/3005/821 2692/3035/821 2693/3036/821
f 2666/3009/821 2694/3037/821 2664/3007/821
f 2668/3011/821 2667/3010/821 2605/2948/821
f 2695/3038/821 2696/3039/821 2604/2947/821
f 2697/3040/821 2698/3041/821 2699/3042/821
f 2671/3014/821 2669/3012/821 2635/2978/821
f 2635/2978/821 2700/3043/821 2701/3044/821
f 2581/2924/821 2579/2922/821 2509/2852/821
f 2555/2898/821 2554/2897/821 2672/3015/821
f 2554/2897/821 2702/3045/821 2673/3016/821
f 2703/3046/821 2704/3047/821 2705/3048/821
f 2428/2771/821 2706/3049/821 2439/2782/821
f 2675/3018/821 2705/3048/821 2641/2984/821
f 2677/3020/821 2560/2903/821 2338/2681/821
f 2681/3024/821 2678/3021/821 2338/2681/821
f 2338/2681/821 2707/3050/821 2708/3051/821
f 2533/2876/821 2644/2987/821 2618/2961/821
f 2620/2963/821 2540/2883/821 2682/3025/821
f 2684/3027/821 2646/2989/821 2645/2988/821
f 2651/2994/821 2686/3029/821 2685/3028/821
f 2654/2997/821 2625/2968/821 2652/2995/821
f 2709/3052/821 2624/2967/821 2687/3030/821
f 2656/2999/821 2572/2915/821 2571/2914/821
f 2660/3003/821 2710/3053/821 2658/3001/821
f 2711/3054/821 2712/3055/821 2713/3056/821
f 2662/3005/821 2714/3057/821 2689/3032/821
f 2691/3034/821 2715/3058/821 2662/3005/821
f 2693/3036/821 2716/3059/821 2662/3005/821
f 2694/3037/821 2717/3060/821 2664/3007/821
f 2633/2976/821 2695/3038/821 2604/2947/821
f 2718/3061/821 2696/3039/821 2695/3038/821
f 2699/3042/821 2719/3062/821 2697/3040/821
f 2701/3044/821 2636/2979/821 2635/2978/821
f 2635/2978/821 2697/3040/821 2720/3063/821
f 2520/2863/821 2721/3064/821 2610/2953/821
f 2674/3017/821 2703/3046/821 2554/2897/821
f 2703/3046/821 2674/3017/821 2704/3047/821
f 2642/2985/821 2706/3049/821 2428/2771/821
f 2679/3022/821 2676/3019/821 2338/2681/821
f 2643/2986/821 2707/3050/821 2338/2681/821
f 2433/2776/821 2448/2791/821 2412/2755/821
f 2149/2492/821 2722/3065/821 2723/3066/821
f 2149/2492/821 2724/3067/821 2725/3068/821
f 2149/2492/821 2726/3069/821 2727/3070/821
f 2686/3029/821 2653/2996/821 2652/2995/821
f 2687/3030/821 2728/3071/821 2709/3052/821
f 2710/3053/821 2729/3072/821 2658/3001/821
f 2712/3055/821 2658/3001/821 2729/3072/821
f 2730/3073/821 2731/3074/821 2711/3054/821
f 2732/3075/821 2731/3074/821 2730/3073/821
f 2715/3058/821 2714/3057/821 2662/3005/821
f 2716/3059/821 2733/3076/821 2662/3005/821
f 2734/3077/821 2735/3078/821 2665/3008/821
f 2631/2974/821 2606/2949/821 2605/2948/821
f 2699/3042/821 2698/3041/821 2718/3061/821
f 2719/3062/821 2736/3079/821 2697/3040/821
f 2720/3063/821 2700/3043/821 2635/2978/821
f 2547/2890/821 2672/3015/821 2573/2916/821
f 2705/3048/821 2675/3018/821 2703/3046/821
f 2613/2956/821 2530/2873/821 2529/2872/821
f 2683/3026/821 2645/2988/821 2620/2963/821
f 2723/3066/821 2737/3080/821 2149/2492/821
f 2725/3068/821 2738/3081/821 2149/2492/821
f 2727/3070/821 2739/3082/821 2149/2492/821
f 2740/3083/821 2709/3052/821 2741/3084/821
f 2728/3071/821 2741/3084/821 2709/3052/821
f 2627/2970/821 2740/3083/821 2742/3085/821
f 2729/3072/821 2713/3056/821 2712/3055/821
f 2730/3073/821 2716/3059/821 2732/3075/821
f 2733/3076/821 2690/3033/821 2662/3005/821
f 2665/3008/821 2743/3086/821 2734/3077/821
f 2695/3038/821 2699/3042/821 2718/3061/821
f 2670/3013/821 2509/2852/821 2635/2978/821
f 2639/2982/821 2702/3045/821 2554/2897/821
f 2708/3051/821 2680/3023/821 2338/2681/821
f 2744/3087/821 2745/3088/821 2746/3089/821
f 2745/3088/821 2747/3090/821 2748/3091/821
f 2747/3090/821 2749/3092/821 2750/3093/821
f 2749/3092/821 2259/2602/821 2751/3094/821
f 2149/2492/821 2752/3095/821 2753/3096/821
f 2149/2492/821 2754/3097/821 2755/3098/821
f 2738/3081/821 2722/3065/821 2149/2492/821
f 2739/3082/821 2756/3099/821 2149/2492/821
f 2504/2847/821 2648/2991/821 2647/2990/821
f 2742/3085/821 2757/3100/821 2627/2970/821
f 2713/3056/821 2730/3073/821 2711/3054/821
f 2663/3006/821 2726/3069/821 2149/2492/821
f 2743/3086/821 2662/3005/821 2734/3077/821
f 2736/3079/821 2720/3063/821 2697/3040/821
f 2640/2983/821 2591/2934/821 2590/2933/821
f 2758/3101/821 2759/3102/821 2721/3064/821
f 2760/3103/821 2761/3104/821 2759/3102/821
f 2762/3105/821 2763/3106/821 2764/3107/821
f 2763/3106/821 2744/3087/821 2765/3108/821
f 2748/3091/821 2746/3089/821 2745/3088/821
f 2751/3094/821 2750/3093/821 2749/3092/821
f 2149/2492/821 2766/3109/821 2767/3110/821
f 2149/2492/821 2768/3111/821 2769/3112/821
f 2755/3098/821 2752/3095/821 2149/2492/821
f 2756/3099/821 2724/3067/821 2149/2492/821
f 2757/3100/821 2628/2971/821 2627/2970/821
f 2693/3036/821 2732/3075/821 2716/3059/821
f 2662/3005/821 2770/3113/821 2771/3114/821
f 2735/3078/821 2666/3009/821 2665/3008/821
f 2573/2916/821 2635/2978/821 2509/2852/821
f 2759/3102/821 2758/3101/821 2760/3103/821
f 2762/3105/821 2772/3115/821 2761/3104/821
f 2765/3108/821 2764/3107/821 2763/3106/821
f 2750/3093/821 2748/3091/821 2747/3090/821
f 2769/3112/821 2766/3109/821 2149/2492/821
f 2737/3080/821 2754/3097/821 2149/2492/821
f 2688/3031/821 2600/2943/821 2599/2942/821
f 2662/3005/821 2773/3116/821 2770/3113/821
f 2662/3005/821 2774/3117/821 2775/3118/821
f 2717/3060/821 2668/3011/821 2664/3007/821
f 2761/3104/821 2760/3103/821 2762/3105/821
f 2746/3089/821 2765/3108/821 2744/3087/821
f 2753/3096/821 2768/3111/821 2149/2492/821
f 2771/3114/821 2692/3035/821 2662/3005/821
f 2743/3086/821 2774/3117/821 2662/3005/821
f 2764/3107/821 2772/3115/821 2762/3105/821
f 2741/3084/821 2742/3085/821 2740/3083/821
f 2721/3064/821 2520/2863/821 2758/3101/821
f 2775/3118/821 2773/3116/821 2662/3005/821
f 2767/3110/821 2150/2493/821 2149/2492/821
f 2348/2691/821 2751/3094/821 2259/2602/821
f 2235/2578/821 2127/2470/821 2219/2562/821
f 2044/2387/821 2256/2599/821 2776/2364/821
