g ___01
v -0.0073 0.0075 0.0040205 1 1 1
v 0.0083 0.0075 0.0040205 1 1 1
v 0.0083 0.0073 0.0040205 1 1 1
v -0.0073 0.0073 0.0040205 1 1 1
v -0.0073 0.0073 0.0060205 1 1 1
v 0.0083 0.0073 0.0060205 1 1 1
v 0.0083 0.0075 0.0060205 1 1 1
v -0.0073 0.0075 0.0060205 1 1 1
vn -0 -0 -1
vn -0 -1 -0
vn 0 0 1
vn -1 -0 0
vn 0 1 0
vn 1 0 -0
vt -0.0073 -0.0005
vt 0.0083 -0.0005
vt 0.0083 -0.0007
vt -0.0073 -0.0007
vt 0 -0.0078
vt -0.002 -0.0078
vt -0.002 0.0078
vt 0 0.0078
vt -0.0073 -0.0007
vt 0.0083 -0.0007
vt 0.0083 -0.0005
vt -0.0073 -0.0005
vt 0 0.0001
vt 0.002 0.0001
vt 0.002 -0.0001
vt -0 -0.0001
vt 0 0.0078
vt -0.002 0.0078
vt -0.002 -0.0078
vt 0 -0.0078
vt -0 -0.0001
vt 0.002 -0.0001
vt 0.002 0.0001
vt 0 0.0001
f 1/1/1 2/2/1 3/3/1
f 3/3/1 4/4/1 1/1/1
f 5/5/2 4/6/2 3/7/2
f 3/7/2 6/8/2 5/5/2
f 5/9/3 6/10/3 7/11/3
f 7/11/3 8/12/3 5/9/3
f 8/13/4 1/14/4 4/15/4
f 4/15/4 5/16/4 8/13/4
f 7/17/5 2/18/5 1/19/5
f 1/19/5 8/20/5 7/17/5
f 6/21/6 3/22/6 2/23/6
f 2/23/6 7/24/6 6/21/6
g ___05_(5)
v 0.0035 0.00749991 2e-05 0.333333 0.239216 0.184314
v 0.0045 0.00749991 2e-05 0.333333 0.239216 0.184314
v 0.0045 0.00749991 0.00202 0.333333 0.239216 0.184314
v 0.0035 0.00749991 0.00202 0.333333 0.239216 0.184314
v 0.0045 0.00750011 0.00202 0.333333 0.239216 0.184314
v 0.0035 0.00750011 0.00202 0.333333 0.239216 0.184314
v 0.0045 0.00750011 2e-05 0.333333 0.239216 0.184314
v 0.0035 0.00750011 2e-05 0.333333 0.239216 0.184314
vn 0 -1 1.22465e-16
vn -0 1.22465e-16 1
vn 0 1 -1.22465e-16
vn -1 0 0
vn 0 -1.22465e-16 -1
vn 1 0 0
vt -0.006 -0.0002
vt -0.005 -0.0002
vt -0.005 -0.0022
vt -0.006 -0.0022
vt 0.0005 -0.0083998
vt 0.0005 -0.0084
vt -0.0005 -0.0084
vt -0.0005 -0.0083998
vt -0.006 -0.0022
vt -0.005 -0.0022
vt -0.005 -0.0002
vt -0.006 -0.0002
vt -0.001 -0.0084
vt -0.001 -0.0083998
vt 0.001 -0.0083998
vt 0.001 -0.0084
vt -0.0005 -0.0083998
vt 0.0005 -0.0083998
vt 0.0005 -0.0084
vt -0.0005 -0.0084
vt 0.001 -0.0084
vt 0.001 -0.0083998
vt -0.001 -0.0083998
vt -0.001 -0.0084
f 9/25/7 10/26/7 11/27/7
f 11/27/7 12/28/7 9/25/7
f 11/29/8 13/30/8 14/31/8
f 14/31/8 12/32/8 11/29/8
f 14/33/9 13/34/9 15/35/9
f 15/35/9 16/36/9 14/33/9
f 16/37/10 9/38/10 12/39/10
f 12/39/10 14/40/10 16/37/10
f 10/41/11 9/42/11 16/43/11
f 16/43/11 15/44/11 10/41/11
f 13/45/12 11/46/12 10/47/12
f 10/47/12 15/48/12 13/45/12
g ___01_(1)
v -0.0073 0.0075 0.0020205 1 1 1
v 0.0083 0.0075 0.0020205 1 1 1
v 0.0083 0.0073 0.0020205 1 1 1
v -0.0073 0.0073 0.0020205 1 1 1
v -0.0073 0.0073 0.0040205 1 1 1
v 0.0083 0.0073 0.0040205 1 1 1
v 0.0083 0.0075 0.0040205 1 1 1
v -0.0073 0.0075 0.0040205 1 1 1
vn -0 -0 -1
vn -0 -1 -0
vn 0 0 1
vn -1 -0 0
vn 0 1 0
vn 1 0 -0
vt -0.0073 -0.0005
vt 0.0083 -0.0005
vt 0.0083 -0.0007
vt -0.0073 -0.0007
vt 0 -0.0078
vt -0.002 -0.0078
vt -0.002 0.0078
vt 0 0.0078
vt -0.0073 -0.0007
vt 0.0083 -0.0007
vt 0.0083 -0.0005
vt -0.0073 -0.0005
vt 0 0.0001
vt 0.002 0.0001
vt 0.002 -0.0001
vt -0 -0.0001
vt 0 0.0078
vt -0.002 0.0078
vt -0.002 -0.0078
vt 0 -0.0078
vt -0 -0.0001
vt 0.002 -0.0001
vt 0.002 0.0001
vt 0 0.0001
f 17/49/13 18/50/13 19/51/13
f 19/51/13 20/52/13 17/49/13
f 21/53/14 20/54/14 19/55/14
f 19/55/14 22/56/14 21/53/14
f 21/57/15 22/58/15 23/59/15
f 23/59/15 24/60/15 21/57/15
f 24/61/16 17/62/16 20/63/16
f 20/63/16 21/64/16 24/61/16
f 23/65/17 18/66/17 17/67/17
f 17/67/17 24/68/17 23/65/17
f 22/69/18 19/70/18 18/71/18
f 18/71/18 23/72/18 22/69/18
g ___06_(4)
v -0.0015 0.00749981 0.0020205 0.627451 0.627451 0.643137
v -0.0015 0.00749981 0.0040205 0.627451 0.627451 0.643137
v -0.0035 0.00749981 0.0040205 0.627451 0.627451 0.643137
v -0.0035 0.00749981 0.0020205 0.627451 0.627451 0.643137
v -0.0035 0.00749991 0.0020205 0.627451 0.627451 0.643137
v -0.0035 0.00749991 0.0040205 0.627451 0.627451 0.643137
v -0.0015 0.00749991 0.0040205 0.627451 0.627451 0.643137
v -0.0015 0.00749991 0.0020205 0.627451 0.627451 0.643137
vn 0 -1 1.22465e-16
vn -1 0 0
vn 0 1 -1.22465e-16
vn 0 -1.22465e-16 -1
vn 1 0 0
vn 0 1.22465e-16 1
vt -0.0053 -0.00015
vt -0.0053 -0.00215
vt -0.0073 -0.00215
vt -0.0073 -0.00015
vt -0.001 0
vt -0.001 1e-07
vt 0.001 1e-07
vt 0.001 0
vt -0.0073 -0.00015
vt -0.0073 -0.00215
vt -0.0053 -0.00215
vt -0.0053 -0.00015
vt 0.001 0
vt 0.001 1e-07
vt -0.001 1e-07
vt -0.001 0
vt -0.001 0
vt -0.001 1e-07
vt 0.001 1e-07
vt 0.001 0
vt -0.001 0
vt -0.001 1e-07
vt 0.001 1e-07
vt 0.001 0
f 25/73/19 26/74/19 27/75/19
f 27/75/19 28/76/19 25/73/19
f 29/77/20 28/78/20 27/79/20
f 27/79/20 30/80/20 29/77/20
f 29/81/21 30/82/21 31/83/21
f 31/83/21 32/84/21 29/81/21
f 32/85/22 25/86/22 28/87/22
f 28/87/22 29/88/22 32/85/22
f 31/89/23 26/90/23 25/91/23
f 25/91/23 32/92/23 31/89/23
f 30/93/24 27/94/24 26/95/24
f 26/95/24 31/96/24 30/93/24
g ___39
v 0.0085001 -0.0002 0.0060205 0.333333 0.239216 0.184314
v 0.0085001 0.0037 0.0060205 0.333333 0.239216 0.184314
v 0.0085001 0.0037 0.0040205 0.333333 0.239216 0.184314
v 0.0085001 -0.0002 0.0040205 0.333333 0.239216 0.184314
v 0.0085003 -0.0002 0.0040205 0.333333 0.239216 0.184314
v 0.0085003 0.0037 0.0040205 0.333333 0.239216 0.184314
v 0.0085003 0.0037 0.0060205 0.333333 0.239216 0.184314
v 0.0085003 -0.0002 0.0060205 0.333333 0.239216 0.184314
vn -1 -0 -0
vn 0 0 -1
vn 1 0 0
vn 0 -1 0
vn 0 0 1
vn -0 1 0
vt -0.01 -0.0025
vt -0.0061 -0.0025
vt -0.0061 -0.0045
vt -0.01 -0.0045
vt -0 -0.00195
vt 2e-07 -0.00195
vt 2e-07 0.00195
vt 0 0.00195
vt -0.01 -0.0045
vt -0.0061 -0.0045
vt -0.0061 -0.0025
vt -0.01 -0.0025
vt -0.001 0
vt -0.001 -2e-07
vt 0.001 -2e-07
vt 0.001 0
vt 0 0.00195
vt -2e-07 0.00195
vt -2e-07 -0.00195
vt 0 -0.00195
vt -0.001 0
vt -0.001 -2e-07
vt 0.001 -2e-07
vt 0.001 0
f 33/97/25 34/98/25 35/99/25
f 35/99/25 36/100/25 33/97/25
f 37/101/26 36/102/26 35/103/26
f 35/103/26 38/104/26 37/101/26
f 37/105/27 38/106/27 39/107/27
f 39/107/27 40/108/27 37/105/27
f 40/109/28 33/110/28 36/111/28
f 36/111/28 37/112/28 40/109/28
f 39/113/29 34/114/29 33/115/29
f 33/115/29 40/116/29 39/113/29
f 38/117/30 35/118/30 34/119/30
f 34/119/30 39/120/30 38/117/30
g ___05_(2)
v 0.00563694 0.00799983 0.0040205 0.333333 0.239216 0.184314
v 0.00650296 0.00749983 0.0040205 0.333333 0.239216 0.184314
v 0.00650296 0.00749983 0.0060205 0.333333 0.239216 0.184314
v 0.00563694 0.00799983 0.0060205 0.333333 0.239216 0.184314
v 0.00650306 0.0075 0.0060205 0.333333 0.239216 0.184314
v 0.00563704 0.008 0.0060205 0.333333 0.239216 0.184314
v 0.00650306 0.0075 0.0040205 0.333333 0.239216 0.184314
v 0.00563704 0.008 0.0040205 0.333333 0.239216 0.184314
vn -0.5 -0.866025 1.06058e-16
vn -0 1.22465e-16 1
vn 0.5 0.866025 -1.06058e-16
vn -0.866025 0.5 -6.12323e-17
vn 0 -1.22465e-16 -1
vn 0.866025 -0.5 6.12323e-17
vt -0.006 -0.0002
vt -0.005 -0.0002
vt -0.005 -0.0022
vt -0.006 -0.0022
vt 0.0005 -0.0083998
vt 0.0005 -0.0084
vt -0.0005 -0.0084
vt -0.0005 -0.0083998
vt -0.006 -0.0022
vt -0.005 -0.0022
vt -0.005 -0.0002
vt -0.006 -0.0002
vt -0.001 -0.0084
vt -0.001 -0.0083998
vt 0.001 -0.0083998
vt 0.001 -0.0084
vt -0.0005 -0.0083998
vt 0.0005 -0.0083998
vt 0.0005 -0.0084
vt -0.0005 -0.0084
vt 0.001 -0.0084
vt 0.001 -0.0083998
vt -0.001 -0.0083998
vt -0.001 -0.0084
f 41/121/31 42/122/31 43/123/31
f 43/123/31 44/124/31 41/121/31
f 43/125/32 45/126/32 46/127/32
f 46/127/32 44/128/32 43/125/32
f 46/129/33 45/130/33 47/131/33
f 47/131/33 48/132/33 46/129/33
f 48/133/34 41/134/34 44/135/34
f 44/135/34 46/136/34 48/133/34
f 42/137/35 41/138/35 48/139/35
f 48/139/35 47/140/35 42/137/35
f 45/141/36 43/142/36 42/143/36
f 42/143/36 47/144/36 45/141/36
g ___05_(8)
v 0.0075 0.00749991 0.0020205 0.627451 0.627451 0.643137
v 0.0085 0.00749991 0.0020205 0.627451 0.627451 0.643137
v 0.0085 0.00749991 0.0040205 0.627451 0.627451 0.643137
v 0.0075 0.00749991 0.0040205 0.627451 0.627451 0.643137
v 0.0085 0.00750011 0.0040205 0.627451 0.627451 0.643137
v 0.0075 0.00750011 0.0040205 0.627451 0.627451 0.643137
v 0.0085 0.00750011 0.0020205 0.627451 0.627451 0.643137
v 0.0075 0.00750011 0.0020205 0.627451 0.627451 0.643137
vn 0 -1 1.22465e-16
vn -0 1.22465e-16 1
vn 0 1 -1.22465e-16
vn -1 0 0
vn 0 -1.22465e-16 -1
vn 1 0 0
vt -0.006 -0.0002
vt -0.005 -0.0002
vt -0.005 -0.0022
vt -0.006 -0.0022
vt 0.0005 -0.0083998
vt 0.0005 -0.0084
vt -0.0005 -0.0084
vt -0.0005 -0.0083998
vt -0.006 -0.0022
vt -0.005 -0.0022
vt -0.005 -0.0002
vt -0.006 -0.0002
vt -0.001 -0.0084
vt -0.001 -0.0083998
vt 0.001 -0.0083998
vt 0.001 -0.0084
vt -0.0005 -0.0083998
vt 0.0005 -0.0083998
vt 0.0005 -0.0084
vt -0.0005 -0.0084
vt 0.001 -0.0084
vt 0.001 -0.0083998
vt -0.001 -0.0083998
vt -0.001 -0.0084
f 49/145/37 50/146/37 51/147/37
f 51/147/37 52/148/37 49/145/37
f 51/149/38 53/150/38 54/151/38
f 54/151/38 52/152/38 51/149/38
f 54/153/39 53/154/39 55/155/39
f 55/155/39 56/156/39 54/153/39
f 56/157/40 49/158/40 52/159/40
f 52/159/40 54/160/40 56/157/40
f 50/161/41 49/162/41 56/163/41
f 56/163/41 55/164/41 50/161/41
f 53/165/42 51/166/42 50/167/42
f 50/167/42 55/168/42 53/165/42
g ___05_(5)_(2)
v 0.0055 -0.0002001 0.0060205 0.333333 0.239216 0.184314
v 0.0065 -0.0002001 0.0060205 0.333333 0.239216 0.184314
v 0.0065 -0.0002001 0.0040205 0.333333 0.239216 0.184314
v 0.0055 -0.0002001 0.0040205 0.333333 0.239216 0.184314
v 0.0065 -0.0002003 0.0040205 0.333333 0.239216 0.184314
v 0.0055 -0.0002003 0.0040205 0.333333 0.239216 0.184314
v 0.0065 -0.0002003 0.0060205 0.333333 0.239216 0.184314
v 0.0055 -0.0002003 0.0060205 0.333333 0.239216 0.184314
vn 0 1 0
vn -0 0 -1
vn 0 -1 0
vn -1 0 -0
vn 0 0 1
vn 1 0 0
vt -0.006 -0.0002
vt -0.005 -0.0002
vt -0.005 -0.0022
vt -0.006 -0.0022
vt 0.0005 -0.0083998
vt 0.0005 -0.0084
vt -0.0005 -0.0084
vt -0.0005 -0.0083998
vt -0.006 -0.0022
vt -0.005 -0.0022
vt -0.005 -0.0002
vt -0.006 -0.0002
vt -0.001 -0.0084
vt -0.001 -0.0083998
vt 0.001 -0.0083998
vt 0.001 -0.0084
vt -0.0005 -0.0083998
vt 0.0005 -0.0083998
vt 0.0005 -0.0084
vt -0.0005 -0.0084
vt 0.001 -0.0084
vt 0.001 -0.0083998
vt -0.001 -0.0083998
vt -0.001 -0.0084
f 57/169/43 58/170/43 59/171/43
f 59/171/43 60/172/43 57/169/43
f 59/173/44 61/174/44 62/175/44
f 62/175/44 60/176/44 59/173/44
f 62/177/45 61/178/45 63/179/45
f 63/179/45 64/180/45 62/177/45
f 64/181/46 57/182/46 60/183/46
f 60/183/46 62/184/46 64/181/46
f 58/185/47 57/186/47 64/187/47
f 64/187/47 63/188/47 58/185/47
f 61/189/48 59/190/48 58/191/48
f 58/191/48 63/192/48 61/189/48
g ___05_(3)
v 0.00363694 0.00799983 0.0020205 0.333333 0.239216 0.184314
v 0.00450296 0.00749983 0.0020205 0.333333 0.239216 0.184314
v 0.00450296 0.00749983 0.0040205 0.333333 0.239216 0.184314
v 0.00363694 0.00799983 0.0040205 0.333333 0.239216 0.184314
v 0.00450306 0.0075 0.0040205 0.333333 0.239216 0.184314
v 0.00363704 0.008 0.0040205 0.333333 0.239216 0.184314
v 0.00450306 0.0075 0.0020205 0.333333 0.239216 0.184314
v 0.00363704 0.008 0.0020205 0.333333 0.239216 0.184314
vn -0.5 -0.866025 1.06058e-16
vn -0 1.22465e-16 1
vn 0.5 0.866025 -1.06058e-16
vn -0.866025 0.5 -6.12323e-17
vn 0 -1.22465e-16 -1
vn 0.866025 -0.5 6.12323e-17
vt -0.006 -0.0002
vt -0.005 -0.0002
vt -0.005 -0.0022
vt -0.006 -0.0022
vt 0.0005 -0.0083998
vt 0.0005 -0.0084
vt -0.0005 -0.0084
vt -0.0005 -0.0083998
vt -0.006 -0.0022
vt -0.005 -0.0022
vt -0.005 -0.0002
vt -0.006 -0.0002
vt -0.001 -0.0084
vt -0.001 -0.0083998
vt 0.001 -0.0083998
vt 0.001 -0.0084
vt -0.0005 -0.0083998
vt 0.0005 -0.0083998
vt 0.0005 -0.0084
vt -0.0005 -0.0084
vt 0.001 -0.0084
vt 0.001 -0.0083998
vt -0.001 -0.0083998
vt -0.001 -0.0084
f 65/193/49 66/194/49 67/195/49
f 67/195/49 68/196/49 65/193/49
f 67/197/50 69/198/50 70/199/50
f 70/199/50 68/200/50 67/197/50
f 70/201/51 69/202/51 71/203/51
f 71/203/51 72/204/51 70/201/51
f 72/205/52 65/206/52 68/207/52
f 68/207/52 70/208/52 72/205/52
f 66/209/53 65/210/53 72/211/53
f 72/211/53 71/212/53 66/209/53
f 69/213/54 67/214/54 66/215/54
f 66/215/54 71/216/54 69/213/54
g ___05_(4)
v -0.0005 -0.0002001 0.0040205 0.333333 0.239216 0.184314
v 0.0005 -0.0002001 0.0040205 0.333333 0.239216 0.184314
v 0.0005 -0.0002001 0.0020205 0.333333 0.239216 0.184314
v -0.0005 -0.0002001 0.0020205 0.333333 0.239216 0.184314
v 0.0005 -0.0002003 0.0020205 0.333333 0.239216 0.184314
v -0.0005 -0.0002003 0.0020205 0.333333 0.239216 0.184314
v 0.0005 -0.0002003 0.0040205 0.333333 0.239216 0.184314
v -0.0005 -0.0002003 0.0040205 0.333333 0.239216 0.184314
vn 0 1 0
vn -0 0 -1
vn 0 -1 0
vn -1 0 -0
vn 0 0 1
vn 1 0 0
vt -0.006 -0.0002
vt -0.005 -0.0002
vt -0.005 -0.0022
vt -0.006 -0.0022
vt 0.0005 -0.0083998
vt 0.0005 -0.0084
vt -0.0005 -0.0084
vt -0.0005 -0.0083998
vt -0.006 -0.0022
vt -0.005 -0.0022
vt -0.005 -0.0002
vt -0.006 -0.0002
vt -0.001 -0.0084
vt -0.001 -0.0083998
vt 0.001 -0.0083998
vt 0.001 -0.0084
vt -0.0005 -0.0083998
vt 0.0005 -0.0083998
vt 0.0005 -0.0084
vt -0.0005 -0.0084
vt 0.001 -0.0084
vt 0.001 -0.0083998
vt -0.001 -0.0083998
vt -0.001 -0.0084
f 73/217/55 74/218/55 75/219/55
f 75/219/55 76/220/55 73/217/55
f 75/221/56 77/222/56 78/223/56
f 78/223/56 76/224/56 75/221/56
f 78/225/57 77/226/57 79/227/57
f 79/227/57 80/228/57 78/225/57
f 80/229/58 73/230/58 76/231/58
f 76/231/58 78/232/58 80/229/58
f 74/233/59 73/234/59 80/235/59
f 80/235/59 79/236/59 74/233/59
f 77/237/60 75/238/60 74/239/60
f 74/239/60 79/240/60 77/237/60
g ___06_(3)
v 0.0045 0.00749981 2e-05 0.627451 0.627451 0.643137
v 0.0045 0.00749981 0.00202 0.627451 0.627451 0.643137
v 0.0025 0.00749981 0.00202 0.627451 0.627451 0.643137
v 0.0025 0.00749981 2e-05 0.627451 0.627451 0.643137
v 0.0025 0.00749991 2e-05 0.627451 0.627451 0.643137
v 0.0025 0.00749991 0.00202 0.627451 0.627451 0.643137
v 0.0045 0.00749991 0.00202 0.627451 0.627451 0.643137
v 0.0045 0.00749991 2e-05 0.627451 0.627451 0.643137
vn 0 -1 1.22465e-16
vn -1 0 0
vn 0 1 -1.22465e-16
vn 0 -1.22465e-16 -1
vn 1 0 0
vn 0 1.22465e-16 1
vt -0.0053 -0.00015
vt -0.0053 -0.00215
vt -0.0073 -0.00215
vt -0.0073 -0.00015
vt -0.001 0
vt -0.001 1e-07
vt 0.001 1e-07
vt 0.001 0
vt -0.0073 -0.00015
vt -0.0073 -0.00215
vt -0.0053 -0.00215
vt -0.0053 -0.00015
vt 0.001 0
vt 0.001 1e-07
vt -0.001 1e-07
vt -0.001 0
vt -0.001 0
vt -0.001 1e-07
vt 0.001 1e-07
vt 0.001 0
vt -0.001 0
vt -0.001 1e-07
vt 0.001 1e-07
vt 0.001 0
f 81/241/61 82/242/61 83/243/61
f 83/243/61 84/244/61 81/241/61
f 85/245/62 84/246/62 83/247/62
f 83/247/62 86/248/62 85/245/62
f 85/249/63 86/250/63 87/251/63
f 87/251/63 88/252/63 85/249/63
f 88/253/64 81/254/64 84/255/64
f 84/255/64 85/256/64 88/253/64
f 87/257/65 82/258/65 81/259/65
f 81/259/65 88/260/65 87/257/65
f 86/261/66 83/262/66 82/263/66
f 82/263/66 87/264/66 86/261/66
g ___02_(1)
v 0.0083 0.0075 0.0040205 0.627451 0.627451 0.643137
v 0.0085 0.0075 0.0040205 0.627451 0.627451 0.643137
v 0.0085 -0.0002 0.0040205 0.627451 0.627451 0.643137
v 0.0083 -0.0002 0.0040205 0.627451 0.627451 0.643137
v 0.0083 -0.0002 0.0060205 0.627451 0.627451 0.643137
v 0.0085 -0.0002 0.0060205 0.627451 0.627451 0.643137
v 0.0085 0.0075 0.0060205 0.627451 0.627451 0.643137
v 0.0083 0.0075 0.0060205 0.627451 0.627451 0.643137
vn -0 -0 -1
vn -0 -1 -0
vn 0 0 1
vn -1 0 0
vn 0 1 0
vn 1 0 -0
vt -0.008 0.0079
vt -0.0078 0.0079
vt -0.0078 0.0002
vt -0.008 0.0002
vt 0 -0.0001
vt -0.002 -0.0001
vt -0.002 0.0001
vt 0 0.0001
vt -0.008 0.0002
vt -0.0078 0.0002
vt -0.0078 0.0079
vt -0.008 0.0079
vt 0 0.00385
vt -0.002 0.00385
vt -0.002 -0.00385
vt 0 -0.00385
vt 0 0.0001
vt -0.002 0.0001
vt -0.002 -0.0001
vt 0 -0.0001
vt -0 -0.00385
vt 0.002 -0.00385
vt 0.002 0.00385
vt 0 0.00385
f 89/265/67 90/266/67 91/267/67
f 91/267/67 92/268/67 89/265/67
f 93/269/68 92/270/68 91/271/68
f 91/271/68 94/272/68 93/269/68
f 93/273/69 94/274/69 95/275/69
f 95/275/69 96/276/69 93/273/69
f 96/277/70 89/278/70 92/279/70
f 92/279/70 93/280/70 96/277/70
f 95/281/71 90/282/71 89/283/71
f 89/283/71 96/284/71 95/281/71
f 94/285/72 91/286/72 90/287/72
f 90/287/72 95/288/72 94/285/72
g ___05_(1)
v 0.00163694 -0.000700013 0.0060205 0.333333 0.239216 0.184314
v 0.00250296 -0.000200013 0.0060205 0.333333 0.239216 0.184314
v 0.00250296 -0.000200013 0.0040205 0.333333 0.239216 0.184314
v 0.00163694 -0.000700013 0.0040205 0.333333 0.239216 0.184314
v 0.00250306 -0.000200187 0.0040205 0.333333 0.239216 0.184314
v 0.00163704 -0.000700187 0.0040205 0.333333 0.239216 0.184314
v 0.00250306 -0.000200187 0.0060205 0.333333 0.239216 0.184314
v 0.00163704 -0.000700187 0.0060205 0.333333 0.239216 0.184314
vn -0.5 0.866025 -0
vn -0 -0 -1
vn 0.5 -0.866025 0
vn -0.866025 -0.5 -0
vn -0 0 1
vn 0.866025 0.5 0
vt -0.006 -0.0002
vt -0.005 -0.0002
vt -0.005 -0.0022
vt -0.006 -0.0022
vt 0.0005 -0.0083998
vt 0.0005 -0.0084
vt -0.0005 -0.0084
vt -0.0005 -0.0083998
vt -0.006 -0.0022
vt -0.005 -0.0022
vt -0.005 -0.0002
vt -0.006 -0.0002
vt -0.001 -0.0084
vt -0.001 -0.0083998
vt 0.001 -0.0083998
vt 0.001 -0.0084
vt -0.0005 -0.0083998
vt 0.0005 -0.0083998
vt 0.0005 -0.0084
vt -0.0005 -0.0084
vt 0.001 -0.0084
vt 0.001 -0.0083998
vt -0.001 -0.0083998
vt -0.001 -0.0084
f 97/289/73 98/290/73 99/291/73
f 99/291/73 100/292/73 97/289/73
f 99/293/74 101/294/74 102/295/74
f 102/295/74 100/296/74 99/293/74
f 102/297/75 101/298/75 103/299/75
f 103/299/75 104/300/75 102/297/75
f 104/301/76 97/302/76 100/303/76
f 100/303/76 102/304/76 104/301/76
f 98/305/77 97/306/77 104/307/77
f 104/307/77 103/308/77 98/305/77
f 101/309/78 99/310/78 98/311/78
f 98/311/78 103/312/78 101/309/78
g ___05_(1)_(2)
v -0.00636306 -0.000700013 0.0040205 0.333333 0.239216 0.184314
v -0.00549704 -0.000200013 0.0040205 0.333333 0.239216 0.184314
v -0.00549704 -0.000200013 0.0020205 0.333333 0.239216 0.184314
v -0.00636306 -0.000700013 0.0020205 0.333333 0.239216 0.184314
v -0.00549694 -0.000200187 0.0020205 0.333333 0.239216 0.184314
v -0.00636296 -0.000700187 0.0020205 0.333333 0.239216 0.184314
v -0.00549694 -0.000200187 0.0040205 0.333333 0.239216 0.184314
v -0.00636296 -0.000700187 0.0040205 0.333333 0.239216 0.184314
vn -0.5 0.866025 -0
vn -0 -0 -1
vn 0.5 -0.866025 0
vn -0.866025 -0.5 -0
vn -0 0 1
vn 0.866025 0.5 0
vt -0.006 -0.0002
vt -0.005 -0.0002
vt -0.005 -0.0022
vt -0.006 -0.0022
vt 0.0005 -0.0083998
vt 0.0005 -0.0084
vt -0.0005 -0.0084
vt -0.0005 -0.0083998
vt -0.006 -0.0022
vt -0.005 -0.0022
vt -0.005 -0.0002
vt -0.006 -0.0002
vt -0.001 -0.0084
vt -0.001 -0.0083998
vt 0.001 -0.0083998
vt 0.001 -0.0084
vt -0.0005 -0.0083998
vt 0.0005 -0.0083998
vt 0.0005 -0.0084
vt -0.0005 -0.0084
vt 0.001 -0.0084
vt 0.001 -0.0083998
vt -0.001 -0.0083998
vt -0.001 -0.0084
f 105/313/79 106/314/79 107/315/79
f 107/315/79 108/316/79 105/313/79
f 107/317/80 109/318/80 110/319/80
f 110/319/80 108/320/80 107/317/80
f 110/321/81 109/322/81 111/323/81
f 111/323/81 112/324/81 110/321/81
f 112/325/82 105/326/82 108/327/82
f 108/327/82 110/328/82 112/325/82
f 106/329/83 105/330/83 112/331/83
f 112/331/83 111/332/83 106/329/83
f 109/333/84 107/334/84 106/335/84
f 106/335/84 111/336/84 109/333/84
g ___05_(3)_(2)
v -0.006076 0.0075002 0.0060205 0.627451 0.627451 0.643137
v -0.005076 0.0075002 0.0060205 0.627451 0.627451 0.643137
v -0.005076 0.0075002 0.0080205 0.627451 0.627451 0.643137
v -0.006076 0.0075002 0.0080205 0.627451 0.627451 0.643137
v -0.005076 0.0075004 0.0080205 0.627451 0.627451 0.643137
v -0.006076 0.0075004 0.0080205 0.627451 0.627451 0.643137
v -0.005076 0.0075004 0.0060205 0.627451 0.627451 0.643137
v -0.006076 0.0075004 0.0060205 0.627451 0.627451 0.643137
vn 0 -1 1.22465e-16
vn -0 1.22465e-16 1
vn 0 1 -1.22465e-16
vn -1 0 0
vn 0 -1.22465e-16 -1
vn 1 0 0
vt -0.006 -0.0002
vt -0.005 -0.0002
vt -0.005 -0.0022
vt -0.006 -0.0022
vt 0.0005 -0.0083998
vt 0.0005 -0.0084
vt -0.0005 -0.0084
vt -0.0005 -0.0083998
vt -0.006 -0.0022
vt -0.005 -0.0022
vt -0.005 -0.0002
vt -0.006 -0.0002
vt -0.001 -0.0084
vt -0.001 -0.0083998
vt 0.001 -0.0083998
vt 0.001 -0.0084
vt -0.0005 -0.0083998
vt 0.0005 -0.0083998
vt 0.0005 -0.0084
vt -0.0005 -0.0084
vt 0.001 -0.0084
vt 0.001 -0.0083998
vt -0.001 -0.0083998
vt -0.001 -0.0084
f 113/337/85 114/338/85 115/339/85
f 115/339/85 116/340/85 113/337/85
f 115/341/86 117/342/86 118/343/86
f 118/343/86 116/344/86 115/341/86
f 118/345/87 117/346/87 119/347/87
f 119/347/87 120/348/87 118/345/87
f 120/349/88 113/350/88 116/351/88
f 116/351/88 118/352/88 120/349/88
f 114/353/89 113/354/89 120/355/89
f 120/355/89 119/356/89 114/353/89
f 117/357/90 115/358/90 114/359/90
f 114/359/90 119/360/90 117/357/90
g ___05_(8)_(2)
v -0.0073001 0.00559985 0.0060105 1 1 1
v -0.0073001 0.00659985 0.0060105 1 1 1
v -0.0073001 0.00659985 0.0080105 1 1 1
v -0.0073001 0.00559985 0.0080105 1 1 1
v -0.0073003 0.00659985 0.0080105 1 1 1
v -0.0073003 0.00559985 0.0080105 1 1 1
v -0.0073003 0.00659985 0.0060105 1 1 1
v -0.0073003 0.00559985 0.0060105 1 1 1
vn 1 5.55112e-17 1.22465e-16
vn -1.22465e-16 -0 1
vn -1 -5.55112e-17 -1.22465e-16
vn 5.55112e-17 -1 6.16298e-33
vn 1.22465e-16 0 -1
vn -5.55112e-17 1 -6.16298e-33
vt -0.006 -0.0002
vt -0.005 -0.0002
vt -0.005 -0.0022
vt -0.006 -0.0022
vt 0.0005 -0.0083998
vt 0.0005 -0.0084
vt -0.0005 -0.0084
vt -0.0005 -0.0083998
vt -0.006 -0.0022
vt -0.005 -0.0022
vt -0.005 -0.0002
vt -0.006 -0.0002
vt -0.001 -0.0084
vt -0.001 -0.0083998
vt 0.001 -0.0083998
vt 0.001 -0.0084
vt -0.0005 -0.0083998
vt 0.0005 -0.0083998
vt 0.0005 -0.0084
vt -0.0005 -0.0084
vt 0.001 -0.0084
vt 0.001 -0.0083998
vt -0.001 -0.0083998
vt -0.001 -0.0084
f 121/361/91 122/362/91 123/363/91
f 123/363/91 124/364/91 121/361/91
f 123/365/92 125/366/92 126/367/92
f 126/367/92 124/368/92 123/365/92
f 126/369/93 125/370/93 127/371/93
f 127/371/93 128/372/93 126/369/93
f 128/373/94 121/374/94 124/375/94
f 124/375/94 126/376/94 128/373/94
f 122/377/95 121/378/95 128/379/95
f 128/379/95 127/380/95 122/377/95
f 125/381/96 123/382/96 122/383/96
f 122/383/96 127/384/96 125/381/96
g ___06_(5)
v 0.0025 0.00749981 0.0040205 0.627451 0.627451 0.643137
v 0.0025 0.00749981 0.0060205 0.627451 0.627451 0.643137
v 0.0005 0.00749981 0.0060205 0.627451 0.627451 0.643137
v 0.0005 0.00749981 0.0040205 0.627451 0.627451 0.643137
v 0.0005 0.00749991 0.0040205 0.627451 0.627451 0.643137
v 0.0005 0.00749991 0.0060205 0.627451 0.627451 0.643137
v 0.0025 0.00749991 0.0060205 0.627451 0.627451 0.643137
v 0.0025 0.00749991 0.0040205 0.627451 0.627451 0.643137
vn 0 -1 1.22465e-16
vn -1 0 0
vn 0 1 -1.22465e-16
vn 0 -1.22465e-16 -1
vn 1 0 0
vn 0 1.22465e-16 1
vt -0.0053 -0.00015
vt -0.0053 -0.00215
vt -0.0073 -0.00215
vt -0.0073 -0.00015
vt -0.001 0
vt -0.001 1e-07
vt 0.001 1e-07
vt 0.001 0
vt -0.0073 -0.00015
vt -0.0073 -0.00215
vt -0.0053 -0.00215
vt -0.0053 -0.00015
vt 0.001 0
vt 0.001 1e-07
vt -0.001 1e-07
vt -0.001 0
vt -0.001 0
vt -0.001 1e-07
vt 0.001 1e-07
vt 0.001 0
vt -0.001 0
vt -0.001 1e-07
vt 0.001 1e-07
vt 0.001 0
f 129/385/97 130/386/97 131/387/97
f 131/387/97 132/388/97 129/385/97
f 133/389/98 132/390/98 131/391/98
f 131/391/98 134/392/98 133/389/98
f 133/393/99 134/394/99 135/395/99
f 135/395/99 136/396/99 133/393/99
f 136/397/100 129/398/100 132/399/100
f 132/399/100 133/400/100 136/397/100
f 135/401/101 130/402/101 129/403/101
f 129/403/101 136/404/101 135/401/101
f 134/405/102 131/406/102 130/407/102
f 130/407/102 135/408/102 134/405/102
g ___06_(2)
v -0.0035 0.00749981 0.0040205 0.627451 0.627451 0.643137
v -0.0035 0.00749981 0.0060205 0.627451 0.627451 0.643137
v -0.0055 0.00749981 0.0060205 0.627451 0.627451 0.643137
v -0.0055 0.00749981 0.0040205 0.627451 0.627451 0.643137
v -0.0055 0.00749991 0.0040205 0.627451 0.627451 0.643137
v -0.0055 0.00749991 0.0060205 0.627451 0.627451 0.643137
v -0.0035 0.00749991 0.0060205 0.627451 0.627451 0.643137
v -0.0035 0.00749991 0.0040205 0.627451 0.627451 0.643137
vn 0 -1 1.22465e-16
vn -1 0 0
vn 0 1 -1.22465e-16
vn 0 -1.22465e-16 -1
vn 1 0 0
vn 0 1.22465e-16 1
vt -0.0053 -0.00015
vt -0.0053 -0.00215
vt -0.0073 -0.00215
vt -0.0073 -0.00015
vt -0.001 0
vt -0.001 1e-07
vt 0.001 1e-07
vt 0.001 0
vt -0.0073 -0.00015
vt -0.0073 -0.00215
vt -0.0053 -0.00215
vt -0.0053 -0.00015
vt 0.001 0
vt 0.001 1e-07
vt -0.001 1e-07
vt -0.001 0
vt -0.001 0
vt -0.001 1e-07
vt 0.001 1e-07
vt 0.001 0
vt -0.001 0
vt -0.001 1e-07
vt 0.001 1e-07
vt 0.001 0
f 137/409/103 138/410/103 139/411/103
f 139/411/103 140/412/103 137/409/103
f 141/413/104 140/414/104 139/415/104
f 139/415/104 142/416/104 141/413/104
f 141/417/105 142/418/105 143/419/105
f 143/419/105 144/420/105 141/417/105
f 144/421/106 137/422/106 140/423/106
f 140/423/106 141/424/106 144/421/106
f 143/425/107 138/426/107 137/427/107
f 137/427/107 144/428/107 143/425/107
f 142/429/108 139/430/108 138/431/108
f 138/431/108 143/432/108 142/429/108
g ___70_(2)
v 0.0085 -0.0002 0.00402 0.627451 0.627451 0.643137
v -0.0075 -0.0002 0.00402 0.627451 0.627451 0.643137
v -0.0075 0.0078 0.00402 0.627451 0.627451 0.643137
v 0.0085 0.0078 0.00402 0.627451 0.627451 0.643137
v -0.0075 -0.0002 0.0040205 0.627451 0.627451 0.643137
v 0.0085 -0.0002 0.0040205 0.627451 0.627451 0.643137
v 0.0085 0.0078 0.0040205 0.627451 0.627451 0.643137
v -0.0075 0.0078 0.0040205 0.627451 0.627451 0.643137
vn -0 -0 -1
vn -0 -1 -0
vn 0 0 1
vn -1 -0 0
vn -2.1684e-16 1 0
vn 1 0 -0
vt 0.0085 0
vt -0.0075 0
vt -0.0075 0.008
vt 0.0085 0.008
vt 2e-07 -0.008
vt -3e-07 -0.008
vt -3e-07 0.008
vt 2e-07 0.008
vt 0.0085 0
vt 0.0085 0.008
vt -0.0075 0.008
vt -0.0075 0
vt -2e-07 0.004
vt 3e-07 0.004
vt 3e-07 -0.004
vt -2e-07 -0.004
vt -0.008 2e-07
vt -0.008 -3e-07
vt 0.008 -3e-07
vt 0.008 2e-07
vt -2e-07 -0.004
vt 3e-07 -0.004
vt 3e-07 0.004
vt -2e-07 0.004
f 145/433/109 146/434/109 147/435/109
f 147/435/109 148/436/109 145/433/109
f 149/437/110 146/438/110 145/439/110
f 145/439/110 150/440/110 149/437/110
f 150/441/111 151/442/111 152/443/111
f 152/443/111 149/444/111 150/441/111
f 152/445/112 147/446/112 146/447/112
f 146/447/112 149/448/112 152/445/112
f 151/449/113 148/450/113 147/451/113
f 147/451/113 152/452/113 151/449/113
f 150/453/114 145/454/114 148/455/114
f 148/455/114 151/456/114 150/453/114
g ___06_(2)_(2)
v 0.0045 0.00749981 0.0040205 0.627451 0.627451 0.643137
v 0.0045 0.00749981 0.0060205 0.627451 0.627451 0.643137
v 0.0025 0.00749981 0.0060205 0.627451 0.627451 0.643137
v 0.0025 0.00749981 0.0040205 0.627451 0.627451 0.643137
v 0.0025 0.00749991 0.0040205 0.627451 0.627451 0.643137
v 0.0025 0.00749991 0.0060205 0.627451 0.627451 0.643137
v 0.0045 0.00749991 0.0060205 0.627451 0.627451 0.643137
v 0.0045 0.00749991 0.0040205 0.627451 0.627451 0.643137
vn 0 -1 1.22465e-16
vn -1 0 0
vn 0 1 -1.22465e-16
vn 0 -1.22465e-16 -1
vn 1 0 0
vn 0 1.22465e-16 1
vt -0.0053 -0.00015
vt -0.0053 -0.00215
vt -0.0073 -0.00215
vt -0.0073 -0.00015
vt -0.001 0
vt -0.001 1e-07
vt 0.001 1e-07
vt 0.001 0
vt -0.0073 -0.00015
vt -0.0073 -0.00215
vt -0.0053 -0.00215
vt -0.0053 -0.00015
vt 0.001 0
vt 0.001 1e-07
vt -0.001 1e-07
vt -0.001 0
vt -0.001 0
vt -0.001 1e-07
vt 0.001 1e-07
vt 0.001 0
vt -0.001 0
vt -0.001 1e-07
vt 0.001 1e-07
vt 0.001 0
f 153/457/115 154/458/115 155/459/115
f 155/459/115 156/460/115 153/457/115
f 157/461/116 156/462/116 155/463/116
f 155/463/116 158/464/116 157/461/116
f 157/465/117 158/466/117 159/467/117
f 159/467/117 160/468/117 157/465/117
f 160/469/118 153/470/118 156/471/118
f 156/471/118 157/472/118 160/469/118
f 159/473/119 154/474/119 153/475/119
f 153/475/119 160/476/119 159/473/119
f 158/477/120 155/478/120 154/479/120
f 154/479/120 159/480/120 158/477/120
g ___05_(7)
v -0.0073001 0.00359985 0.0060105 1 1 1
v -0.0073001 0.00459985 0.0060105 1 1 1
v -0.0073001 0.00459985 0.0080105 1 1 1
v -0.0073001 0.00359985 0.0080105 1 1 1
v -0.0073003 0.00459985 0.0080105 1 1 1
v -0.0073003 0.00359985 0.0080105 1 1 1
v -0.0073003 0.00459985 0.0060105 1 1 1
v -0.0073003 0.00359985 0.0060105 1 1 1
vn 1 5.55112e-17 1.22465e-16
vn -1.22465e-16 -0 1
vn -1 -5.55112e-17 -1.22465e-16
vn 5.55112e-17 -1 6.16298e-33
vn 1.22465e-16 0 -1
vn -5.55112e-17 1 -6.16298e-33
vt -0.006 -0.0002
vt -0.005 -0.0002
vt -0.005 -0.0022
vt -0.006 -0.0022
vt 0.0005 -0.0083998
vt 0.0005 -0.0084
vt -0.0005 -0.0084
vt -0.0005 -0.0083998
vt -0.006 -0.0022
vt -0.005 -0.0022
vt -0.005 -0.0002
vt -0.006 -0.0002
vt -0.001 -0.0084
vt -0.001 -0.0083998
vt 0.001 -0.0083998
vt 0.001 -0.0084
vt -0.0005 -0.0083998
vt 0.0005 -0.0083998
vt 0.0005 -0.0084
vt -0.0005 -0.0084
vt 0.001 -0.0084
vt 0.001 -0.0083998
vt -0.001 -0.0083998
vt -0.001 -0.0084
f 161/481/121 162/482/121 163/483/121
f 163/483/121 164/484/121 161/481/121
f 163/485/122 165/486/122 166/487/122
f 166/487/122 164/488/122 163/485/122
f 166/489/123 165/490/123 167/491/123
f 167/491/123 168/492/123 166/489/123
f 168/493/124 161/494/124 164/495/124
f 164/495/124 166/496/124 168/493/124
f 162/497/125 161/498/125 168/499/125
f 168/499/125 167/500/125 162/497/125
f 165/501/126 163/502/126 162/503/126
f 162/503/126 167/504/126 165/501/126
g ___05_(2)_(2)
v -0.006076 -0.0002001 0.0080205 0.333333 0.239216 0.184314
v -0.005076 -0.0002001 0.0080205 0.333333 0.239216 0.184314
v -0.005076 -0.0002001 0.0060205 0.333333 0.239216 0.184314
v -0.006076 -0.0002001 0.0060205 0.333333 0.239216 0.184314
v -0.005076 -0.0002003 0.0060205 0.333333 0.239216 0.184314
v -0.006076 -0.0002003 0.0060205 0.333333 0.239216 0.184314
v -0.005076 -0.0002003 0.0080205 0.333333 0.239216 0.184314
v -0.006076 -0.0002003 0.0080205 0.333333 0.239216 0.184314
vn 0 1 0
vn -0 0 -1
vn 0 -1 0
vn -1 0 -0
vn 0 0 1
vn 1 0 0
vt -0.006 -0.0002
vt -0.005 -0.0002
vt -0.005 -0.0022
vt -0.006 -0.0022
vt 0.0005 -0.0083998
vt 0.0005 -0.0084
vt -0.0005 -0.0084
vt -0.0005 -0.0083998
vt -0.006 -0.0022
vt -0.005 -0.0022
vt -0.005 -0.0002
vt -0.006 -0.0002
vt -0.001 -0.0084
vt -0.001 -0.0083998
vt 0.001 -0.0083998
vt 0.001 -0.0084
vt -0.0005 -0.0083998
vt 0.0005 -0.0083998
vt 0.0005 -0.0084
vt -0.0005 -0.0084
vt 0.001 -0.0084
vt 0.001 -0.0083998
vt -0.001 -0.0083998
vt -0.001 -0.0084
f 169/505/127 170/506/127 171/507/127
f 171/507/127 172/508/127 169/505/127
f 171/509/128 173/510/128 174/511/128
f 174/511/128 172/512/128 171/509/128
f 174/513/129 173/514/129 175/515/129
f 175/515/129 176/516/129 174/513/129
f 176/517/130 169/518/130 172/519/130
f 172/519/130 174/520/130 176/517/130
f 170/521/131 169/522/131 176/523/131
f 176/523/131 175/524/131 170/521/131
f 173/525/132 171/526/132 170/527/132
f 170/527/132 175/528/132 173/525/132
g ___05_(2)_(3)
v -0.0045 0.00749991 0.0040205 0.333333 0.239216 0.184314
v -0.0035 0.00749991 0.0040205 0.333333 0.239216 0.184314
v -0.0035 0.00749991 0.0060205 0.333333 0.239216 0.184314
v -0.0045 0.00749991 0.0060205 0.333333 0.239216 0.184314
v -0.0035 0.00750011 0.0060205 0.333333 0.239216 0.184314
v -0.0045 0.00750011 0.0060205 0.333333 0.239216 0.184314
v -0.0035 0.00750011 0.0040205 0.333333 0.239216 0.184314
v -0.0045 0.00750011 0.0040205 0.333333 0.239216 0.184314
vn 0 -1 1.22465e-16
vn -0 1.22465e-16 1
vn 0 1 -1.22465e-16
vn -1 0 0
vn 0 -1.22465e-16 -1
vn 1 0 0
vt -0.006 -0.0002
vt -0.005 -0.0002
vt -0.005 -0.0022
vt -0.006 -0.0022
vt 0.0005 -0.0083998
vt 0.0005 -0.0084
vt -0.0005 -0.0084
vt -0.0005 -0.0083998
vt -0.006 -0.0022
vt -0.005 -0.0022
vt -0.005 -0.0002
vt -0.006 -0.0002
vt -0.001 -0.0084
vt -0.001 -0.0083998
vt 0.001 -0.0083998
vt 0.001 -0.0084
vt -0.0005 -0.0083998
vt 0.0005 -0.0083998
vt 0.0005 -0.0084
vt -0.0005 -0.0084
vt 0.001 -0.0084
vt 0.001 -0.0083998
vt -0.001 -0.0083998
vt -0.001 -0.0084
f 177/529/133 178/530/133 179/531/133
f 179/531/133 180/532/133 177/529/133
f 179/533/134 181/534/134 182/535/134
f 182/535/134 180/536/134 179/533/134
f 182/537/135 181/538/135 183/539/135
f 183/539/135 184/540/135 182/537/135
f 184/541/136 177/542/136 180/543/136
f 180/543/136 182/544/136 184/541/136
f 178/545/137 177/546/137 184/547/137
f 184/547/137 183/548/137 178/545/137
f 181/549/138 179/550/138 178/551/138
f 178/551/138 183/552/138 181/549/138
g ___06_(6)
v -0.000764001 0.00659985 0.0080105 1 1 1
v -0.000764001 0.00659985 0.0060105 1 1 1
v -0.000764001 0.00459985 0.0060105 1 1 1
v -0.000764001 0.00459985 0.0080105 1 1 1
v -0.000763901 0.00459985 0.0080105 1 1 1
v -0.000763901 0.00459985 0.0060105 1 1 1
v -0.000763901 0.00659985 0.0060105 1 1 1
v -0.000763901 0.00659985 0.0080105 1 1 1
vn -1 6.12323e-17 0
vn -6.12323e-17 -1 -0
vn 1 -6.12323e-17 0
vn 0 0 1
vn 6.12323e-17 1 0
vn 0 0 -1
vt -0.0053 -0.00015
vt -0.0053 -0.00215
vt -0.0073 -0.00215
vt -0.0073 -0.00015
vt -0.001 0
vt -0.001 1e-07
vt 0.001 1e-07
vt 0.001 0
vt -0.0073 -0.00015
vt -0.0073 -0.00215
vt -0.0053 -0.00215
vt -0.0053 -0.00015
vt 0.001 0
vt 0.001 1e-07
vt -0.001 1e-07
vt -0.001 0
vt -0.001 0
vt -0.001 1e-07
vt 0.001 1e-07
vt 0.001 0
vt -0.001 0
vt -0.001 1e-07
vt 0.001 1e-07
vt 0.001 0
f 185/553/139 186/554/139 187/555/139
f 187/555/139 188/556/139 185/553/139
f 189/557/140 188/558/140 187/559/140
f 187/559/140 190/560/140 189/557/140
f 189/561/141 190/562/141 191/563/141
f 191/563/141 192/564/141 189/561/141
f 192/565/142 185/566/142 188/567/142
f 188/567/142 189/568/142 192/565/142
f 191/569/143 186/570/143 185/571/143
f 185/571/143 192/572/143 191/569/143
f 190/573/144 187/574/144 186/575/144
f 186/575/144 191/576/144 190/573/144
g ___02_(2)
v 0.0083 0.0075 2e-05 0.627451 0.627451 0.643137
v 0.0085 0.0075 2e-05 0.627451 0.627451 0.643137
v 0.0085 -0.0002 2e-05 0.627451 0.627451 0.643137
v 0.0083 -0.0002 2e-05 0.627451 0.627451 0.643137
v 0.0083 -0.0002 0.00202 0.627451 0.627451 0.643137
v 0.0085 -0.0002 0.00202 0.627451 0.627451 0.643137
v 0.0085 0.0075 0.00202 0.627451 0.627451 0.643137
v 0.0083 0.0075 0.00202 0.627451 0.627451 0.643137
vn -0 -0 -1
vn -0 -1 -0
vn 0 0 1
vn -1 0 0
vn 0 1 0
vn 1 0 -0
vt -0.008 0.0079
vt -0.0078 0.0079
vt -0.0078 0.0002
vt -0.008 0.0002
vt 0 -0.0001
vt -0.002 -0.0001
vt -0.002 0.0001
vt 0 0.0001
vt -0.008 0.0002
vt -0.0078 0.0002
vt -0.0078 0.0079
vt -0.008 0.0079
vt 0 0.00385
vt -0.002 0.00385
vt -0.002 -0.00385
vt 0 -0.00385
vt 0 0.0001
vt -0.002 0.0001
vt -0.002 -0.0001
vt 0 -0.0001
vt -0 -0.00385
vt 0.002 -0.00385
vt 0.002 0.00385
vt 0 0.00385
f 193/577/145 194/578/145 195/579/145
f 195/579/145 196/580/145 193/577/145
f 197/581/146 196/582/146 195/583/146
f 195/583/146 198/584/146 197/581/146
f 197/585/147 198/586/147 199/587/147
f 199/587/147 200/588/147 197/585/147
f 200/589/148 193/590/148 196/591/148
f 196/591/148 197/592/148 200/589/148
f 199/593/149 194/594/149 193/595/149
f 193/595/149 200/596/149 199/593/149
f 198/597/150 195/598/150 194/599/150
f 194/599/150 199/600/150 198/597/150
g ___05_(4)_(2)
v -0.000763901 0.00159985 0.0080105 0.333333 0.239216 0.184314
v -0.000763901 0.00259985 0.0080105 0.333333 0.239216 0.184314
v -0.000763901 0.00259985 0.0060105 0.333333 0.239216 0.184314
v -0.000763901 0.00159985 0.0060105 0.333333 0.239216 0.184314
v -0.000763701 0.00259985 0.0060105 0.333333 0.239216 0.184314
v -0.000763701 0.00159985 0.0060105 0.333333 0.239216 0.184314
v -0.000763701 0.00259985 0.0080105 0.333333 0.239216 0.184314
v -0.000763701 0.00159985 0.0080105 0.333333 0.239216 0.184314
vn -1 5.55112e-17 0
vn 0 -0 -1
vn 1 -5.55112e-17 0
vn -5.55112e-17 -1 -0
vn 0 0 1
vn 5.55112e-17 1 0
vt -0.006 -0.0002
vt -0.005 -0.0002
vt -0.005 -0.0022
vt -0.006 -0.0022
vt 0.0005 -0.0083998
vt 0.0005 -0.0084
vt -0.0005 -0.0084
vt -0.0005 -0.0083998
vt -0.006 -0.0022
vt -0.005 -0.0022
vt -0.005 -0.0002
vt -0.006 -0.0002
vt -0.001 -0.0084
vt -0.001 -0.0083998
vt 0.001 -0.0083998
vt 0.001 -0.0084
vt -0.0005 -0.0083998
vt 0.0005 -0.0083998
vt 0.0005 -0.0084
vt -0.0005 -0.0084
vt 0.001 -0.0084
vt 0.001 -0.0083998
vt -0.001 -0.0083998
vt -0.001 -0.0084
f 201/601/151 202/602/151 203/603/151
f 203/603/151 204/604/151 201/601/151
f 203/605/152 205/606/152 206/607/152
f 206/607/152 204/608/152 203/605/152
f 206/609/153 205/610/153 207/611/153
f 207/611/153 208/612/153 206/609/153
f 208/613/154 201/614/154 204/615/154
f 204/615/154 206/616/154 208/613/154
f 202/617/155 201/618/155 208/619/155
f 208/619/155 207/620/155 202/617/155
f 205/621/156 203/622/156 202/623/156
f 202/623/156 207/624/156 205/621/156
g ___05_(2)_(4)
v 0.00363694 -0.000700013 0.0040205 0.333333 0.239216 0.184314
v 0.00450296 -0.000200013 0.0040205 0.333333 0.239216 0.184314
v 0.00450296 -0.000200013 0.0020205 0.333333 0.239216 0.184314
v 0.00363694 -0.000700013 0.0020205 0.333333 0.239216 0.184314
v 0.00450306 -0.000200187 0.0020205 0.333333 0.239216 0.184314
v 0.00363704 -0.000700187 0.0020205 0.333333 0.239216 0.184314
v 0.00450306 -0.000200187 0.0040205 0.333333 0.239216 0.184314
v 0.00363704 -0.000700187 0.0040205 0.333333 0.239216 0.184314
vn -0.5 0.866025 -0
vn -0 -0 -1
vn 0.5 -0.866025 0
vn -0.866025 -0.5 -0
vn -0 0 1
vn 0.866025 0.5 0
vt -0.006 -0.0002
vt -0.005 -0.0002
vt -0.005 -0.0022
vt -0.006 -0.0022
vt 0.0005 -0.0083998
vt 0.0005 -0.0084
vt -0.0005 -0.0084
vt -0.0005 -0.0083998
vt -0.006 -0.0022
vt -0.005 -0.0022
vt -0.005 -0.0002
vt -0.006 -0.0002
vt -0.001 -0.0084
vt -0.001 -0.0083998
vt 0.001 -0.0083998
vt 0.001 -0.0084
vt -0.0005 -0.0083998
vt 0.0005 -0.0083998
vt 0.0005 -0.0084
vt -0.0005 -0.0084
vt 0.001 -0.0084
vt 0.001 -0.0083998
vt -0.001 -0.0083998
vt -0.001 -0.0084
f 209/625/157 210/626/157 211/627/157
f 211/627/157 212/628/157 209/625/157
f 211/629/158 213/630/158 214/631/158
f 214/631/158 212/632/158 211/629/158
f 214/633/159 213/634/159 215/635/159
f 215/635/159 216/636/159 214/633/159
f 216/637/160 209/638/160 212/639/160
f 212/639/160 214/640/160 216/637/160
f 210/641/161 209/642/161 216/643/161
f 216/643/161 215/644/161 210/641/161
f 213/645/162 211/646/162 210/647/162
f 210/647/162 215/648/162 213/645/162
g ___05_(6)
v -0.0073001 0.00159985 0.0060105 1 1 1
v -0.0073001 0.00259985 0.0060105 1 1 1
v -0.0073001 0.00259985 0.0080105 1 1 1
v -0.0073001 0.00159985 0.0080105 1 1 1
v -0.0073003 0.00259985 0.0080105 1 1 1
v -0.0073003 0.00159985 0.0080105 1 1 1
v -0.0073003 0.00259985 0.0060105 1 1 1
v -0.0073003 0.00159985 0.0060105 1 1 1
vn 1 5.55112e-17 1.22465e-16
vn -1.22465e-16 -0 1
vn -1 -5.55112e-17 -1.22465e-16
vn 5.55112e-17 -1 6.16298e-33
vn 1.22465e-16 0 -1
vn -5.55112e-17 1 -6.16298e-33
vt -0.006 -0.0002
vt -0.005 -0.0002
vt -0.005 -0.0022
vt -0.006 -0.0022
vt 0.0005 -0.0083998
vt 0.0005 -0.0084
vt -0.0005 -0.0084
vt -0.0005 -0.0083998
vt -0.006 -0.0022
vt -0.005 -0.0022
vt -0.005 -0.0002
vt -0.006 -0.0002
vt -0.001 -0.0084
vt -0.001 -0.0083998
vt 0.001 -0.0083998
vt 0.001 -0.0084
vt -0.0005 -0.0083998
vt 0.0005 -0.0083998
vt 0.0005 -0.0084
vt -0.0005 -0.0084
vt 0.001 -0.0084
vt 0.001 -0.0083998
vt -0.001 -0.0083998
vt -0.001 -0.0084
f 217/649/163 218/650/163 219/651/163
f 219/651/163 220/652/163 217/649/163
f 219/653/164 221/654/164 222/655/164
f 222/655/164 220/656/164 219/653/164
f 222/657/165 221/658/165 223/659/165
f 223/659/165 224/660/165 222/657/165
f 224/661/166 217/662/166 220/663/166
f 220/663/166 222/664/166 224/661/166
f 218/665/167 217/666/167 224/667/167
f 224/667/167 223/668/167 218/665/167
f 221/669/168 219/670/168 218/671/168
f 218/671/168 223/672/168 221/669/168
g ___06_(2)_(3)
v -0.0055 0.00749981 0.0020205 0.627451 0.627451 0.643137
v -0.0055 0.00749981 0.0040205 0.627451 0.627451 0.643137
v -0.0075 0.00749981 0.0040205 0.627451 0.627451 0.643137
v -0.0075 0.00749981 0.0020205 0.627451 0.627451 0.643137
v -0.0075 0.00749991 0.0020205 0.627451 0.627451 0.643137
v -0.0075 0.00749991 0.0040205 0.627451 0.627451 0.643137
v -0.0055 0.00749991 0.0040205 0.627451 0.627451 0.643137
v -0.0055 0.00749991 0.0020205 0.627451 0.627451 0.643137
vn 0 -1 1.22465e-16
vn -1 0 0
vn 0 1 -1.22465e-16
vn 0 -1.22465e-16 -1
vn 1 0 0
vn 0 1.22465e-16 1
vt -0.0053 -0.00015
vt -0.0053 -0.00215
vt -0.0073 -0.00215
vt -0.0073 -0.00015
vt -0.001 0
vt -0.001 1e-07
vt 0.001 1e-07
vt 0.001 0
vt -0.0073 -0.00015
vt -0.0073 -0.00215
vt -0.0053 -0.00215
vt -0.0053 -0.00015
vt 0.001 0
vt 0.001 1e-07
vt -0.001 1e-07
vt -0.001 0
vt -0.001 0
vt -0.001 1e-07
vt 0.001 1e-07
vt 0.001 0
vt -0.001 0
vt -0.001 1e-07
vt 0.001 1e-07
vt 0.001 0
f 225/673/169 226/674/169 227/675/169
f 227/675/169 228/676/169 225/673/169
f 229/677/170 228/678/170 227/679/170
f 227/679/170 230/680/170 229/677/170
f 229/681/171 230/682/171 231/683/171
f 231/683/171 232/684/171 229/681/171
f 232/685/172 225/686/172 228/687/172
f 228/687/172 229/688/172 232/685/172
f 231/689/173 226/690/173 225/691/173
f 225/691/173 232/692/173 231/689/173
f 230/693/174 227/694/174 226/695/174
f 226/695/174 231/696/174 230/693/174
g ___06_(7)
v 0.0085 0.00749981 0.0040205 0.627451 0.627451 0.643137
v 0.0085 0.00749981 0.0060205 0.627451 0.627451 0.643137
v 0.0065 0.00749981 0.0060205 0.627451 0.627451 0.643137
v 0.0065 0.00749981 0.0040205 0.627451 0.627451 0.643137
v 0.0065 0.00749991 0.0040205 0.627451 0.627451 0.643137
v 0.0065 0.00749991 0.0060205 0.627451 0.627451 0.643137
v 0.0085 0.00749991 0.0060205 0.627451 0.627451 0.643137
v 0.0085 0.00749991 0.0040205 0.627451 0.627451 0.643137
vn 0 -1 1.22465e-16
vn -1 0 0
vn 0 1 -1.22465e-16
vn 0 -1.22465e-16 -1
vn 1 0 0
vn 0 1.22465e-16 1
vt -0.0053 -0.00015
vt -0.0053 -0.00215
vt -0.0073 -0.00215
vt -0.0073 -0.00015
vt -0.001 0
vt -0.001 1e-07
vt 0.001 1e-07
vt 0.001 0
vt -0.0073 -0.00015
vt -0.0073 -0.00215
vt -0.0053 -0.00215
vt -0.0053 -0.00015
vt 0.001 0
vt 0.001 1e-07
vt -0.001 1e-07
vt -0.001 0
vt -0.001 0
vt -0.001 1e-07
vt 0.001 1e-07
vt 0.001 0
vt -0.001 0
vt -0.001 1e-07
vt 0.001 1e-07
vt 0.001 0
f 233/697/175 234/698/175 235/699/175
f 235/699/175 236/700/175 233/697/175
f 237/701/176 236/702/176 235/703/176
f 235/703/176 238/704/176 237/701/176
f 237/705/177 238/706/177 239/707/177
f 239/707/177 240/708/177 237/705/177
f 240/709/178 233/710/178 236/711/178
f 236/711/178 237/712/178 240/709/178
f 239/713/179 234/714/179 233/715/179
f 233/715/179 240/716/179 239/713/179
f 238/717/180 235/718/180 234/719/180
f 234/719/180 239/720/180 238/717/180
g ___05_(3)_(3)
v -0.004076 -0.0002001 0.0080205 0.333333 0.239216 0.184314
v -0.003076 -0.0002001 0.0080205 0.333333 0.239216 0.184314
v -0.003076 -0.0002001 0.0060205 0.333333 0.239216 0.184314
v -0.004076 -0.0002001 0.0060205 0.333333 0.239216 0.184314
v -0.003076 -0.0002003 0.0060205 0.333333 0.239216 0.184314
v -0.004076 -0.0002003 0.0060205 0.333333 0.239216 0.184314
v -0.003076 -0.0002003 0.0080205 0.333333 0.239216 0.184314
v -0.004076 -0.0002003 0.0080205 0.333333 0.239216 0.184314
vn 0 1 0
vn -0 0 -1
vn 0 -1 0
vn -1 0 -0
vn 0 0 1
vn 1 0 0
vt -0.006 -0.0002
vt -0.005 -0.0002
vt -0.005 -0.0022
vt -0.006 -0.0022
vt 0.0005 -0.0083998
vt 0.0005 -0.0084
vt -0.0005 -0.0084
vt -0.0005 -0.0083998
vt -0.006 -0.0022
vt -0.005 -0.0022
vt -0.005 -0.0002
vt -0.006 -0.0002
vt -0.001 -0.0084
vt -0.001 -0.0083998
vt 0.001 -0.0083998
vt 0.001 -0.0084
vt -0.0005 -0.0083998
vt 0.0005 -0.0083998
vt 0.0005 -0.0084
vt -0.0005 -0.0084
vt 0.001 -0.0084
vt 0.001 -0.0083998
vt -0.001 -0.0083998
vt -0.001 -0.0084
f 241/721/181 242/722/181 243/723/181
f 243/723/181 244/724/181 241/721/181
f 243/725/182 245/726/182 246/727/182
f 246/727/182 244/728/182 243/725/182
f 246/729/183 245/730/183 247/731/183
f 247/731/183 248/732/183 246/729/183
f 248/733/184 241/734/184 244/735/184
f 244/735/184 246/736/184 248/733/184
f 242/737/185 241/738/185 248/739/185
f 248/739/185 247/740/185 242/737/185
f 245/741/186 243/742/186 242/743/186
f 242/743/186 247/744/186 245/741/186
g ___05_(4)_(3)
v -0.002076 -0.0002001 0.0080205 0.333333 0.239216 0.184314
v -0.001076 -0.0002001 0.0080205 0.333333 0.239216 0.184314
v -0.001076 -0.0002001 0.0060205 0.333333 0.239216 0.184314
v -0.002076 -0.0002001 0.0060205 0.333333 0.239216 0.184314
v -0.001076 -0.0002003 0.0060205 0.333333 0.239216 0.184314
v -0.002076 -0.0002003 0.0060205 0.333333 0.239216 0.184314
v -0.001076 -0.0002003 0.0080205 0.333333 0.239216 0.184314
v -0.002076 -0.0002003 0.0080205 0.333333 0.239216 0.184314
vn 0 1 0
vn -0 0 -1
vn 0 -1 0
vn -1 0 -0
vn 0 0 1
vn 1 0 0
vt -0.006 -0.0002
vt -0.005 -0.0002
vt -0.005 -0.0022
vt -0.006 -0.0022
vt 0.0005 -0.0083998
vt 0.0005 -0.0084
vt -0.0005 -0.0084
vt -0.0005 -0.0083998
vt -0.006 -0.0022
vt -0.005 -0.0022
vt -0.005 -0.0002
vt -0.006 -0.0002
vt -0.001 -0.0084
vt -0.001 -0.0083998
vt 0.001 -0.0083998
vt 0.001 -0.0084
vt -0.0005 -0.0083998
vt 0.0005 -0.0083998
vt 0.0005 -0.0084
vt -0.0005 -0.0084
vt 0.001 -0.0084
vt 0.001 -0.0083998
vt -0.001 -0.0083998
vt -0.001 -0.0084
f 249/745/187 250/746/187 251/747/187
f 251/747/187 252/748/187 249/745/187
f 251/749/188 253/750/188 254/751/188
f 254/751/188 252/752/188 251/749/188
f 254/753/189 253/754/189 255/755/189
f 255/755/189 256/756/189 254/753/189
f 256/757/190 249/758/190 252/759/190
f 252/759/190 254/760/190 256/757/190
f 250/761/191 249/762/191 256/763/191
f 256/763/191 255/764/191 250/761/191
f 253/765/192 251/766/192 250/767/192
f 250/767/192 255/768/192 253/765/192
g ___05_(1)_(3)
v -0.0045 -0.0002001 0.0060205 0.333333 0.239216 0.184314
v -0.0035 -0.0002001 0.0060205 0.333333 0.239216 0.184314
v -0.0035 -0.0002001 0.0040205 0.333333 0.239216 0.184314
v -0.0045 -0.0002001 0.0040205 0.333333 0.239216 0.184314
v -0.0035 -0.0002003 0.0040205 0.333333 0.239216 0.184314
v -0.0045 -0.0002003 0.0040205 0.333333 0.239216 0.184314
v -0.0035 -0.0002003 0.0060205 0.333333 0.239216 0.184314
v -0.0045 -0.0002003 0.0060205 0.333333 0.239216 0.184314
vn 0 1 0
vn -0 0 -1
vn 0 -1 0
vn -1 0 -0
vn 0 0 1
vn 1 0 0
vt -0.006 -0.0002
vt -0.005 -0.0002
vt -0.005 -0.0022
vt -0.006 -0.0022
vt 0.0005 -0.0083998
vt 0.0005 -0.0084
vt -0.0005 -0.0084
vt -0.0005 -0.0083998
vt -0.006 -0.0022
vt -0.005 -0.0022
vt -0.005 -0.0002
vt -0.006 -0.0002
vt -0.001 -0.0084
vt -0.001 -0.0083998
vt 0.001 -0.0083998
vt 0.001 -0.0084
vt -0.0005 -0.0083998
vt 0.0005 -0.0083998
vt 0.0005 -0.0084
vt -0.0005 -0.0084
vt 0.001 -0.0084
vt 0.001 -0.0083998
vt -0.001 -0.0083998
vt -0.001 -0.0084
f 257/769/193 258/770/193 259/771/193
f 259/771/193 260/772/193 257/769/193
f 259/773/194 261/774/194 262/775/194
f 262/775/194 260/776/194 259/773/194
f 262/777/195 261/778/195 263/779/195
f 263/779/195 264/780/195 262/777/195
f 264/781/196 257/782/196 260/783/196
f 260/783/196 262/784/196 264/781/196
f 258/785/197 257/786/197 264/787/197
f 264/787/197 263/788/197 258/785/197
f 261/789/198 259/790/198 258/791/198
f 258/791/198 263/792/198 261/789/198
g ___05_(4)_(4)
v 0.0035 -0.0002001 0.0060205 0.333333 0.239216 0.184314
v 0.0045 -0.0002001 0.0060205 0.333333 0.239216 0.184314
v 0.0045 -0.0002001 0.0040205 0.333333 0.239216 0.184314
v 0.0035 -0.0002001 0.0040205 0.333333 0.239216 0.184314
v 0.0045 -0.0002003 0.0040205 0.333333 0.239216 0.184314
v 0.0035 -0.0002003 0.0040205 0.333333 0.239216 0.184314
v 0.0045 -0.0002003 0.0060205 0.333333 0.239216 0.184314
v 0.0035 -0.0002003 0.0060205 0.333333 0.239216 0.184314
vn 0 1 0
vn -0 0 -1
vn 0 -1 0
vn -1 0 -0
vn 0 0 1
vn 1 0 0
vt -0.006 -0.0002
vt -0.005 -0.0002
vt -0.005 -0.0022
vt -0.006 -0.0022
vt 0.0005 -0.0083998
vt 0.0005 -0.0084
vt -0.0005 -0.0084
vt -0.0005 -0.0083998
vt -0.006 -0.0022
vt -0.005 -0.0022
vt -0.005 -0.0002
vt -0.006 -0.0002
vt -0.001 -0.0084
vt -0.001 -0.0083998
vt 0.001 -0.0083998
vt 0.001 -0.0084
vt -0.0005 -0.0083998
vt 0.0005 -0.0083998
vt 0.0005 -0.0084
vt -0.0005 -0.0084
vt 0.001 -0.0084
vt 0.001 -0.0083998
vt -0.001 -0.0083998
vt -0.001 -0.0084
f 265/793/199 266/794/199 267/795/199
f 267/795/199 268/796/199 265/793/199
f 267/797/200 269/798/200 270/799/200
f 270/799/200 268/800/200 267/797/200
f 270/801/201 269/802/201 271/803/201
f 271/803/201 272/804/201 270/801/201
f 272/805/202 265/806/202 268/807/202
f 268/807/202 270/808/202 272/805/202
f 266/809/203 265/810/203 272/811/203
f 272/811/203 271/812/203 266/809/203
f 269/813/204 267/814/204 266/815/204
f 266/815/204 271/816/204 269/813/204
g ___05_(5)_(3)
v -0.002076 0.0075002 0.0060205 0.627451 0.627451 0.643137
v -0.001076 0.0075002 0.0060205 0.627451 0.627451 0.643137
v -0.001076 0.0075002 0.0080205 0.627451 0.627451 0.643137
v -0.002076 0.0075002 0.0080205 0.627451 0.627451 0.643137
v -0.001076 0.0075004 0.0080205 0.627451 0.627451 0.643137
v -0.002076 0.0075004 0.0080205 0.627451 0.627451 0.643137
v -0.001076 0.0075004 0.0060205 0.627451 0.627451 0.643137
v -0.002076 0.0075004 0.0060205 0.627451 0.627451 0.643137
vn 0 -1 1.22465e-16
vn -0 1.22465e-16 1
vn 0 1 -1.22465e-16
vn -1 0 0
vn 0 -1.22465e-16 -1
vn 1 0 0
vt -0.006 -0.0002
vt -0.005 -0.0002
vt -0.005 -0.0022
vt -0.006 -0.0022
vt 0.0005 -0.0083998
vt 0.0005 -0.0084
vt -0.0005 -0.0084
vt -0.0005 -0.0083998
vt -0.006 -0.0022
vt -0.005 -0.0022
vt -0.005 -0.0002
vt -0.006 -0.0002
vt -0.001 -0.0084
vt -0.001 -0.0083998
vt 0.001 -0.0083998
vt 0.001 -0.0084
vt -0.0005 -0.0083998
vt 0.0005 -0.0083998
vt 0.0005 -0.0084
vt -0.0005 -0.0084
vt 0.001 -0.0084
vt 0.001 -0.0083998
vt -0.001 -0.0083998
vt -0.001 -0.0084
f 273/817/205 274/818/205 275/819/205
f 275/819/205 276/820/205 273/817/205
f 275/821/206 277/822/206 278/823/206
f 278/823/206 276/824/206 275/821/206
f 278/825/207 277/826/207 279/827/207
f 279/827/207 280/828/207 278/825/207
f 280/829/208 273/830/208 276/831/208
f 276/831/208 278/832/208 280/829/208
f 274/833/209 273/834/209 280/835/209
f 280/835/209 279/836/209 274/833/209
f 277/837/210 275/838/210 274/839/210
f 274/839/210 279/840/210 277/837/210
g ___118
v -0.000764 0.0075 0.0060205 0.627451 0.627451 0.643137
v -0.000764 -0.0002 0.0060205 0.627451 0.627451 0.643137
v -0.00729979 -0.0002 0.0060205 0.627451 0.627451 0.643137
v -0.00729979 0.0075 0.0060205 0.627451 0.627451 0.643137
v -0.00729979 0.0075 0.0080205 0.627451 0.627451 0.643137
v -0.00729979 -0.0002 0.0080205 0.627451 0.627451 0.643137
v -0.000764 0.0075 0.0080205 0.627451 0.627451 0.643137
v -0.000764 -0.0002 0.0080205 0.627451 0.627451 0.643137
vn -0 -0 -1
vn -1 -0 0
vn 0 0 1
vn -0 1 -0
vn 1 -0 -0
vn 0 -1 0
vt -0.0085 0.0075
vt -0.0085 -0.0002
vt -0.0150358 -0.0002
vt -0.0150358 0.0075
vt 0 0.00385
vt 0.002 0.00385
vt 0.002 -0.00385
vt -0 -0.00385
vt -0.0085 0.0075
vt -0.0150358 0.0075
vt -0.0150358 -0.0002
vt -0.0085 -0.0002
vt 0 0.00326789
vt 0.002 0.00326789
vt 0.002 -0.00326789
vt -0 -0.00326789
vt 0 -0.00385
vt -0.002 -0.00385
vt -0.002 0.00385
vt 0 0.00385
vt -0 -0.00326789
vt 0.002 -0.00326789
vt 0.002 0.00326789
vt 0 0.00326789
f 281/841/211 282/842/211 283/843/211
f 283/843/211 284/844/211 281/841/211
f 285/845/212 284/846/212 283/847/212
f 283/847/212 286/848/212 285/845/212
f 287/849/213 285/850/213 286/851/213
f 286/851/213 288/852/213 287/849/213
f 287/853/214 281/854/214 284/855/214
f 284/855/214 285/856/214 287/853/214
f 288/857/215 282/858/215 281/859/215
f 281/859/215 287/860/215 288/857/215
f 286/861/216 283/862/216 282/863/216
f 282/863/216 288/864/216 286/861/216
g ___05_(3)_(4)
v -0.0045 0.00749991 2e-05 0.333333 0.239216 0.184314
v -0.0035 0.00749991 2e-05 0.333333 0.239216 0.184314
v -0.0035 0.00749991 0.00202 0.333333 0.239216 0.184314
v -0.0045 0.00749991 0.00202 0.333333 0.239216 0.184314
v -0.0035 0.00750011 0.00202 0.333333 0.239216 0.184314
v -0.0045 0.00750011 0.00202 0.333333 0.239216 0.184314
v -0.0035 0.00750011 2e-05 0.333333 0.239216 0.184314
v -0.0045 0.00750011 2e-05 0.333333 0.239216 0.184314
vn 0 -1 1.22465e-16
vn -0 1.22465e-16 1
vn 0 1 -1.22465e-16
vn -1 0 0
vn 0 -1.22465e-16 -1
vn 1 0 0
vt -0.006 -0.0002
vt -0.005 -0.0002
vt -0.005 -0.0022
vt -0.006 -0.0022
vt 0.0005 -0.0083998
vt 0.0005 -0.0084
vt -0.0005 -0.0084
vt -0.0005 -0.0083998
vt -0.006 -0.0022
vt -0.005 -0.0022
vt -0.005 -0.0002
vt -0.006 -0.0002
vt -0.001 -0.0084
vt -0.001 -0.0083998
vt 0.001 -0.0083998
vt 0.001 -0.0084
vt -0.0005 -0.0083998
vt 0.0005 -0.0083998
vt 0.0005 -0.0084
vt -0.0005 -0.0084
vt 0.001 -0.0084
vt 0.001 -0.0083998
vt -0.001 -0.0083998
vt -0.001 -0.0084
f 289/865/217 290/866/217 291/867/217
f 291/867/217 292/868/217 289/865/217
f 291/869/218 293/870/218 294/871/218
f 294/871/218 292/872/218 291/869/218
f 294/873/219 293/874/219 295/875/219
f 295/875/219 296/876/219 294/873/219
f 296/877/220 289/878/220 292/879/220
f 292/879/220 294/880/220 296/877/220
f 290/881/221 289/882/221 296/883/221
f 296/883/221 295/884/221 290/881/221
f 293/885/222 291/886/222 290/887/222
f 290/887/222 295/888/222 293/885/222
g ___06_(1)
v -0.0035 -0.0002 0.0060205 1 1 1
v -0.0035 -0.0002 0.0040205 1 1 1
v -0.0055 -0.0002 0.0040205 1 1 1
v -0.0055 -0.0002 0.0060205 1 1 1
v -0.0055 -0.0002001 0.0060205 1 1 1
v -0.0055 -0.0002001 0.0040205 1 1 1
v -0.0035 -0.0002001 0.0040205 1 1 1
v -0.0035 -0.0002001 0.0060205 1 1 1
vn -0 1 -0
vn -1 -0 -0
vn 0 -1 0
vn -0 0 1
vn 1 -0 -0
vn 0 -0 -1
vt -0.0053 -0.00015
vt -0.0053 -0.00215
vt -0.0073 -0.00215
vt -0.0073 -0.00015
vt -0.001 0
vt -0.001 1e-07
vt 0.001 1e-07
vt 0.001 0
vt -0.0073 -0.00015
vt -0.0073 -0.00215
vt -0.0053 -0.00215
vt -0.0053 -0.00015
vt 0.001 0
vt 0.001 1e-07
vt -0.001 1e-07
vt -0.001 0
vt -0.001 0
vt -0.001 1e-07
vt 0.001 1e-07
vt 0.001 0
vt -0.001 0
vt -0.001 1e-07
vt 0.001 1e-07
vt 0.001 0
f 297/889/223 298/890/223 299/891/223
f 299/891/223 300/892/223 297/889/223
f 301/893/224 300/894/224 299/895/224
f 299/895/224 302/896/224 301/893/224
f 301/897/225 302/898/225 303/899/225
f 303/899/225 304/900/225 301/897/225
f 304/901/226 297/902/226 300/903/226
f 300/903/226 301/904/226 304/901/226
f 303/905/227 298/906/227 297/907/227
f 297/907/227 304/908/227 303/905/227
f 302/909/228 299/910/228 298/911/228
f 298/911/228 303/912/228 302/909/228
g ___05_(3)_(5)
v -0.0065 0.00749991 0.0040205 0.333333 0.239216 0.184314
v -0.0055 0.00749991 0.0040205 0.333333 0.239216 0.184314
v -0.0055 0.00749991 0.0060205 0.333333 0.239216 0.184314
v -0.0065 0.00749991 0.0060205 0.333333 0.239216 0.184314
v -0.0055 0.00750011 0.0060205 0.333333 0.239216 0.184314
v -0.0065 0.00750011 0.0060205 0.333333 0.239216 0.184314
v -0.0055 0.00750011 0.0040205 0.333333 0.239216 0.184314
v -0.0065 0.00750011 0.0040205 0.333333 0.239216 0.184314
vn 0 -1 1.22465e-16
vn -0 1.22465e-16 1
vn 0 1 -1.22465e-16
vn -1 0 0
vn 0 -1.22465e-16 -1
vn 1 0 0
vt -0.006 -0.0002
vt -0.005 -0.0002
vt -0.005 -0.0022
vt -0.006 -0.0022
vt 0.0005 -0.0083998
vt 0.0005 -0.0084
vt -0.0005 -0.0084
vt -0.0005 -0.0083998
vt -0.006 -0.0022
vt -0.005 -0.0022
vt -0.005 -0.0002
vt -0.006 -0.0002
vt -0.001 -0.0084
vt -0.001 -0.0083998
vt 0.001 -0.0083998
vt 0.001 -0.0084
vt -0.0005 -0.0083998
vt 0.0005 -0.0083998
vt 0.0005 -0.0084
vt -0.0005 -0.0084
vt 0.001 -0.0084
vt 0.001 -0.0083998
vt -0.001 -0.0083998
vt -0.001 -0.0084
f 305/913/229 306/914/229 307/915/229
f 307/915/229 308/916/229 305/913/229
f 307/917/230 309/918/230 310/919/230
f 310/919/230 308/920/230 307/917/230
f 310/921/231 309/922/231 311/923/231
f 311/923/231 312/924/231 310/921/231
f 312/925/232 305/926/232 308/927/232
f 308/927/232 310/928/232 312/925/232
f 306/929/233 305/930/233 312/931/233
f 312/931/233 311/932/233 306/929/233
f 309/933/234 307/934/234 306/935/234
f 306/935/234 311/936/234 309/933/234
g ___05_(5)_(4)
v -0.000763901 0.00359985 0.0080105 0.333333 0.239216 0.184314
v -0.000763901 0.00459985 0.0080105 0.333333 0.239216 0.184314
v -0.000763901 0.00459985 0.0060105 0.333333 0.239216 0.184314
v -0.000763901 0.00359985 0.0060105 0.333333 0.239216 0.184314
v -0.000763701 0.00459985 0.0060105 0.333333 0.239216 0.184314
v -0.000763701 0.00359985 0.0060105 0.333333 0.239216 0.184314
v -0.000763701 0.00459985 0.0080105 0.333333 0.239216 0.184314
v -0.000763701 0.00359985 0.0080105 0.333333 0.239216 0.184314
vn -1 5.55112e-17 0
vn 0 -0 -1
vn 1 -5.55112e-17 0
vn -5.55112e-17 -1 -0
vn 0 0 1
vn 5.55112e-17 1 0
vt -0.006 -0.0002
vt -0.005 -0.0002
vt -0.005 -0.0022
vt -0.006 -0.0022
vt 0.0005 -0.0083998
vt 0.0005 -0.0084
vt -0.0005 -0.0084
vt -0.0005 -0.0083998
vt -0.006 -0.0022
vt -0.005 -0.0022
vt -0.005 -0.0002
vt -0.006 -0.0002
vt -0.001 -0.0084
vt -0.001 -0.0083998
vt 0.001 -0.0083998
vt 0.001 -0.0084
vt -0.0005 -0.0083998
vt 0.0005 -0.0083998
vt 0.0005 -0.0084
vt -0.0005 -0.0084
vt 0.001 -0.0084
vt 0.001 -0.0083998
vt -0.001 -0.0083998
vt -0.001 -0.0084
f 313/937/235 314/938/235 315/939/235
f 315/939/235 316/940/235 313/937/235
f 315/941/236 317/942/236 318/943/236
f 318/943/236 316/944/236 315/941/236
f 318/945/237 317/946/237 319/947/237
f 319/947/237 320/948/237 318/945/237
f 320/949/238 313/950/238 316/951/238
f 316/951/238 318/952/238 320/949/238
f 314/953/239 313/954/239 320/955/239
f 320/955/239 319/956/239 314/953/239
f 317/957/240 315/958/240 314/959/240
f 314/959/240 319/960/240 317/957/240
g ___06_(3)_(2)
v -0.0015 -0.0002 0.0040205 1 1 1
v -0.0015 -0.0002 0.0020205 1 1 1
v -0.0035 -0.0002 0.0020205 1 1 1
v -0.0035 -0.0002 0.0040205 1 1 1
v -0.0035 -0.0002001 0.0040205 1 1 1
v -0.0035 -0.0002001 0.0020205 1 1 1
v -0.0015 -0.0002001 0.0020205 1 1 1
v -0.0015 -0.0002001 0.0040205 1 1 1
vn -0 1 -0
vn -1 -0 -0
vn 0 -1 0
vn -0 0 1
vn 1 -0 -0
vn 0 -0 -1
vt -0.0053 -0.00015
vt -0.0053 -0.00215
vt -0.0073 -0.00215
vt -0.0073 -0.00015
vt -0.001 0
vt -0.001 1e-07
vt 0.001 1e-07
vt 0.001 0
vt -0.0073 -0.00015
vt -0.0073 -0.00215
vt -0.0053 -0.00215
vt -0.0053 -0.00015
vt 0.001 0
vt 0.001 1e-07
vt -0.001 1e-07
vt -0.001 0
vt -0.001 0
vt -0.001 1e-07
vt 0.001 1e-07
vt 0.001 0
vt -0.001 0
vt -0.001 1e-07
vt 0.001 1e-07
vt 0.001 0
f 321/961/241 322/962/241 323/963/241
f 323/963/241 324/964/241 321/961/241
f 325/965/242 324/966/242 323/967/242
f 323/967/242 326/968/242 325/965/242
f 325/969/243 326/970/243 327/971/243
f 327/971/243 328/972/243 325/969/243
f 328/973/244 321/974/244 324/975/244
f 324/975/244 325/976/244 328/973/244
f 327/977/245 322/978/245 321/979/245
f 321/979/245 328/980/245 327/977/245
f 326/981/246 323/982/246 322/983/246
f 322/983/246 327/984/246 326/981/246
g ___05_(4)_(5)
v -0.0005 0.00749991 0.0040205 0.333333 0.239216 0.184314
v 0.0005 0.00749991 0.0040205 0.333333 0.239216 0.184314
v 0.0005 0.00749991 0.0060205 0.333333 0.239216 0.184314
v -0.0005 0.00749991 0.0060205 0.333333 0.239216 0.184314
v 0.0005 0.00750011 0.0060205 0.333333 0.239216 0.184314
v -0.0005 0.00750011 0.0060205 0.333333 0.239216 0.184314
v 0.0005 0.00750011 0.0040205 0.333333 0.239216 0.184314
v -0.0005 0.00750011 0.0040205 0.333333 0.239216 0.184314
vn 0 -1 1.22465e-16
vn -0 1.22465e-16 1
vn 0 1 -1.22465e-16
vn -1 0 0
vn 0 -1.22465e-16 -1
vn 1 0 0
vt -0.006 -0.0002
vt -0.005 -0.0002
vt -0.005 -0.0022
vt -0.006 -0.0022
vt 0.0005 -0.0083998
vt 0.0005 -0.0084
vt -0.0005 -0.0084
vt -0.0005 -0.0083998
vt -0.006 -0.0022
vt -0.005 -0.0022
vt -0.005 -0.0002
vt -0.006 -0.0002
vt -0.001 -0.0084
vt -0.001 -0.0083998
vt 0.001 -0.0083998
vt 0.001 -0.0084
vt -0.0005 -0.0083998
vt 0.0005 -0.0083998
vt 0.0005 -0.0084
vt -0.0005 -0.0084
vt 0.001 -0.0084
vt 0.001 -0.0083998
vt -0.001 -0.0083998
vt -0.001 -0.0084
f 329/985/247 330/986/247 331/987/247
f 331/987/247 332/988/247 329/985/247
f 331/989/248 333/990/248 334/991/248
f 334/991/248 332/992/248 331/989/248
f 334/993/249 333/994/249 335/995/249
f 335/995/249 336/996/249 334/993/249
f 336/997/250 329/998/250 332/999/250
f 332/999/250 334/1000/250 336/997/250
f 330/1001/251 329/1002/251 336/1003/251
f 336/1003/251 335/1004/251 330/1001/251
f 333/1005/252 331/1006/252 330/1007/252
f 330/1007/252 335/1008/252 333/1005/252
g ___05_(5)_(5)
v 0.0015 -0.0002001 0.0040205 0.333333 0.239216 0.184314
v 0.0025 -0.0002001 0.0040205 0.333333 0.239216 0.184314
v 0.0025 -0.0002001 0.0020205 0.333333 0.239216 0.184314
v 0.0015 -0.0002001 0.0020205 0.333333 0.239216 0.184314
v 0.0025 -0.0002003 0.0020205 0.333333 0.239216 0.184314
v 0.0015 -0.0002003 0.0020205 0.333333 0.239216 0.184314
v 0.0025 -0.0002003 0.0040205 0.333333 0.239216 0.184314
v 0.0015 -0.0002003 0.0040205 0.333333 0.239216 0.184314
vn 0 1 0
vn -0 0 -1
vn 0 -1 0
vn -1 0 -0
vn 0 0 1
vn 1 0 0
vt -0.006 -0.0002
vt -0.005 -0.0002
vt -0.005 -0.0022
vt -0.006 -0.0022
vt 0.0005 -0.0083998
vt 0.0005 -0.0084
vt -0.0005 -0.0084
vt -0.0005 -0.0083998
vt -0.006 -0.0022
vt -0.005 -0.0022
vt -0.005 -0.0002
vt -0.006 -0.0002
vt -0.001 -0.0084
vt -0.001 -0.0083998
vt 0.001 -0.0083998
vt 0.001 -0.0084
vt -0.0005 -0.0083998
vt 0.0005 -0.0083998
vt 0.0005 -0.0084
vt -0.0005 -0.0084
vt 0.001 -0.0084
vt 0.001 -0.0083998
vt -0.001 -0.0083998
vt -0.001 -0.0084
f 337/1009/253 338/1010/253 339/1011/253
f 339/1011/253 340/1012/253 337/1009/253
f 339/1013/254 341/1014/254 342/1015/254
f 342/1015/254 340/1016/254 339/1013/254
f 342/1017/255 341/1018/255 343/1019/255
f 343/1019/255 344/1020/255 342/1017/255
f 344/1021/256 337/1022/256 340/1023/256
f 340/1023/256 342/1024/256 344/1021/256
f 338/1025/257 337/1026/257 344/1027/257
f 344/1027/257 343/1028/257 338/1025/257
f 341/1029/258 339/1030/258 338/1031/258
f 338/1031/258 343/1032/258 341/1029/258
g ___05_(5)_(6)
v -0.0065 0.00749991 2e-05 0.333333 0.239216 0.184314
v -0.0055 0.00749991 2e-05 0.333333 0.239216 0.184314
v -0.0055 0.00749991 0.00202 0.333333 0.239216 0.184314
v -0.0065 0.00749991 0.00202 0.333333 0.239216 0.184314
v -0.0055 0.00750011 0.00202 0.333333 0.239216 0.184314
v -0.0065 0.00750011 0.00202 0.333333 0.239216 0.184314
v -0.0055 0.00750011 2e-05 0.333333 0.239216 0.184314
v -0.0065 0.00750011 2e-05 0.333333 0.239216 0.184314
vn 0 -1 1.22465e-16
vn -0 1.22465e-16 1
vn 0 1 -1.22465e-16
vn -1 0 0
vn 0 -1.22465e-16 -1
vn 1 0 0
vt -0.006 -0.0002
vt -0.005 -0.0002
vt -0.005 -0.0022
vt -0.006 -0.0022
vt 0.0005 -0.0083998
vt 0.0005 -0.0084
vt -0.0005 -0.0084
vt -0.0005 -0.0083998
vt -0.006 -0.0022
vt -0.005 -0.0022
vt -0.005 -0.0002
vt -0.006 -0.0002
vt -0.001 -0.0084
vt -0.001 -0.0083998
vt 0.001 -0.0083998
vt 0.001 -0.0084
vt -0.0005 -0.0083998
vt 0.0005 -0.0083998
vt 0.0005 -0.0084
vt -0.0005 -0.0084
vt 0.001 -0.0084
vt 0.001 -0.0083998
vt -0.001 -0.0083998
vt -0.001 -0.0084
f 345/1033/259 346/1034/259 347/1035/259
f 347/1035/259 348/1036/259 345/1033/259
f 347/1037/260 349/1038/260 350/1039/260
f 350/1039/260 348/1040/260 347/1037/260
f 350/1041/261 349/1042/261 351/1043/261
f 351/1043/261 352/1044/261 350/1041/261
f 352/1045/262 345/1046/262 348/1047/262
f 348/1047/262 350/1048/262 352/1045/262
f 346/1049/263 345/1050/263 352/1051/263
f 352/1051/263 351/1052/263 346/1049/263
f 349/1053/264 347/1054/264 346/1055/264
f 346/1055/264 351/1056/264 349/1053/264
g ___85
v -0.002 0 0.00202 0.627451 0.627451 0.643137
v -0.002 0 2e-05 0.627451 0.627451 0.643137
v -0.00179902 0 2e-05 0.627451 0.627451 0.643137
v -0.00179902 0 0.00202 0.627451 0.627451 0.643137
v -0.002 0.004 0.00202 0.627451 0.627451 0.643137
v -0.002 0.004 2e-05 0.627451 0.627451 0.643137
v -0.0073 0.004 0.00202 0.627451 0.627451 0.643137
v -0.0073 0.004 2e-05 0.627451 0.627451 0.643137
v -0.0073 0.0042 2e-05 0.627451 0.627451 0.643137
v -0.00179902 0.0042 2e-05 0.627451 0.627451 0.643137
v -0.00179902 0.0042 0.00202 0.627451 0.627451 0.643137
v -0.0073 0.0042 0.00202 0.627451 0.627451 0.643137
vn -0 -1 -0
vn -1 -0 0
vn -0 -0 -1
vn 0 0 1
vn -1 -0 0
vn 0 1 0
vn 1 -6.19544e-16 0
vt 0 -0.000100488
vt -0.002 -0.000100488
vt -0.002 0.000100488
vt 0 0.000100488
vt 0 0.002
vt 0.002 0.002
vt 0.002 -0.002
vt -0 -0.002
vt 0 -0.00265
vt -0.002 -0.00265
vt -0.002 0.00265
vt 0 0.00265
vt -0.0073 -0.0158
vt -0.00179902 -0.0158
vt -0.002 -0.016
vt -0.00179902 -0.02
vt -0.002 -0.02
vt -0.0073 -0.016
vt -0.00179902 -0.02
vt -0.00179902 -0.0158
vt -0.002 -0.016
vt -0.0073 -0.0158
vt -0.0073 -0.016
vt -0.002 -0.02
vt 0 0.0001
vt 0.002 0.0001
vt 0.002 -0.0001
vt -0 -0.0001
vt 0 0.00275049
vt -0.002 0.00275049
vt -0.002 -0.00275049
vt 0 -0.00275049
vt -0.0021 0
vt -0.0021 -0.002
vt 0.0021 -0.002
vt 0.0021 0
f 353/1057/265 354/1058/265 355/1059/265
f 355/1059/265 356/1060/265 353/1057/265
f 357/1061/266 358/1062/266 354/1063/266
f 354/1063/266 353/1064/266 357/1061/266
f 359/1065/265 360/1066/265 358/1067/265
f 358/1067/265 357/1068/265 359/1065/265
f 361/1069/267 362/1070/267 358/1071/267
f 355/1072/267 354/1073/267 358/1071/267
f 358/1071/267 362/1070/267 355/1072/267
f 358/1071/267 360/1074/267 361/1069/267
f 356/1075/268 363/1076/268 357/1077/268
f 364/1078/268 359/1079/268 357/1077/268
f 357/1077/268 363/1076/268 364/1078/268
f 357/1077/268 353/1080/268 356/1075/268
f 364/1081/269 361/1082/269 360/1083/269
f 360/1083/269 359/1084/269 364/1081/269
f 363/1085/270 362/1086/270 361/1087/270
f 361/1087/270 364/1088/270 363/1085/270
f 356/1089/271 355/1090/271 362/1091/271
f 362/1091/271 363/1092/271 356/1089/271
g ___05_(4)_(6)
v -0.0025 0.00749991 0.0020205 0.333333 0.239216 0.184314
v -0.0015 0.00749991 0.0020205 0.333333 0.239216 0.184314
v -0.0015 0.00749991 0.0040205 0.333333 0.239216 0.184314
v -0.0025 0.00749991 0.0040205 0.333333 0.239216 0.184314
v -0.0015 0.00750011 0.0040205 0.333333 0.239216 0.184314
v -0.0025 0.00750011 0.0040205 0.333333 0.239216 0.184314
v -0.0015 0.00750011 0.0020205 0.333333 0.239216 0.184314
v -0.0025 0.00750011 0.0020205 0.333333 0.239216 0.184314
vn 0 -1 1.22465e-16
vn -0 1.22465e-16 1
vn 0 1 -1.22465e-16
vn -1 0 0
vn 0 -1.22465e-16 -1
vn 1 0 0
vt -0.006 -0.0002
vt -0.005 -0.0002
vt -0.005 -0.0022
vt -0.006 -0.0022
vt 0.0005 -0.0083998
vt 0.0005 -0.0084
vt -0.0005 -0.0084
vt -0.0005 -0.0083998
vt -0.006 -0.0022
vt -0.005 -0.0022
vt -0.005 -0.0002
vt -0.006 -0.0002
vt -0.001 -0.0084
vt -0.001 -0.0083998
vt 0.001 -0.0083998
vt 0.001 -0.0084
vt -0.0005 -0.0083998
vt 0.0005 -0.0083998
vt 0.0005 -0.0084
vt -0.0005 -0.0084
vt 0.001 -0.0084
vt 0.001 -0.0083998
vt -0.001 -0.0083998
vt -0.001 -0.0084
f 365/1093/272 366/1094/272 367/1095/272
f 367/1095/272 368/1096/272 365/1093/272
f 367/1097/273 369/1098/273 370/1099/273
f 370/1099/273 368/1100/273 367/1097/273
f 370/1101/274 369/1102/274 371/1103/274
f 371/1103/274 372/1104/274 370/1101/274
f 372/1105/275 365/1106/275 368/1107/275
f 368/1107/275 370/1108/275 372/1105/275
f 366/1109/276 365/1110/276 372/1111/276
f 372/1111/276 371/1112/276 366/1109/276
f 369/1113/277 367/1114/277 366/1115/277
f 366/1115/277 371/1116/277 369/1113/277
g ___01_(1)_(2)
v -0.0073 0.0075 2e-05 1 1 1
v 0.0083 0.0075 2e-05 1 1 1
v 0.0083 0.0073 2e-05 1 1 1
v -0.0073 0.0073 2e-05 1 1 1
v -0.0073 0.0073 0.00202 1 1 1
v 0.0083 0.0073 0.00202 1 1 1
v 0.0083 0.0075 0.00202 1 1 1
v -0.0073 0.0075 0.00202 1 1 1
vn -0 -0 -1
vn -0 -1 -0
vn 0 0 1
vn -1 -0 0
vn 0 1 0
vn 1 0 -0
vt -0.0073 -0.0005
vt 0.0083 -0.0005
vt 0.0083 -0.0007
vt -0.0073 -0.0007
vt 0 -0.0078
vt -0.002 -0.0078
vt -0.002 0.0078
vt 0 0.0078
vt -0.0073 -0.0007
vt 0.0083 -0.0007
vt 0.0083 -0.0005
vt -0.0073 -0.0005
vt 0 0.0001
vt 0.002 0.0001
vt 0.002 -0.0001
vt -0 -0.0001
vt 0 0.0078
vt -0.002 0.0078
vt -0.002 -0.0078
vt 0 -0.0078
vt -0 -0.0001
vt 0.002 -0.0001
vt 0.002 0.0001
vt 0 0.0001
f 373/1117/278 374/1118/278 375/1119/278
f 375/1119/278 376/1120/278 373/1117/278
f 377/1121/279 376/1122/279 375/1123/279
f 375/1123/279 378/1124/279 377/1121/279
f 377/1125/280 378/1126/280 379/1127/280
f 379/1127/280 380/1128/280 377/1125/280
f 380/1129/281 373/1130/281 376/1131/281
f 376/1131/281 377/1132/281 380/1129/281
f 379/1133/282 374/1134/282 373/1135/282
f 373/1135/282 380/1136/282 379/1133/282
f 378/1137/283 375/1138/283 374/1139/283
f 374/1139/283 379/1140/283 378/1137/283
g ___05
v -0.00636306 -0.000700013 0.0060205 0.333333 0.239216 0.184314
v -0.00549704 -0.000200013 0.0060205 0.333333 0.239216 0.184314
v -0.00549704 -0.000200013 0.0040205 0.333333 0.239216 0.184314
v -0.00636306 -0.000700013 0.0040205 0.333333 0.239216 0.184314
v -0.00549694 -0.000200187 0.0040205 0.333333 0.239216 0.184314
v -0.00636296 -0.000700187 0.0040205 0.333333 0.239216 0.184314
v -0.00549694 -0.000200187 0.0060205 0.333333 0.239216 0.184314
v -0.00636296 -0.000700187 0.0060205 0.333333 0.239216 0.184314
vn -0.5 0.866025 -0
vn -0 -0 -1
vn 0.5 -0.866025 0
vn -0.866025 -0.5 -0
vn -0 0 1
vn 0.866025 0.5 0
vt -0.006 -0.0002
vt -0.005 -0.0002
vt -0.005 -0.0022
vt -0.006 -0.0022
vt 0.0005 -0.0083998
vt 0.0005 -0.0084
vt -0.0005 -0.0084
vt -0.0005 -0.0083998
vt -0.006 -0.0022
vt -0.005 -0.0022
vt -0.005 -0.0002
vt -0.006 -0.0002
vt -0.001 -0.0084
vt -0.001 -0.0083998
vt 0.001 -0.0083998
vt 0.001 -0.0084
vt -0.0005 -0.0083998
vt 0.0005 -0.0083998
vt 0.0005 -0.0084
vt -0.0005 -0.0084
vt 0.001 -0.0084
vt 0.001 -0.0083998
vt -0.001 -0.0083998
vt -0.001 -0.0084
f 381/1141/284 382/1142/284 383/1143/284
f 383/1143/284 384/1144/284 381/1141/284
f 383/1145/285 385/1146/285 386/1147/285
f 386/1147/285 384/1148/285 383/1145/285
f 386/1149/286 385/1150/286 387/1151/286
f 387/1151/286 388/1152/286 386/1149/286
f 388/1153/287 381/1154/287 384/1155/287
f 384/1155/287 386/1156/287 388/1153/287
f 382/1157/288 381/1158/288 388/1159/288
f 388/1159/288 387/1160/288 382/1157/288
f 385/1161/289 383/1162/289 382/1163/289
f 382/1163/289 387/1164/289 385/1161/289
g ___01_(1)_(3)
v -0.0073 4.33681e-19 0.0040205 0.627451 0.627451 0.643137
v 0.0083 4.33681e-19 0.0040205 0.627451 0.627451 0.643137
v 0.0083 -0.0002 0.0040205 0.627451 0.627451 0.643137
v -0.0073 -0.0002 0.0040205 0.627451 0.627451 0.643137
v -0.0073 -0.0002 0.0060205 0.627451 0.627451 0.643137
v 0.0083 -0.0002 0.0060205 0.627451 0.627451 0.643137
v 0.0083 4.33681e-19 0.0060205 0.627451 0.627451 0.643137
v -0.0073 4.33681e-19 0.0060205 0.627451 0.627451 0.643137
vn -0 -0 -1
vn -0 -1 -0
vn 0 0 1
vn -1 -0 0
vn 0 1 0
vn 1 0 -0
vt -0.0073 -0.0005
vt 0.0083 -0.0005
vt 0.0083 -0.0007
vt -0.0073 -0.0007
vt 0 -0.0078
vt -0.002 -0.0078
vt -0.002 0.0078
vt 0 0.0078
vt -0.0073 -0.0007
vt 0.0083 -0.0007
vt 0.0083 -0.0005
vt -0.0073 -0.0005
vt 0 0.0001
vt 0.002 0.0001
vt 0.002 -0.0001
vt -0 -0.0001
vt 0 0.0078
vt -0.002 0.0078
vt -0.002 -0.0078
vt 0 -0.0078
vt -0 -0.0001
vt 0.002 -0.0001
vt 0.002 0.0001
vt 0 0.0001
f 389/1165/290 390/1166/290 391/1167/290
f 391/1167/290 392/1168/290 389/1165/290
f 393/1169/291 392/1170/291 391/1171/291
f 391/1171/291 394/1172/291 393/1169/291
f 393/1173/292 394/1174/292 395/1175/292
f 395/1175/292 396/1176/292 393/1173/292
f 396/1177/293 389/1178/293 392/1179/293
f 392/1179/293 393/1180/293 396/1177/293
f 395/1181/294 390/1182/294 389/1183/294
f 389/1183/294 396/1184/294 395/1181/294
f 394/1185/295 391/1186/295 390/1187/295
f 390/1187/295 395/1188/295 394/1185/295
g ___69
v -0.0075 0.00749981 2e-05 0.627451 0.627451 0.643137
v -0.0073 0.00749981 2e-05 0.627451 0.627451 0.643137
v -0.00730003 0.004 2e-05 0.627451 0.627451 0.643137
v -0.0075 0.004 2e-05 0.627451 0.627451 0.643137
v -0.00730003 0.004 0.00202 0.627451 0.627451 0.643137
v -0.0073 0.00749981 0.00202 0.627451 0.627451 0.643137
v -0.0075 0.00749981 0.00202 0.627451 0.627451 0.643137
v -0.0075 0.004 0.00202 0.627451 0.627451 0.643137
vn -0 -0 -1
vn 1 1.78429e-14 -0
vn 0 0 1
vn -0 -1 -0
vn -1 2.47831e-16 -0
vn 0 1 0
vt -0.0075 -0.0125002
vt -0.0073 -0.0125002
vt -0.00730003 -0.016
vt -0.0075 -0.016
vt 0.00175 0
vt 0.00175 -0.002
vt -0.00174981 -0.002
vt -0.00174981 0
vt -0.0075 -0.0125002
vt -0.0075 -0.016
vt -0.00730003 -0.016
vt -0.0073 -0.0125002
vt 0 -0.0001
vt -0.002 -0.0001
vt -0.002 9.9975e-05
vt 0 9.9975e-05
vt 0.00174991 0
vt 0.00174991 -0.002
vt -0.00174991 -0.002
vt -0.00174991 0
vt 0 0.0001
vt -0.002 0.0001
vt -0.002 -0.0001
vt 0 -0.0001
f 397/1189/296 398/1190/296 399/1191/296
f 399/1191/296 400/1192/296 397/1189/296
f 401/1193/297 399/1194/297 398/1195/297
f 398/1195/297 402/1196/297 401/1193/297
f 403/1197/298 404/1198/298 401/1199/298
f 401/1199/298 402/1200/298 403/1197/298
f 404/1201/299 400/1202/299 399/1203/299
f 399/1203/299 401/1204/299 404/1201/299
f 403/1205/300 397/1206/300 400/1207/300
f 400/1207/300 404/1208/300 403/1205/300
f 402/1209/301 398/1210/301 397/1211/301
f 397/1211/301 403/1212/301 402/1209/301
g ___02_(1)_(2)
v -0.0075 0.0075 0.0020205 0.627451 0.627451 0.643137
v -0.0073 0.0075 0.0020205 0.627451 0.627451 0.643137
v -0.0073 -0.0002 0.0020205 0.627451 0.627451 0.643137
v -0.0075 -0.0002 0.0020205 0.627451 0.627451 0.643137
v -0.0075 -0.0002 0.0040205 0.627451 0.627451 0.643137
v -0.0073 -0.0002 0.0040205 0.627451 0.627451 0.643137
v -0.0073 0.0075 0.0040205 0.627451 0.627451 0.643137
v -0.0075 0.0075 0.0040205 0.627451 0.627451 0.643137
vn -0 -0 -1
vn -0 -1 -0
vn 0 0 1
vn -1 0 0
vn 0 1 0
vn 1 0 -0
vt -0.008 0.0079
vt -0.0078 0.0079
vt -0.0078 0.0002
vt -0.008 0.0002
vt 0 -0.0001
vt -0.002 -0.0001
vt -0.002 0.0001
vt 0 0.0001
vt -0.008 0.0002
vt -0.0078 0.0002
vt -0.0078 0.0079
vt -0.008 0.0079
vt 0 0.00385
vt -0.002 0.00385
vt -0.002 -0.00385
vt 0 -0.00385
vt 0 0.0001
vt -0.002 0.0001
vt -0.002 -0.0001
vt 0 -0.0001
vt -0 -0.00385
vt 0.002 -0.00385
vt 0.002 0.00385
vt 0 0.00385
f 405/1213/302 406/1214/302 407/1215/302
f 407/1215/302 408/1216/302 405/1213/302
f 409/1217/303 408/1218/303 407/1219/303
f 407/1219/303 410/1220/303 409/1217/303
f 409/1221/304 410/1222/304 411/1223/304
f 411/1223/304 412/1224/304 409/1221/304
f 412/1225/305 405/1226/305 408/1227/305
f 408/1227/305 409/1228/305 412/1225/305
f 411/1229/306 406/1230/306 405/1231/306
f 405/1231/306 412/1232/306 411/1229/306
f 410/1233/307 407/1234/307 406/1235/307
f 406/1235/307 411/1236/307 410/1233/307
g ___05_(4)_(7)
v -0.0025 0.00749991 2e-05 0.333333 0.239216 0.184314
v -0.0015 0.00749991 2e-05 0.333333 0.239216 0.184314
v -0.0015 0.00749991 0.00202 0.333333 0.239216 0.184314
v -0.0025 0.00749991 0.00202 0.333333 0.239216 0.184314
v -0.0015 0.00750011 0.00202 0.333333 0.239216 0.184314
v -0.0025 0.00750011 0.00202 0.333333 0.239216 0.184314
v -0.0015 0.00750011 2e-05 0.333333 0.239216 0.184314
v -0.0025 0.00750011 2e-05 0.333333 0.239216 0.184314
vn 0 -1 1.22465e-16
vn -0 1.22465e-16 1
vn 0 1 -1.22465e-16
vn -1 0 0
vn 0 -1.22465e-16 -1
vn 1 0 0
vt -0.006 -0.0002
vt -0.005 -0.0002
vt -0.005 -0.0022
vt -0.006 -0.0022
vt 0.0005 -0.0083998
vt 0.0005 -0.0084
vt -0.0005 -0.0084
vt -0.0005 -0.0083998
vt -0.006 -0.0022
vt -0.005 -0.0022
vt -0.005 -0.0002
vt -0.006 -0.0002
vt -0.001 -0.0084
vt -0.001 -0.0083998
vt 0.001 -0.0083998
vt 0.001 -0.0084
vt -0.0005 -0.0083998
vt 0.0005 -0.0083998
vt 0.0005 -0.0084
vt -0.0005 -0.0084
vt 0.001 -0.0084
vt 0.001 -0.0083998
vt -0.001 -0.0083998
vt -0.001 -0.0084
f 413/1237/308 414/1238/308 415/1239/308
f 415/1239/308 416/1240/308 413/1237/308
f 415/1241/309 417/1242/309 418/1243/309
f 418/1243/309 416/1244/309 415/1241/309
f 418/1245/310 417/1246/310 419/1247/310
f 419/1247/310 420/1248/310 418/1245/310
f 420/1249/311 413/1250/311 416/1251/311
f 416/1251/311 418/1252/311 420/1249/311
f 414/1253/312 413/1254/312 420/1255/312
f 420/1255/312 419/1256/312 414/1253/312
f 417/1257/313 415/1258/313 414/1259/313
f 414/1259/313 419/1260/313 417/1257/313
g ___05_(7)_(2)
v 0.0075 -0.0002001 0.0040205 0.333333 0.239216 0.184314
v 0.0085 -0.0002001 0.0040205 0.333333 0.239216 0.184314
v 0.0085 -0.0002001 0.0020205 0.333333 0.239216 0.184314
v 0.0075 -0.0002001 0.0020205 0.333333 0.239216 0.184314
v 0.0085 -0.0002003 0.0020205 0.333333 0.239216 0.184314
v 0.0075 -0.0002003 0.0020205 0.333333 0.239216 0.184314
v 0.0085 -0.0002003 0.0040205 0.333333 0.239216 0.184314
v 0.0075 -0.0002003 0.0040205 0.333333 0.239216 0.184314
vn 0 1 0
vn -0 0 -1
vn 0 -1 0
vn -1 0 -0
vn 0 0 1
vn 1 0 0
vt -0.006 -0.0002
vt -0.005 -0.0002
vt -0.005 -0.0022
vt -0.006 -0.0022
vt 0.0005 -0.0083998
vt 0.0005 -0.0084
vt -0.0005 -0.0084
vt -0.0005 -0.0083998
vt -0.006 -0.0022
vt -0.005 -0.0022
vt -0.005 -0.0002
vt -0.006 -0.0002
vt -0.001 -0.0084
vt -0.001 -0.0083998
vt 0.001 -0.0083998
vt 0.001 -0.0084
vt -0.0005 -0.0083998
vt 0.0005 -0.0083998
vt 0.0005 -0.0084
vt -0.0005 -0.0084
vt 0.001 -0.0084
vt 0.001 -0.0083998
vt -0.001 -0.0083998
vt -0.001 -0.0084
f 421/1261/314 422/1262/314 423/1263/314
f 423/1263/314 424/1264/314 421/1261/314
f 423/1265/315 425/1266/315 426/1267/315
f 426/1267/315 424/1268/315 423/1265/315
f 426/1269/316 425/1270/316 427/1271/316
f 427/1271/316 428/1272/316 426/1269/316
f 428/1273/317 421/1274/317 424/1275/317
f 424/1275/317 426/1276/317 428/1273/317
f 422/1277/318 421/1278/318 428/1279/318
f 428/1279/318 427/1280/318 422/1277/318
f 425/1281/319 423/1282/319 422/1283/319
f 422/1283/319 427/1284/319 425/1281/319
g ___05_(3)_(6)
v -0.0005 -0.0002001 0.0060205 0.333333 0.239216 0.184314
v 0.0005 -0.0002001 0.0060205 0.333333 0.239216 0.184314
v 0.0005 -0.0002001 0.0040205 0.333333 0.239216 0.184314
v -0.0005 -0.0002001 0.0040205 0.333333 0.239216 0.184314
v 0.0005 -0.0002003 0.0040205 0.333333 0.239216 0.184314
v -0.0005 -0.0002003 0.0040205 0.333333 0.239216 0.184314
v 0.0005 -0.0002003 0.0060205 0.333333 0.239216 0.184314
v -0.0005 -0.0002003 0.0060205 0.333333 0.239216 0.184314
vn 0 1 0
vn -0 0 -1
vn 0 -1 0
vn -1 0 -0
vn 0 0 1
vn 1 0 0
vt -0.006 -0.0002
vt -0.005 -0.0002
vt -0.005 -0.0022
vt -0.006 -0.0022
vt 0.0005 -0.0083998
vt 0.0005 -0.0084
vt -0.0005 -0.0084
vt -0.0005 -0.0083998
vt -0.006 -0.0022
vt -0.005 -0.0022
vt -0.005 -0.0002
vt -0.006 -0.0002
vt -0.001 -0.0084
vt -0.001 -0.0083998
vt 0.001 -0.0083998
vt 0.001 -0.0084
vt -0.0005 -0.0083998
vt 0.0005 -0.0083998
vt 0.0005 -0.0084
vt -0.0005 -0.0084
vt 0.001 -0.0084
vt 0.001 -0.0083998
vt -0.001 -0.0083998
vt -0.001 -0.0084
f 429/1285/320 430/1286/320 431/1287/320
f 431/1287/320 432/1288/320 429/1285/320
f 431/1289/321 433/1290/321 434/1291/321
f 434/1291/321 432/1292/321 431/1289/321
f 434/1293/322 433/1294/322 435/1295/322
f 435/1295/322 436/1296/322 434/1293/322
f 436/1297/323 429/1298/323 432/1299/323
f 432/1299/323 434/1300/323 436/1297/323
f 430/1301/324 429/1302/324 436/1303/324
f 436/1303/324 435/1304/324 430/1301/324
f 433/1305/325 431/1306/325 430/1307/325
f 430/1307/325 435/1308/325 433/1305/325
g ___05_(6)_(2)
v -0.000763901 0.00559985 0.0080105 0.333333 0.239216 0.184314
v -0.000763901 0.00659985 0.0080105 0.333333 0.239216 0.184314
v -0.000763901 0.00659985 0.0060105 0.333333 0.239216 0.184314
v -0.000763901 0.00559985 0.0060105 0.333333 0.239216 0.184314
v -0.000763701 0.00659985 0.0060105 0.333333 0.239216 0.184314
v -0.000763701 0.00559985 0.0060105 0.333333 0.239216 0.184314
v -0.000763701 0.00659985 0.0080105 0.333333 0.239216 0.184314
v -0.000763701 0.00559985 0.0080105 0.333333 0.239216 0.184314
vn -1 5.55112e-17 0
vn 0 -0 -1
vn 1 -5.55112e-17 0
vn -5.55112e-17 -1 -0
vn 0 0 1
vn 5.55112e-17 1 0
vt -0.006 -0.0002
vt -0.005 -0.0002
vt -0.005 -0.0022
vt -0.006 -0.0022
vt 0.0005 -0.0083998
vt 0.0005 -0.0084
vt -0.0005 -0.0084
vt -0.0005 -0.0083998
vt -0.006 -0.0022
vt -0.005 -0.0022
vt -0.005 -0.0002
vt -0.006 -0.0002
vt -0.001 -0.0084
vt -0.001 -0.0083998
vt 0.001 -0.0083998
vt 0.001 -0.0084
vt -0.0005 -0.0083998
vt 0.0005 -0.0083998
vt 0.0005 -0.0084
vt -0.0005 -0.0084
vt 0.001 -0.0084
vt 0.001 -0.0083998
vt -0.001 -0.0083998
vt -0.001 -0.0084
f 437/1309/326 438/1310/326 439/1311/326
f 439/1311/326 440/1312/326 437/1309/326
f 439/1313/327 441/1314/327 442/1315/327
f 442/1315/327 440/1316/327 439/1313/327
f 442/1317/328 441/1318/328 443/1319/328
f 443/1319/328 444/1320/328 442/1317/328
f 444/1321/329 437/1322/329 440/1323/329
f 440/1323/329 442/1324/329 444/1321/329
f 438/1325/330 437/1326/330 444/1327/330
f 444/1327/330 443/1328/330 438/1325/330
f 441/1329/331 439/1330/331 438/1331/331
f 438/1331/331 443/1332/331 441/1329/331
g ___05_(5)_(7)
v 0.0015 0.00749991 0.0040205 0.333333 0.239216 0.184314
v 0.0025 0.00749991 0.0040205 0.333333 0.239216 0.184314
v 0.0025 0.00749991 0.0060205 0.333333 0.239216 0.184314
v 0.0015 0.00749991 0.0060205 0.333333 0.239216 0.184314
v 0.0025 0.00750011 0.0060205 0.333333 0.239216 0.184314
v 0.0015 0.00750011 0.0060205 0.333333 0.239216 0.184314
v 0.0025 0.00750011 0.0040205 0.333333 0.239216 0.184314
v 0.0015 0.00750011 0.0040205 0.333333 0.239216 0.184314
vn 0 -1 1.22465e-16
vn -0 1.22465e-16 1
vn 0 1 -1.22465e-16
vn -1 0 0
vn 0 -1.22465e-16 -1
vn 1 0 0
vt -0.006 -0.0002
vt -0.005 -0.0002
vt -0.005 -0.0022
vt -0.006 -0.0022
vt 0.0005 -0.0083998
vt 0.0005 -0.0084
vt -0.0005 -0.0084
vt -0.0005 -0.0083998
vt -0.006 -0.0022
vt -0.005 -0.0022
vt -0.005 -0.0002
vt -0.006 -0.0002
vt -0.001 -0.0084
vt -0.001 -0.0083998
vt 0.001 -0.0083998
vt 0.001 -0.0084
vt -0.0005 -0.0083998
vt 0.0005 -0.0083998
vt 0.0005 -0.0084
vt -0.0005 -0.0084
vt 0.001 -0.0084
vt 0.001 -0.0083998
vt -0.001 -0.0083998
vt -0.001 -0.0084
f 445/1333/332 446/1334/332 447/1335/332
f 447/1335/332 448/1336/332 445/1333/332
f 447/1337/333 449/1338/333 450/1339/333
f 450/1339/333 448/1340/333 447/1337/333
f 450/1341/334 449/1342/334 451/1343/334
f 451/1343/334 452/1344/334 450/1341/334
f 452/1345/335 445/1346/335 448/1347/335
f 448/1347/335 450/1348/335 452/1345/335
f 446/1349/336 445/1350/336 452/1351/336
f 452/1351/336 451/1352/336 446/1349/336
f 449/1353/337 447/1354/337 446/1355/337
f 446/1355/337 451/1356/337 449/1353/337
g ___06_(4)_(2)
v 0.0005 -0.0002 0.0040205 1 1 1
v 0.0005 -0.0002 0.0020205 1 1 1
v -0.0015 -0.0002 0.0020205 1 1 1
v -0.0015 -0.0002 0.0040205 1 1 1
v -0.0015 -0.0002001 0.0040205 1 1 1
v -0.0015 -0.0002001 0.0020205 1 1 1
v 0.0005 -0.0002001 0.0020205 1 1 1
v 0.0005 -0.0002001 0.0040205 1 1 1
vn -0 1 -0
vn -1 -0 -0
vn 0 -1 0
vn -0 0 1
vn 1 -0 -0
vn 0 -0 -1
vt -0.0053 -0.00015
vt -0.0053 -0.00215
vt -0.0073 -0.00215
vt -0.0073 -0.00015
vt -0.001 0
vt -0.001 1e-07
vt 0.001 1e-07
vt 0.001 0
vt -0.0073 -0.00015
vt -0.0073 -0.00215
vt -0.0053 -0.00215
vt -0.0053 -0.00015
vt 0.001 0
vt 0.001 1e-07
vt -0.001 1e-07
vt -0.001 0
vt -0.001 0
vt -0.001 1e-07
vt 0.001 1e-07
vt 0.001 0
vt -0.001 0
vt -0.001 1e-07
vt 0.001 1e-07
vt 0.001 0
f 453/1357/338 454/1358/338 455/1359/338
f 455/1359/338 456/1360/338 453/1357/338
f 457/1361/339 456/1362/339 455/1363/339
f 455/1363/339 458/1364/339 457/1361/339
f 457/1365/340 458/1366/340 459/1367/340
f 459/1367/340 460/1368/340 457/1365/340
f 460/1369/341 453/1370/341 456/1371/341
f 456/1371/341 457/1372/341 460/1369/341
f 459/1373/342 454/1374/342 453/1375/342
f 453/1375/342 460/1376/342 459/1373/342
f 458/1377/343 455/1378/343 454/1379/343
f 454/1379/343 459/1380/343 458/1377/343
g ___06_(3)_(3)
v 0.0045 0.00749981 0.0020205 0.627451 0.627451 0.643137
v 0.0045 0.00749981 0.0040205 0.627451 0.627451 0.643137
v 0.0025 0.00749981 0.0040205 0.627451 0.627451 0.643137
v 0.0025 0.00749981 0.0020205 0.627451 0.627451 0.643137
v 0.0025 0.00749991 0.0020205 0.627451 0.627451 0.643137
v 0.0025 0.00749991 0.0040205 0.627451 0.627451 0.643137
v 0.0045 0.00749991 0.0040205 0.627451 0.627451 0.643137
v 0.0045 0.00749991 0.0020205 0.627451 0.627451 0.643137
vn 0 -1 1.22465e-16
vn -1 0 0
vn 0 1 -1.22465e-16
vn 0 -1.22465e-16 -1
vn 1 0 0
vn 0 1.22465e-16 1
vt -0.0053 -0.00015
vt -0.0053 -0.00215
vt -0.0073 -0.00215
vt -0.0073 -0.00015
vt -0.001 0
vt -0.001 1e-07
vt 0.001 1e-07
vt 0.001 0
vt -0.0073 -0.00015
vt -0.0073 -0.00215
vt -0.0053 -0.00215
vt -0.0053 -0.00015
vt 0.001 0
vt 0.001 1e-07
vt -0.001 1e-07
vt -0.001 0
vt -0.001 0
vt -0.001 1e-07
vt 0.001 1e-07
vt 0.001 0
vt -0.001 0
vt -0.001 1e-07
vt 0.001 1e-07
vt 0.001 0
f 461/1381/344 462/1382/344 463/1383/344
f 463/1383/344 464/1384/344 461/1381/344
f 465/1385/345 464/1386/345 463/1387/345
f 463/1387/345 466/1388/345 465/1385/345
f 465/1389/346 466/1390/346 467/1391/346
f 467/1391/346 468/1392/346 465/1389/346
f 468/1393/347 461/1394/347 464/1395/347
f 464/1395/347 465/1396/347 468/1393/347
f 467/1397/348 462/1398/348 461/1399/348
f 461/1399/348 468/1400/348 467/1397/348
f 466/1401/349 463/1402/349 462/1403/349
f 462/1403/349 467/1404/349 466/1401/349
g ___05_(6)_(3)
v 0.0015 0.00749991 0.0020205 0.333333 0.239216 0.184314
v 0.0025 0.00749991 0.0020205 0.333333 0.239216 0.184314
v 0.0025 0.00749991 0.0040205 0.333333 0.239216 0.184314
v 0.0015 0.00749991 0.0040205 0.333333 0.239216 0.184314
v 0.0025 0.00750011 0.0040205 0.333333 0.239216 0.184314
v 0.0015 0.00750011 0.0040205 0.333333 0.239216 0.184314
v 0.0025 0.00750011 0.0020205 0.333333 0.239216 0.184314
v 0.0015 0.00750011 0.0020205 0.333333 0.239216 0.184314
vn 0 -1 1.22465e-16
vn -0 1.22465e-16 1
vn 0 1 -1.22465e-16
vn -1 0 0
vn 0 -1.22465e-16 -1
vn 1 0 0
vt -0.006 -0.0002
vt -0.005 -0.0002
vt -0.005 -0.0022
vt -0.006 -0.0022
vt 0.0005 -0.0083998
vt 0.0005 -0.0084
vt -0.0005 -0.0084
vt -0.0005 -0.0083998
vt -0.006 -0.0022
vt -0.005 -0.0022
vt -0.005 -0.0002
vt -0.006 -0.0002
vt -0.001 -0.0084
vt -0.001 -0.0083998
vt 0.001 -0.0083998
vt 0.001 -0.0084
vt -0.0005 -0.0083998
vt 0.0005 -0.0083998
vt 0.0005 -0.0084
vt -0.0005 -0.0084
vt 0.001 -0.0084
vt 0.001 -0.0083998
vt -0.001 -0.0083998
vt -0.001 -0.0084
f 469/1405/350 470/1406/350 471/1407/350
f 471/1407/350 472/1408/350 469/1405/350
f 471/1409/351 473/1410/351 474/1411/351
f 474/1411/351 472/1412/351 471/1409/351
f 474/1413/352 473/1414/352 475/1415/352
f 475/1415/352 476/1416/352 474/1413/352
f 476/1417/353 469/1418/353 472/1419/353
f 472/1419/353 474/1420/353 476/1417/353
f 470/1421/354 469/1422/354 476/1423/354
f 476/1423/354 475/1424/354 470/1421/354
f 473/1425/355 471/1426/355 470/1427/355
f 470/1427/355 475/1428/355 473/1425/355
g ___06_(5)_(2)
v -0.001076 0.0075001 0.0060205 0.627451 0.627451 0.643137
v -0.001076 0.0075001 0.0080205 0.627451 0.627451 0.643137
v -0.003076 0.0075001 0.0080205 0.627451 0.627451 0.643137
v -0.003076 0.0075001 0.0060205 0.627451 0.627451 0.643137
v -0.003076 0.0075002 0.0060205 0.627451 0.627451 0.643137
v -0.003076 0.0075002 0.0080205 0.627451 0.627451 0.643137
v -0.001076 0.0075002 0.0080205 0.627451 0.627451 0.643137
v -0.001076 0.0075002 0.0060205 0.627451 0.627451 0.643137
vn 0 -1 1.22465e-16
vn -1 0 0
vn 0 1 -1.22465e-16
vn 0 -1.22465e-16 -1
vn 1 0 0
vn 0 1.22465e-16 1
vt -0.0053 -0.00015
vt -0.0053 -0.00215
vt -0.0073 -0.00215
vt -0.0073 -0.00015
vt -0.001 0
vt -0.001 1e-07
vt 0.001 1e-07
vt 0.001 0
vt -0.0073 -0.00015
vt -0.0073 -0.00215
vt -0.0053 -0.00215
vt -0.0053 -0.00015
vt 0.001 0
vt 0.001 1e-07
vt -0.001 1e-07
vt -0.001 0
vt -0.001 0
vt -0.001 1e-07
vt 0.001 1e-07
vt 0.001 0
vt -0.001 0
vt -0.001 1e-07
vt 0.001 1e-07
vt 0.001 0
f 477/1429/356 478/1430/356 479/1431/356
f 479/1431/356 480/1432/356 477/1429/356
f 481/1433/357 480/1434/357 479/1435/357
f 479/1435/357 482/1436/357 481/1433/357
f 481/1437/358 482/1438/358 483/1439/358
f 483/1439/358 484/1440/358 481/1437/358
f 484/1441/359 477/1442/359 480/1443/359
f 480/1443/359 481/1444/359 484/1441/359
f 483/1445/360 478/1446/360 477/1447/360
f 477/1447/360 484/1448/360 483/1445/360
f 482/1449/361 479/1450/361 478/1451/361
f 478/1451/361 483/1452/361 482/1449/361
g ___05_(7)_(3)
v 0.0055 0.00749991 2e-05 0.333333 0.239216 0.184314
v 0.0065 0.00749991 2e-05 0.333333 0.239216 0.184314
v 0.0065 0.00749991 0.00202 0.333333 0.239216 0.184314
v 0.0055 0.00749991 0.00202 0.333333 0.239216 0.184314
v 0.0065 0.00750011 0.00202 0.333333 0.239216 0.184314
v 0.0055 0.00750011 0.00202 0.333333 0.239216 0.184314
v 0.0065 0.00750011 2e-05 0.333333 0.239216 0.184314
v 0.0055 0.00750011 2e-05 0.333333 0.239216 0.184314
vn 0 -1 1.22465e-16
vn -0 1.22465e-16 1
vn 0 1 -1.22465e-16
vn -1 0 0
vn 0 -1.22465e-16 -1
vn 1 0 0
vt -0.006 -0.0002
vt -0.005 -0.0002
vt -0.005 -0.0022
vt -0.006 -0.0022
vt 0.0005 -0.0083998
vt 0.0005 -0.0084
vt -0.0005 -0.0084
vt -0.0005 -0.0083998
vt -0.006 -0.0022
vt -0.005 -0.0022
vt -0.005 -0.0002
vt -0.006 -0.0002
vt -0.001 -0.0084
vt -0.001 -0.0083998
vt 0.001 -0.0083998
vt 0.001 -0.0084
vt -0.0005 -0.0083998
vt 0.0005 -0.0083998
vt 0.0005 -0.0084
vt -0.0005 -0.0084
vt 0.001 -0.0084
vt 0.001 -0.0083998
vt -0.001 -0.0083998
vt -0.001 -0.0084
f 485/1453/362 486/1454/362 487/1455/362
f 487/1455/362 488/1456/362 485/1453/362
f 487/1457/363 489/1458/363 490/1459/363
f 490/1459/363 488/1460/363 487/1457/363
f 490/1461/364 489/1462/364 491/1463/364
f 491/1463/364 492/1464/364 490/1461/364
f 492/1465/365 485/1466/365 488/1467/365
f 488/1467/365 490/1468/365 492/1465/365
f 486/1469/366 485/1470/366 492/1471/366
f 492/1471/366 491/1472/366 486/1469/366
f 489/1473/367 487/1474/367 486/1475/367
f 486/1475/367 491/1476/367 489/1473/367
g ___05_(6)_(4)
v 0.0015 0.00749991 2e-05 0.333333 0.239216 0.184314
v 0.0025 0.00749991 2e-05 0.333333 0.239216 0.184314
v 0.0025 0.00749991 0.00202 0.333333 0.239216 0.184314
v 0.0015 0.00749991 0.00202 0.333333 0.239216 0.184314
v 0.0025 0.00750011 0.00202 0.333333 0.239216 0.184314
v 0.0015 0.00750011 0.00202 0.333333 0.239216 0.184314
v 0.0025 0.00750011 2e-05 0.333333 0.239216 0.184314
v 0.0015 0.00750011 2e-05 0.333333 0.239216 0.184314
vn 0 -1 1.22465e-16
vn -0 1.22465e-16 1
vn 0 1 -1.22465e-16
vn -1 0 0
vn 0 -1.22465e-16 -1
vn 1 0 0
vt -0.006 -0.0002
vt -0.005 -0.0002
vt -0.005 -0.0022
vt -0.006 -0.0022
vt 0.0005 -0.0083998
vt 0.0005 -0.0084
vt -0.0005 -0.0084
vt -0.0005 -0.0083998
vt -0.006 -0.0022
vt -0.005 -0.0022
vt -0.005 -0.0002
vt -0.006 -0.0002
vt -0.001 -0.0084
vt -0.001 -0.0083998
vt 0.001 -0.0083998
vt 0.001 -0.0084
vt -0.0005 -0.0083998
vt 0.0005 -0.0083998
vt 0.0005 -0.0084
vt -0.0005 -0.0084
vt 0.001 -0.0084
vt 0.001 -0.0083998
vt -0.001 -0.0083998
vt -0.001 -0.0084
f 493/1477/368 494/1478/368 495/1479/368
f 495/1479/368 496/1480/368 493/1477/368
f 495/1481/369 497/1482/369 498/1483/369
f 498/1483/369 496/1484/369 495/1481/369
f 498/1485/370 497/1486/370 499/1487/370
f 499/1487/370 500/1488/370 498/1485/370
f 500/1489/371 493/1490/371 496/1491/371
f 496/1491/371 498/1492/371 500/1489/371
f 494/1493/372 493/1494/372 500/1495/372
f 500/1495/372 499/1496/372 494/1493/372
f 497/1497/373 495/1498/373 494/1499/373
f 494/1499/373 499/1500/373 497/1497/373
g ___05_(3)_(7)
v -0.0025 -0.0002001 0.0040205 0.333333 0.239216 0.184314
v -0.0015 -0.0002001 0.0040205 0.333333 0.239216 0.184314
v -0.0015 -0.0002001 0.0020205 0.333333 0.239216 0.184314
v -0.0025 -0.0002001 0.0020205 0.333333 0.239216 0.184314
v -0.0015 -0.0002003 0.0020205 0.333333 0.239216 0.184314
v -0.0025 -0.0002003 0.0020205 0.333333 0.239216 0.184314
v -0.0015 -0.0002003 0.0040205 0.333333 0.239216 0.184314
v -0.0025 -0.0002003 0.0040205 0.333333 0.239216 0.184314
vn 0 1 0
vn -0 0 -1
vn 0 -1 0
vn -1 0 -0
vn 0 0 1
vn 1 0 0
vt -0.006 -0.0002
vt -0.005 -0.0002
vt -0.005 -0.0022
vt -0.006 -0.0022
vt 0.0005 -0.0083998
vt 0.0005 -0.0084
vt -0.0005 -0.0084
vt -0.0005 -0.0083998
vt -0.006 -0.0022
vt -0.005 -0.0022
vt -0.005 -0.0002
vt -0.006 -0.0002
vt -0.001 -0.0084
vt -0.001 -0.0083998
vt 0.001 -0.0083998
vt 0.001 -0.0084
vt -0.0005 -0.0083998
vt 0.0005 -0.0083998
vt 0.0005 -0.0084
vt -0.0005 -0.0084
vt 0.001 -0.0084
vt 0.001 -0.0083998
vt -0.001 -0.0083998
vt -0.001 -0.0084
f 501/1501/374 502/1502/374 503/1503/374
f 503/1503/374 504/1504/374 501/1501/374
f 503/1505/375 505/1506/375 506/1507/375
f 506/1507/375 504/1508/375 503/1505/375
f 506/1509/376 505/1510/376 507/1511/376
f 507/1511/376 508/1512/376 506/1509/376
f 508/1513/377 501/1514/377 504/1515/377
f 504/1515/377 506/1516/377 508/1513/377
f 502/1517/378 501/1518/378 508/1519/378
f 508/1519/378 507/1520/378 502/1517/378
f 505/1521/379 503/1522/379 502/1523/379
f 502/1523/379 507/1524/379 505/1521/379
g ___05_(1)_(4)
v -0.00236306 0.00799983 0.0040205 0.333333 0.239216 0.184314
v -0.00149704 0.00749983 0.0040205 0.333333 0.239216 0.184314
v -0.00149704 0.00749983 0.0060205 0.333333 0.239216 0.184314
v -0.00236306 0.00799983 0.0060205 0.333333 0.239216 0.184314
v -0.00149694 0.0075 0.0060205 0.333333 0.239216 0.184314
v -0.00236296 0.008 0.0060205 0.333333 0.239216 0.184314
v -0.00149694 0.0075 0.0040205 0.333333 0.239216 0.184314
v -0.00236296 0.008 0.0040205 0.333333 0.239216 0.184314
vn -0.5 -0.866025 1.06058e-16
vn -0 1.22465e-16 1
vn 0.5 0.866025 -1.06058e-16
vn -0.866025 0.5 -6.12323e-17
vn 0 -1.22465e-16 -1
vn 0.866025 -0.5 6.12323e-17
vt -0.006 -0.0002
vt -0.005 -0.0002
vt -0.005 -0.0022
vt -0.006 -0.0022
vt 0.0005 -0.0083998
vt 0.0005 -0.0084
vt -0.0005 -0.0084
vt -0.0005 -0.0083998
vt -0.006 -0.0022
vt -0.005 -0.0022
vt -0.005 -0.0002
vt -0.006 -0.0002
vt -0.001 -0.0084
vt -0.001 -0.0083998
vt 0.001 -0.0083998
vt 0.001 -0.0084
vt -0.0005 -0.0083998
vt 0.0005 -0.0083998
vt 0.0005 -0.0084
vt -0.0005 -0.0084
vt 0.001 -0.0084
vt 0.001 -0.0083998
vt -0.001 -0.0083998
vt -0.001 -0.0084
f 509/1525/380 510/1526/380 511/1527/380
f 511/1527/380 512/1528/380 509/1525/380
f 511/1529/381 513/1530/381 514/1531/381
f 514/1531/381 512/1532/381 511/1529/381
f 514/1533/382 513/1534/382 515/1535/382
f 515/1535/382 516/1536/382 514/1533/382
f 516/1537/383 509/1538/383 512/1539/383
f 512/1539/383 514/1540/383 516/1537/383
f 510/1541/384 509/1542/384 516/1543/384
f 516/1543/384 515/1544/384 510/1541/384
f 513/1545/385 511/1546/385 510/1547/385
f 510/1547/385 515/1548/385 513/1545/385
g ___05_(6)_(5)
v 0.0055 -0.0002001 0.0040205 0.333333 0.239216 0.184314
v 0.0065 -0.0002001 0.0040205 0.333333 0.239216 0.184314
v 0.0065 -0.0002001 0.0020205 0.333333 0.239216 0.184314
v 0.0055 -0.0002001 0.0020205 0.333333 0.239216 0.184314
v 0.0065 -0.0002003 0.0020205 0.333333 0.239216 0.184314
v 0.0055 -0.0002003 0.0020205 0.333333 0.239216 0.184314
v 0.0065 -0.0002003 0.0040205 0.333333 0.239216 0.184314
v 0.0055 -0.0002003 0.0040205 0.333333 0.239216 0.184314
vn 0 1 0
vn -0 0 -1
vn 0 -1 0
vn -1 0 -0
vn 0 0 1
vn 1 0 0
vt -0.006 -0.0002
vt -0.005 -0.0002
vt -0.005 -0.0022
vt -0.006 -0.0022
vt 0.0005 -0.0083998
vt 0.0005 -0.0084
vt -0.0005 -0.0084
vt -0.0005 -0.0083998
vt -0.006 -0.0022
vt -0.005 -0.0022
vt -0.005 -0.0002
vt -0.006 -0.0002
vt -0.001 -0.0084
vt -0.001 -0.0083998
vt 0.001 -0.0083998
vt 0.001 -0.0084
vt -0.0005 -0.0083998
vt 0.0005 -0.0083998
vt 0.0005 -0.0084
vt -0.0005 -0.0084
vt 0.001 -0.0084
vt 0.001 -0.0083998
vt -0.001 -0.0083998
vt -0.001 -0.0084
f 517/1549/386 518/1550/386 519/1551/386
f 519/1551/386 520/1552/386 517/1549/386
f 519/1553/387 521/1554/387 522/1555/387
f 522/1555/387 520/1556/387 519/1553/387
f 522/1557/388 521/1558/388 523/1559/388
f 523/1559/388 524/1560/388 522/1557/388
f 524/1561/389 517/1562/389 520/1563/389
f 520/1563/389 522/1564/389 524/1561/389
f 518/1565/390 517/1566/390 524/1567/390
f 524/1567/390 523/1568/390 518/1565/390
f 521/1569/391 519/1570/391 518/1571/391
f 518/1571/391 523/1572/391 521/1569/391
g ___05_(6)_(6)
v 0.0035 0.00749991 0.0040205 0.333333 0.239216 0.184314
v 0.0045 0.00749991 0.0040205 0.333333 0.239216 0.184314
v 0.0045 0.00749991 0.0060205 0.333333 0.239216 0.184314
v 0.0035 0.00749991 0.0060205 0.333333 0.239216 0.184314
v 0.0045 0.00750011 0.0060205 0.333333 0.239216 0.184314
v 0.0035 0.00750011 0.0060205 0.333333 0.239216 0.184314
v 0.0045 0.00750011 0.0040205 0.333333 0.239216 0.184314
v 0.0035 0.00750011 0.0040205 0.333333 0.239216 0.184314
vn 0 -1 1.22465e-16
vn -0 1.22465e-16 1
vn 0 1 -1.22465e-16
vn -1 0 0
vn 0 -1.22465e-16 -1
vn 1 0 0
vt -0.006 -0.0002
vt -0.005 -0.0002
vt -0.005 -0.0022
vt -0.006 -0.0022
vt 0.0005 -0.0083998
vt 0.0005 -0.0084
vt -0.0005 -0.0084
vt -0.0005 -0.0083998
vt -0.006 -0.0022
vt -0.005 -0.0022
vt -0.005 -0.0002
vt -0.006 -0.0002
vt -0.001 -0.0084
vt -0.001 -0.0083998
vt 0.001 -0.0083998
vt 0.001 -0.0084
vt -0.0005 -0.0083998
vt 0.0005 -0.0083998
vt 0.0005 -0.0084
vt -0.0005 -0.0084
vt 0.001 -0.0084
vt 0.001 -0.0083998
vt -0.001 -0.0083998
vt -0.001 -0.0084
f 525/1573/392 526/1574/392 527/1575/392
f 527/1575/392 528/1576/392 525/1573/392
f 527/1577/393 529/1578/393 530/1579/393
f 530/1579/393 528/1580/393 527/1577/393
f 530/1581/394 529/1582/394 531/1583/394
f 531/1583/394 532/1584/394 530/1581/394
f 532/1585/395 525/1586/395 528/1587/395
f 528/1587/395 530/1588/395 532/1585/395
f 526/1589/396 525/1590/396 532/1591/396
f 532/1591/396 531/1592/396 526/1589/396
f 529/1593/397 527/1594/397 526/1595/397
f 526/1595/397 531/1596/397 529/1593/397
g ___05_(2)_(5)
v -0.00636306 0.00799983 0.0020205 0.333333 0.239216 0.184314
v -0.00549704 0.00749983 0.0020205 0.333333 0.239216 0.184314
v -0.00549704 0.00749983 0.0040205 0.333333 0.239216 0.184314
v -0.00636306 0.00799983 0.0040205 0.333333 0.239216 0.184314
v -0.00549694 0.0075 0.0040205 0.333333 0.239216 0.184314
v -0.00636296 0.008 0.0040205 0.333333 0.239216 0.184314
v -0.00549694 0.0075 0.0020205 0.333333 0.239216 0.184314
v -0.00636296 0.008 0.0020205 0.333333 0.239216 0.184314
vn -0.5 -0.866025 1.06058e-16
vn -0 1.22465e-16 1
vn 0.5 0.866025 -1.06058e-16
vn -0.866025 0.5 -6.12323e-17
vn 0 -1.22465e-16 -1
vn 0.866025 -0.5 6.12323e-17
vt -0.006 -0.0002
vt -0.005 -0.0002
vt -0.005 -0.0022
vt -0.006 -0.0022
vt 0.0005 -0.0083998
vt 0.0005 -0.0084
vt -0.0005 -0.0084
vt -0.0005 -0.0083998
vt -0.006 -0.0022
vt -0.005 -0.0022
vt -0.005 -0.0002
vt -0.006 -0.0002
vt -0.001 -0.0084
vt -0.001 -0.0083998
vt 0.001 -0.0083998
vt 0.001 -0.0084
vt -0.0005 -0.0083998
vt 0.0005 -0.0083998
vt 0.0005 -0.0084
vt -0.0005 -0.0084
vt 0.001 -0.0084
vt 0.001 -0.0083998
vt -0.001 -0.0083998
vt -0.001 -0.0084
f 533/1597/398 534/1598/398 535/1599/398
f 535/1599/398 536/1600/398 533/1597/398
f 535/1601/399 537/1602/399 538/1603/399
f 538/1603/399 536/1604/399 535/1601/399
f 538/1605/400 537/1606/400 539/1607/400
f 539/1607/400 540/1608/400 538/1605/400
f 540/1609/401 533/1610/401 536/1611/401
f 536/1611/401 538/1612/401 540/1609/401
f 534/1613/402 533/1614/402 540/1615/402
f 540/1615/402 539/1616/402 534/1613/402
f 537/1617/403 535/1618/403 534/1619/403
f 534/1619/403 539/1620/403 537/1617/403
g ___05_(7)_(4)
v 0.0055 0.00749991 0.0020205 0.333333 0.239216 0.184314
v 0.0065 0.00749991 0.0020205 0.333333 0.239216 0.184314
v 0.0065 0.00749991 0.0040205 0.333333 0.239216 0.184314
v 0.0055 0.00749991 0.0040205 0.333333 0.239216 0.184314
v 0.0065 0.00750011 0.0040205 0.333333 0.239216 0.184314
v 0.0055 0.00750011 0.0040205 0.333333 0.239216 0.184314
v 0.0065 0.00750011 0.0020205 0.333333 0.239216 0.184314
v 0.0055 0.00750011 0.0020205 0.333333 0.239216 0.184314
vn 0 -1 1.22465e-16
vn -0 1.22465e-16 1
vn 0 1 -1.22465e-16
vn -1 0 0
vn 0 -1.22465e-16 -1
vn 1 0 0
vt -0.006 -0.0002
vt -0.005 -0.0002
vt -0.005 -0.0022
vt -0.006 -0.0022
vt 0.0005 -0.0083998
vt 0.0005 -0.0084
vt -0.0005 -0.0084
vt -0.0005 -0.0083998
vt -0.006 -0.0022
vt -0.005 -0.0022
vt -0.005 -0.0002
vt -0.006 -0.0002
vt -0.001 -0.0084
vt -0.001 -0.0083998
vt 0.001 -0.0083998
vt 0.001 -0.0084
vt -0.0005 -0.0083998
vt 0.0005 -0.0083998
vt 0.0005 -0.0084
vt -0.0005 -0.0084
vt 0.001 -0.0084
vt 0.001 -0.0083998
vt -0.001 -0.0083998
vt -0.001 -0.0084
f 541/1621/404 542/1622/404 543/1623/404
f 543/1623/404 544/1624/404 541/1621/404
f 543/1625/405 545/1626/405 546/1627/405
f 546/1627/405 544/1628/405 543/1625/405
f 546/1629/406 545/1630/406 547/1631/406
f 547/1631/406 548/1632/406 546/1629/406
f 548/1633/407 541/1634/407 544/1635/407
f 544/1635/407 546/1636/407 548/1633/407
f 542/1637/408 541/1638/408 548/1639/408
f 548/1639/408 547/1640/408 542/1637/408
f 545/1641/409 543/1642/409 542/1643/409
f 542/1643/409 547/1644/409 545/1641/409
g ___05_(4)_(8)
v -0.004076 0.0075002 0.0060205 0.627451 0.627451 0.643137
v -0.003076 0.0075002 0.0060205 0.627451 0.627451 0.643137
v -0.003076 0.0075002 0.0080205 0.627451 0.627451 0.643137
v -0.004076 0.0075002 0.0080205 0.627451 0.627451 0.643137
v -0.003076 0.0075004 0.0080205 0.627451 0.627451 0.643137
v -0.004076 0.0075004 0.0080205 0.627451 0.627451 0.643137
v -0.003076 0.0075004 0.0060205 0.627451 0.627451 0.643137
v -0.004076 0.0075004 0.0060205 0.627451 0.627451 0.643137
vn 0 -1 1.22465e-16
vn -0 1.22465e-16 1
vn 0 1 -1.22465e-16
vn -1 0 0
vn 0 -1.22465e-16 -1
vn 1 0 0
vt -0.006 -0.0002
vt -0.005 -0.0002
vt -0.005 -0.0022
vt -0.006 -0.0022
vt 0.0005 -0.0083998
vt 0.0005 -0.0084
vt -0.0005 -0.0084
vt -0.0005 -0.0083998
vt -0.006 -0.0022
vt -0.005 -0.0022
vt -0.005 -0.0002
vt -0.006 -0.0002
vt -0.001 -0.0084
vt -0.001 -0.0083998
vt 0.001 -0.0083998
vt 0.001 -0.0084
vt -0.0005 -0.0083998
vt 0.0005 -0.0083998
vt 0.0005 -0.0084
vt -0.0005 -0.0084
vt 0.001 -0.0084
vt 0.001 -0.0083998
vt -0.001 -0.0083998
vt -0.001 -0.0084
f 549/1645/410 550/1646/410 551/1647/410
f 551/1647/410 552/1648/410 549/1645/410
f 551/1649/411 553/1650/411 554/1651/411
f 554/1651/411 552/1652/411 551/1649/411
f 554/1653/412 553/1654/412 555/1655/412
f 555/1655/412 556/1656/412 554/1653/412
f 556/1657/413 549/1658/413 552/1659/413
f 552/1659/413 554/1660/413 556/1657/413
f 550/1661/414 549/1662/414 556/1663/414
f 556/1663/414 555/1664/414 550/1661/414
f 553/1665/415 551/1666/415 550/1667/415
f 550/1667/415 555/1668/415 553/1665/415
g ___06_(4)_(3)
v -0.001076 -0.0002 0.0080205 1 1 1
v -0.001076 -0.0002 0.0060205 1 1 1
v -0.003076 -0.0002 0.0060205 1 1 1
v -0.003076 -0.0002 0.0080205 1 1 1
v -0.003076 -0.0002001 0.0080205 1 1 1
v -0.003076 -0.0002001 0.0060205 1 1 1
v -0.001076 -0.0002001 0.0060205 1 1 1
v -0.001076 -0.0002001 0.0080205 1 1 1
vn -0 1 -0
vn -1 -0 -0
vn 0 -1 0
vn -0 0 1
vn 1 -0 -0
vn 0 -0 -1
vt -0.0053 -0.00015
vt -0.0053 -0.00215
vt -0.0073 -0.00215
vt -0.0073 -0.00015
vt -0.001 0
vt -0.001 1e-07
vt 0.001 1e-07
vt 0.001 0
vt -0.0073 -0.00015
vt -0.0073 -0.00215
vt -0.0053 -0.00215
vt -0.0053 -0.00015
vt 0.001 0
vt 0.001 1e-07
vt -0.001 1e-07
vt -0.001 0
vt -0.001 0
vt -0.001 1e-07
vt 0.001 1e-07
vt 0.001 0
vt -0.001 0
vt -0.001 1e-07
vt 0.001 1e-07
vt 0.001 0
f 557/1669/416 558/1670/416 559/1671/416
f 559/1671/416 560/1672/416 557/1669/416
f 561/1673/417 560/1674/417 559/1675/417
f 559/1675/417 562/1676/417 561/1673/417
f 561/1677/418 562/1678/418 563/1679/418
f 563/1679/418 564/1680/418 561/1677/418
f 564/1681/419 557/1682/419 560/1683/419
f 560/1683/419 561/1684/419 564/1681/419
f 563/1685/420 558/1686/420 557/1687/420
f 557/1687/420 564/1688/420 563/1685/420
f 562/1689/421 559/1690/421 558/1691/421
f 558/1691/421 563/1692/421 562/1689/421
g ___06_(2)_(4)
v 0.0045 -0.0002 0.0040205 1 1 1
v 0.0045 -0.0002 0.0020205 1 1 1
v 0.0025 -0.0002 0.0020205 1 1 1
v 0.0025 -0.0002 0.0040205 1 1 1
v 0.0025 -0.0002001 0.0040205 1 1 1
v 0.0025 -0.0002001 0.0020205 1 1 1
v 0.0045 -0.0002001 0.0020205 1 1 1
v 0.0045 -0.0002001 0.0040205 1 1 1
vn -0 1 -0
vn -1 -0 -0
vn 0 -1 0
vn -0 0 1
vn 1 -0 -0
vn 0 -0 -1
vt -0.0053 -0.00015
vt -0.0053 -0.00215
vt -0.0073 -0.00215
vt -0.0073 -0.00015
vt -0.001 0
vt -0.001 1e-07
vt 0.001 1e-07
vt 0.001 0
vt -0.0073 -0.00015
vt -0.0073 -0.00215
vt -0.0053 -0.00215
vt -0.0053 -0.00015
vt 0.001 0
vt 0.001 1e-07
vt -0.001 1e-07
vt -0.001 0
vt -0.001 0
vt -0.001 1e-07
vt 0.001 1e-07
vt 0.001 0
vt -0.001 0
vt -0.001 1e-07
vt 0.001 1e-07
vt 0.001 0
f 565/1693/422 566/1694/422 567/1695/422
f 567/1695/422 568/1696/422 565/1693/422
f 569/1697/423 568/1698/423 567/1699/423
f 567/1699/423 570/1700/423 569/1697/423
f 569/1701/424 570/1702/424 571/1703/424
f 571/1703/424 572/1704/424 569/1701/424
f 572/1705/425 565/1706/425 568/1707/425
f 568/1707/425 569/1708/425 572/1705/425
f 571/1709/426 566/1710/426 565/1711/426
f 565/1711/426 572/1712/426 571/1709/426
f 570/1713/427 567/1714/427 566/1715/427
f 566/1715/427 571/1716/427 570/1713/427
g ___05_(7)_(5)
v 0.0075 0.00749991 0.0040205 0.627451 0.627451 0.643137
v 0.0085 0.00749991 0.0040205 0.627451 0.627451 0.643137
v 0.0085 0.00749991 0.0060205 0.627451 0.627451 0.643137
v 0.0075 0.00749991 0.0060205 0.627451 0.627451 0.643137
v 0.0085 0.00750011 0.0060205 0.627451 0.627451 0.643137
v 0.0075 0.00750011 0.0060205 0.627451 0.627451 0.643137
v 0.0085 0.00750011 0.0040205 0.627451 0.627451 0.643137
v 0.0075 0.00750011 0.0040205 0.627451 0.627451 0.643137
vn 0 -1 1.22465e-16
vn -0 1.22465e-16 1
vn 0 1 -1.22465e-16
vn -1 0 0
vn 0 -1.22465e-16 -1
vn 1 0 0
vt -0.006 -0.0002
vt -0.005 -0.0002
vt -0.005 -0.0022
vt -0.006 -0.0022
vt 0.0005 -0.0083998
vt 0.0005 -0.0084
vt -0.0005 -0.0084
vt -0.0005 -0.0083998
vt -0.006 -0.0022
vt -0.005 -0.0022
vt -0.005 -0.0002
vt -0.006 -0.0002
vt -0.001 -0.0084
vt -0.001 -0.0083998
vt 0.001 -0.0083998
vt 0.001 -0.0084
vt -0.0005 -0.0083998
vt 0.0005 -0.0083998
vt 0.0005 -0.0084
vt -0.0005 -0.0084
vt 0.001 -0.0084
vt 0.001 -0.0083998
vt -0.001 -0.0083998
vt -0.001 -0.0084
f 573/1717/428 574/1718/428 575/1719/428
f 575/1719/428 576/1720/428 573/1717/428
f 575/1721/429 577/1722/429 578/1723/429
f 578/1723/429 576/1724/429 575/1721/429
f 578/1725/430 577/1726/430 579/1727/430
f 579/1727/430 580/1728/430 578/1725/430
f 580/1729/431 573/1730/431 576/1731/431
f 576/1731/431 578/1732/431 580/1729/431
f 574/1733/432 573/1734/432 580/1735/432
f 580/1735/432 579/1736/432 574/1733/432
f 577/1737/433 575/1738/433 574/1739/433
f 574/1739/433 579/1740/433 577/1737/433
g ___06_(8)
v -0.0073 0.00659985 0.0060105 1 1 1
v -0.0073 0.00659985 0.0080105 1 1 1
v -0.0073 0.00459985 0.0080105 1 1 1
v -0.0073 0.00459985 0.0060105 1 1 1
v -0.0073001 0.00459985 0.0060105 1 1 1
v -0.0073001 0.00459985 0.0080105 1 1 1
v -0.0073001 0.00659985 0.0080105 1 1 1
v -0.0073001 0.00659985 0.0060105 1 1 1
vn 1 6.12323e-17 1.22465e-16
vn 6.12323e-17 -1 7.4988e-33
vn -1 -6.12323e-17 -1.22465e-16
vn 1.22465e-16 0 -1
vn -6.12323e-17 1 -7.4988e-33
vn -1.22465e-16 0 1
vt -0.0053 -0.00015
vt -0.0053 -0.00215
vt -0.0073 -0.00215
vt -0.0073 -0.00015
vt -0.001 0
vt -0.001 1e-07
vt 0.001 1e-07
vt 0.001 0
vt -0.0073 -0.00015
vt -0.0073 -0.00215
vt -0.0053 -0.00215
vt -0.0053 -0.00015
vt 0.001 0
vt 0.001 1e-07
vt -0.001 1e-07
vt -0.001 0
vt -0.001 0
vt -0.001 1e-07
vt 0.001 1e-07
vt 0.001 0
vt -0.001 0
vt -0.001 1e-07
vt 0.001 1e-07
vt 0.001 0
f 581/1741/434 582/1742/434 583/1743/434
f 583/1743/434 584/1744/434 581/1741/434
f 585/1745/435 584/1746/435 583/1747/435
f 583/1747/435 586/1748/435 585/1745/435
f 585/1749/436 586/1750/436 587/1751/436
f 587/1751/436 588/1752/436 585/1749/436
f 588/1753/437 581/1754/437 584/1755/437
f 584/1755/437 585/1756/437 588/1753/437
f 587/1757/438 582/1758/438 581/1759/438
f 581/1759/438 588/1760/438 587/1757/438
f 586/1761/439 583/1762/439 582/1763/439
f 582/1763/439 587/1764/439 586/1761/439
g ___05_(6)_(7)
v 0.0075 -0.0002001 0.0060205 0.333333 0.239216 0.184314
v 0.0085 -0.0002001 0.0060205 0.333333 0.239216 0.184314
v 0.0085 -0.0002001 0.0040205 0.333333 0.239216 0.184314
v 0.0075 -0.0002001 0.0040205 0.333333 0.239216 0.184314
v 0.0085 -0.0002003 0.0040205 0.333333 0.239216 0.184314
v 0.0075 -0.0002003 0.0040205 0.333333 0.239216 0.184314
v 0.0085 -0.0002003 0.0060205 0.333333 0.239216 0.184314
v 0.0075 -0.0002003 0.0060205 0.333333 0.239216 0.184314
vn 0 1 0
vn -0 0 -1
vn 0 -1 0
vn -1 0 -0
vn 0 0 1
vn 1 0 0
vt -0.006 -0.0002
vt -0.005 -0.0002
vt -0.005 -0.0022
vt -0.006 -0.0022
vt 0.0005 -0.0083998
vt 0.0005 -0.0084
vt -0.0005 -0.0084
vt -0.0005 -0.0083998
vt -0.006 -0.0022
vt -0.005 -0.0022
vt -0.005 -0.0002
vt -0.006 -0.0002
vt -0.001 -0.0084
vt -0.001 -0.0083998
vt 0.001 -0.0083998
vt 0.001 -0.0084
vt -0.0005 -0.0083998
vt 0.0005 -0.0083998
vt 0.0005 -0.0084
vt -0.0005 -0.0084
vt 0.001 -0.0084
vt 0.001 -0.0083998
vt -0.001 -0.0083998
vt -0.001 -0.0084
f 589/1765/440 590/1766/440 591/1767/440
f 591/1767/440 592/1768/440 589/1765/440
f 591/1769/441 593/1770/441 594/1771/441
f 594/1771/441 592/1772/441 591/1769/441
f 594/1773/442 593/1774/442 595/1775/442
f 595/1775/442 596/1776/442 594/1773/442
f 596/1777/443 589/1778/443 592/1779/443
f 592/1779/443 594/1780/443 596/1777/443
f 590/1781/444 589/1782/444 596/1783/444
f 596/1783/444 595/1784/444 590/1781/444
f 593/1785/445 591/1786/445 590/1787/445
f 590/1787/445 595/1788/445 593/1785/445
g ___06_(4)_(4)
v -0.000764001 0.00259985 0.0080105 1 1 1
v -0.000764001 0.00259985 0.0060105 1 1 1
v -0.000764001 0.00059985 0.0060105 1 1 1
v -0.000764001 0.00059985 0.0080105 1 1 1
v -0.000763901 0.00059985 0.0080105 1 1 1
v -0.000763901 0.00059985 0.0060105 1 1 1
v -0.000763901 0.00259985 0.0060105 1 1 1
v -0.000763901 0.00259985 0.0080105 1 1 1
vn -1 6.12323e-17 0
vn -6.12323e-17 -1 -0
vn 1 -6.12323e-17 0
vn 0 0 1
vn 6.12323e-17 1 0
vn 0 0 -1
vt -0.0053 -0.00015
vt -0.0053 -0.00215
vt -0.0073 -0.00215
vt -0.0073 -0.00015
vt -0.001 0
vt -0.001 1e-07
vt 0.001 1e-07
vt 0.001 0
vt -0.0073 -0.00015
vt -0.0073 -0.00215
vt -0.0053 -0.00215
vt -0.0053 -0.00015
vt 0.001 0
vt 0.001 1e-07
vt -0.001 1e-07
vt -0.001 0
vt -0.001 0
vt -0.001 1e-07
vt 0.001 1e-07
vt 0.001 0
vt -0.001 0
vt -0.001 1e-07
vt 0.001 1e-07
vt 0.001 0
f 597/1789/446 598/1790/446 599/1791/446
f 599/1791/446 600/1792/446 597/1789/446
f 601/1793/447 600/1794/447 599/1795/447
f 599/1795/447 602/1796/447 601/1793/447
f 601/1797/448 602/1798/448 603/1799/448
f 603/1799/448 604/1800/448 601/1797/448
f 604/1801/449 597/1802/449 600/1803/449
f 600/1803/449 601/1804/449 604/1801/449
f 603/1805/450 598/1806/450 597/1807/450
f 597/1807/450 604/1808/450 603/1805/450
f 602/1809/451 599/1810/451 598/1811/451
f 598/1811/451 603/1812/451 602/1809/451
g ___06_(1)_(2)
v -0.0055 0.00749981 0.0040205 0.627451 0.627451 0.643137
v -0.0055 0.00749981 0.0060205 0.627451 0.627451 0.643137
v -0.0075 0.00749981 0.0060205 0.627451 0.627451 0.643137
v -0.0075 0.00749981 0.0040205 0.627451 0.627451 0.643137
v -0.0075 0.00749991 0.0040205 0.627451 0.627451 0.643137
v -0.0075 0.00749991 0.0060205 0.627451 0.627451 0.643137
v -0.0055 0.00749991 0.0060205 0.627451 0.627451 0.643137
v -0.0055 0.00749991 0.0040205 0.627451 0.627451 0.643137
vn 0 -1 1.22465e-16
vn -1 0 0
vn 0 1 -1.22465e-16
vn 0 -1.22465e-16 -1
vn 1 0 0
vn 0 1.22465e-16 1
vt -0.0053 -0.00015
vt -0.0053 -0.00215
vt -0.0073 -0.00215
vt -0.0073 -0.00015
vt -0.001 0
vt -0.001 1e-07
vt 0.001 1e-07
vt 0.001 0
vt -0.0073 -0.00015
vt -0.0073 -0.00215
vt -0.0053 -0.00215
vt -0.0053 -0.00015
vt 0.001 0
vt 0.001 1e-07
vt -0.001 1e-07
vt -0.001 0
vt -0.001 0
vt -0.001 1e-07
vt 0.001 1e-07
vt 0.001 0
vt -0.001 0
vt -0.001 1e-07
vt 0.001 1e-07
vt 0.001 0
f 605/1813/452 606/1814/452 607/1815/452
f 607/1815/452 608/1816/452 605/1813/452
f 609/1817/453 608/1818/453 607/1819/453
f 607/1819/453 610/1820/453 609/1817/453
f 609/1821/454 610/1822/454 611/1823/454
f 611/1823/454 612/1824/454 609/1821/454
f 612/1825/455 605/1826/455 608/1827/455
f 608/1827/455 609/1828/455 612/1825/455
f 611/1829/456 606/1830/456 605/1831/456
f 605/1831/456 612/1832/456 611/1829/456
f 610/1833/457 607/1834/457 606/1835/457
f 606/1835/457 611/1836/457 610/1833/457
g ___05_(8)_(3)
v 0.0075 0.00749991 2e-05 0.627451 0.627451 0.643137
v 0.0085 0.00749991 2e-05 0.627451 0.627451 0.643137
v 0.0085 0.00749991 0.00202 0.627451 0.627451 0.643137
v 0.0075 0.00749991 0.00202 0.627451 0.627451 0.643137
v 0.0085 0.00750011 0.00202 0.627451 0.627451 0.643137
v 0.0075 0.00750011 0.00202 0.627451 0.627451 0.643137
v 0.0085 0.00750011 2e-05 0.627451 0.627451 0.643137
v 0.0075 0.00750011 2e-05 0.627451 0.627451 0.643137
vn 0 -1 1.22465e-16
vn -0 1.22465e-16 1
vn 0 1 -1.22465e-16
vn -1 0 0
vn 0 -1.22465e-16 -1
vn 1 0 0
vt -0.006 -0.0002
vt -0.005 -0.0002
vt -0.005 -0.0022
vt -0.006 -0.0022
vt 0.0005 -0.0083998
vt 0.0005 -0.0084
vt -0.0005 -0.0084
vt -0.0005 -0.0083998
vt -0.006 -0.0022
vt -0.005 -0.0022
vt -0.005 -0.0002
vt -0.006 -0.0002
vt -0.001 -0.0084
vt -0.001 -0.0083998
vt 0.001 -0.0083998
vt 0.001 -0.0084
vt -0.0005 -0.0083998
vt 0.0005 -0.0083998
vt 0.0005 -0.0084
vt -0.0005 -0.0084
vt 0.001 -0.0084
vt 0.001 -0.0083998
vt -0.001 -0.0083998
vt -0.001 -0.0084
f 613/1837/458 614/1838/458 615/1839/458
f 615/1839/458 616/1840/458 613/1837/458
f 615/1841/459 617/1842/459 618/1843/459
f 618/1843/459 616/1844/459 615/1841/459
f 618/1845/460 617/1846/460 619/1847/460
f 619/1847/460 620/1848/460 618/1845/460
f 620/1849/461 613/1850/461 616/1851/461
f 616/1851/461 618/1852/461 620/1849/461
f 614/1853/462 613/1854/462 620/1855/462
f 620/1855/462 619/1856/462 614/1853/462
f 617/1857/463 615/1858/463 614/1859/463
f 614/1859/463 619/1860/463 617/1857/463
g ___01_(2)
v -0.0073 4.33681e-19 0.0020205 0.627451 0.627451 0.643137
v 0.0083 4.33681e-19 0.0020205 0.627451 0.627451 0.643137
v 0.0083 -0.0002 0.0020205 0.627451 0.627451 0.643137
v -0.0073 -0.0002 0.0020205 0.627451 0.627451 0.643137
v -0.0073 -0.0002 0.0040205 0.627451 0.627451 0.643137
v 0.0083 -0.0002 0.0040205 0.627451 0.627451 0.643137
v 0.0083 4.33681e-19 0.0040205 0.627451 0.627451 0.643137
v -0.0073 4.33681e-19 0.0040205 0.627451 0.627451 0.643137
vn -0 -0 -1
vn -0 -1 -0
vn 0 0 1
vn -1 -0 0
vn 0 1 0
vn 1 0 -0
vt -0.0073 -0.0005
vt 0.0083 -0.0005
vt 0.0083 -0.0007
vt -0.0073 -0.0007
vt 0 -0.0078
vt -0.002 -0.0078
vt -0.002 0.0078
vt 0 0.0078
vt -0.0073 -0.0007
vt 0.0083 -0.0007
vt 0.0083 -0.0005
vt -0.0073 -0.0005
vt 0 0.0001
vt 0.002 0.0001
vt 0.002 -0.0001
vt -0 -0.0001
vt 0 0.0078
vt -0.002 0.0078
vt -0.002 -0.0078
vt 0 -0.0078
vt -0 -0.0001
vt 0.002 -0.0001
vt 0.002 0.0001
vt 0 0.0001
f 621/1861/464 622/1862/464 623/1863/464
f 623/1863/464 624/1864/464 621/1861/464
f 625/1865/465 624/1866/465 623/1867/465
f 623/1867/465 626/1868/465 625/1865/465
f 625/1869/466 626/1870/466 627/1871/466
f 627/1871/466 628/1872/466 625/1869/466
f 628/1873/467 621/1874/467 624/1875/467
f 624/1875/467 625/1876/467 628/1873/467
f 627/1877/468 622/1878/468 621/1879/468
f 621/1879/468 628/1880/468 627/1877/468
f 626/1881/469 623/1882/469 622/1883/469
f 622/1883/469 627/1884/469 626/1881/469
g ___06
v -0.0055 -0.0002 0.0060205 1 1 1
v -0.0055 -0.0002 0.0040205 1 1 1
v -0.0075 -0.0002 0.0040205 1 1 1
v -0.0075 -0.0002 0.0060205 1 1 1
v -0.0075 -0.0002001 0.0060205 1 1 1
v -0.0075 -0.0002001 0.0040205 1 1 1
v -0.0055 -0.0002001 0.0040205 1 1 1
v -0.0055 -0.0002001 0.0060205 1 1 1
vn -0 1 -0
vn -1 -0 -0
vn 0 -1 0
vn -0 0 1
vn 1 -0 -0
vn 0 -0 -1
vt -0.0053 -0.00015
vt -0.0053 -0.00215
vt -0.0073 -0.00215
vt -0.0073 -0.00015
vt -0.001 0
vt -0.001 1e-07
vt 0.001 1e-07
vt 0.001 0
vt -0.0073 -0.00015
vt -0.0073 -0.00215
vt -0.0053 -0.00215
vt -0.0053 -0.00015
vt 0.001 0
vt 0.001 1e-07
vt -0.001 1e-07
vt -0.001 0
vt -0.001 0
vt -0.001 1e-07
vt 0.001 1e-07
vt 0.001 0
vt -0.001 0
vt -0.001 1e-07
vt 0.001 1e-07
vt 0.001 0
f 629/1885/470 630/1886/470 631/1887/470
f 631/1887/470 632/1888/470 629/1885/470
f 633/1889/471 632/1890/471 631/1891/471
f 631/1891/471 634/1892/471 633/1889/471
f 633/1893/472 634/1894/472 635/1895/472
f 635/1895/472 636/1896/472 633/1893/472
f 636/1897/473 629/1898/473 632/1899/473
f 632/1899/473 633/1900/473 636/1897/473
f 635/1901/474 630/1902/474 629/1903/474
f 629/1903/474 636/1904/474 635/1901/474
f 634/1905/475 631/1906/475 630/1907/475
f 630/1907/475 635/1908/475 634/1905/475
g ___05_(5)_(8)
v -0.0005 0.00749991 0.0020205 0.333333 0.239216 0.184314
v 0.0005 0.00749991 0.0020205 0.333333 0.239216 0.184314
v 0.0005 0.00749991 0.0040205 0.333333 0.239216 0.184314
v -0.0005 0.00749991 0.0040205 0.333333 0.239216 0.184314
v 0.0005 0.00750011 0.0040205 0.333333 0.239216 0.184314
v -0.0005 0.00750011 0.0040205 0.333333 0.239216 0.184314
v 0.0005 0.00750011 0.0020205 0.333333 0.239216 0.184314
v -0.0005 0.00750011 0.0020205 0.333333 0.239216 0.184314
vn 0 -1 1.22465e-16
vn -0 1.22465e-16 1
vn 0 1 -1.22465e-16
vn -1 0 0
vn 0 -1.22465e-16 -1
vn 1 0 0
vt -0.006 -0.0002
vt -0.005 -0.0002
vt -0.005 -0.0022
vt -0.006 -0.0022
vt 0.0005 -0.0083998
vt 0.0005 -0.0084
vt -0.0005 -0.0084
vt -0.0005 -0.0083998
vt -0.006 -0.0022
vt -0.005 -0.0022
vt -0.005 -0.0002
vt -0.006 -0.0002
vt -0.001 -0.0084
vt -0.001 -0.0083998
vt 0.001 -0.0083998
vt 0.001 -0.0084
vt -0.0005 -0.0083998
vt 0.0005 -0.0083998
vt 0.0005 -0.0084
vt -0.0005 -0.0084
vt 0.001 -0.0084
vt 0.001 -0.0083998
vt -0.001 -0.0083998
vt -0.001 -0.0084
f 637/1909/476 638/1910/476 639/1911/476
f 639/1911/476 640/1912/476 637/1909/476
f 639/1913/477 641/1914/477 642/1915/477
f 642/1915/477 640/1916/477 639/1913/477
f 642/1917/478 641/1918/478 643/1919/478
f 643/1919/478 644/1920/478 642/1917/478
f 644/1921/479 637/1922/479 640/1923/479
f 640/1923/479 642/1924/479 644/1921/479
f 638/1925/480 637/1926/480 644/1927/480
f 644/1927/480 643/1928/480 638/1925/480
f 641/1929/481 639/1930/481 638/1931/481
f 638/1931/481 643/1932/481 641/1929/481
g ___06_(1)_(3)
v -0.0055 -0.0002 0.0040205 1 1 1
v -0.0055 -0.0002 0.0020205 1 1 1
v -0.0075 -0.0002 0.0020205 1 1 1
v -0.0075 -0.0002 0.0040205 1 1 1
v -0.0075 -0.0002001 0.0040205 1 1 1
v -0.0075 -0.0002001 0.0020205 1 1 1
v -0.0055 -0.0002001 0.0020205 1 1 1
v -0.0055 -0.0002001 0.0040205 1 1 1
vn -0 1 -0
vn -1 -0 -0
vn 0 -1 0
vn -0 0 1
vn 1 -0 -0
vn 0 -0 -1
vt -0.0053 -0.00015
vt -0.0053 -0.00215
vt -0.0073 -0.00215
vt -0.0073 -0.00015
vt -0.001 0
vt -0.001 1e-07
vt 0.001 1e-07
vt 0.001 0
vt -0.0073 -0.00015
vt -0.0073 -0.00215
vt -0.0053 -0.00215
vt -0.0053 -0.00015
vt 0.001 0
vt 0.001 1e-07
vt -0.001 1e-07
vt -0.001 0
vt -0.001 0
vt -0.001 1e-07
vt 0.001 1e-07
vt 0.001 0
vt -0.001 0
vt -0.001 1e-07
vt 0.001 1e-07
vt 0.001 0
f 645/1933/482 646/1934/482 647/1935/482
f 647/1935/482 648/1936/482 645/1933/482
f 649/1937/483 648/1938/483 647/1939/483
f 647/1939/483 650/1940/483 649/1937/483
f 649/1941/484 650/1942/484 651/1943/484
f 651/1943/484 652/1944/484 649/1941/484
f 652/1945/485 645/1946/485 648/1947/485
f 648/1947/485 649/1948/485 652/1945/485
f 651/1949/486 646/1950/486 645/1951/486
f 645/1951/486 652/1952/486 651/1949/486
f 650/1953/487 647/1954/487 646/1955/487
f 646/1955/487 651/1956/487 650/1953/487
g ___06_(1)_(4)
v 0.0045 -0.0002 0.0060205 1 1 1
v 0.0045 -0.0002 0.0040205 1 1 1
v 0.0025 -0.0002 0.0040205 1 1 1
v 0.0025 -0.0002 0.0060205 1 1 1
v 0.0025 -0.0002001 0.0060205 1 1 1
v 0.0025 -0.0002001 0.0040205 1 1 1
v 0.0045 -0.0002001 0.0040205 1 1 1
v 0.0045 -0.0002001 0.0060205 1 1 1
vn -0 1 -0
vn -1 -0 -0
vn 0 -1 0
vn -0 0 1
vn 1 -0 -0
vn 0 -0 -1
vt -0.0053 -0.00015
vt -0.0053 -0.00215
vt -0.0073 -0.00215
vt -0.0073 -0.00015
vt -0.001 0
vt -0.001 1e-07
vt 0.001 1e-07
vt 0.001 0
vt -0.0073 -0.00015
vt -0.0073 -0.00215
vt -0.0053 -0.00215
vt -0.0053 -0.00015
vt 0.001 0
vt 0.001 1e-07
vt -0.001 1e-07
vt -0.001 0
vt -0.001 0
vt -0.001 1e-07
vt 0.001 1e-07
vt 0.001 0
vt -0.001 0
vt -0.001 1e-07
vt 0.001 1e-07
vt 0.001 0
f 653/1957/488 654/1958/488 655/1959/488
f 655/1959/488 656/1960/488 653/1957/488
f 657/1961/489 656/1962/489 655/1963/489
f 655/1963/489 658/1964/489 657/1961/489
f 657/1965/490 658/1966/490 659/1967/490
f 659/1967/490 660/1968/490 657/1965/490
f 660/1969/491 653/1970/491 656/1971/491
f 656/1971/491 657/1972/491 660/1969/491
f 659/1973/492 654/1974/492 653/1975/492
f 653/1975/492 660/1976/492 659/1973/492
f 658/1977/493 655/1978/493 654/1979/493
f 654/1979/493 659/1980/493 658/1977/493
g ___06_(2)_(5)
v -0.0055 0.00749981 2e-05 0.627451 0.627451 0.643137
v -0.0055 0.00749981 0.00202 0.627451 0.627451 0.643137
v -0.0075 0.00749981 0.00202 0.627451 0.627451 0.643137
v -0.0075 0.00749981 2e-05 0.627451 0.627451 0.643137
v -0.0075 0.00749991 2e-05 0.627451 0.627451 0.643137
v -0.0075 0.00749991 0.00202 0.627451 0.627451 0.643137
v -0.0055 0.00749991 0.00202 0.627451 0.627451 0.643137
v -0.0055 0.00749991 2e-05 0.627451 0.627451 0.643137
vn 0 -1 1.22465e-16
vn -1 0 0
vn 0 1 -1.22465e-16
vn 0 -1.22465e-16 -1
vn 1 0 0
vn 0 1.22465e-16 1
vt -0.0053 -0.00015
vt -0.0053 -0.00215
vt -0.0073 -0.00215
vt -0.0073 -0.00015
vt -0.001 0
vt -0.001 1e-07
vt 0.001 1e-07
vt 0.001 0
vt -0.0073 -0.00015
vt -0.0073 -0.00215
vt -0.0053 -0.00215
vt -0.0053 -0.00015
vt 0.001 0
vt 0.001 1e-07
vt -0.001 1e-07
vt -0.001 0
vt -0.001 0
vt -0.001 1e-07
vt 0.001 1e-07
vt 0.001 0
vt -0.001 0
vt -0.001 1e-07
vt 0.001 1e-07
vt 0.001 0
f 661/1981/494 662/1982/494 663/1983/494
f 663/1983/494 664/1984/494 661/1981/494
f 665/1985/495 664/1986/495 663/1987/495
f 663/1987/495 666/1988/495 665/1985/495
f 665/1989/496 666/1990/496 667/1991/496
f 667/1991/496 668/1992/496 665/1989/496
f 668/1993/497 661/1994/497 664/1995/497
f 664/1995/497 665/1996/497 668/1993/497
f 667/1997/498 662/1998/498 661/1999/498
f 661/1999/498 668/2000/498 667/1997/498
f 666/2001/499 663/2002/499 662/2003/499
f 662/2003/499 667/2004/499 666/2001/499
g ___05_(3)_(8)
v -0.0045 0.00749991 0.0020205 0.333333 0.239216 0.184314
v -0.0035 0.00749991 0.0020205 0.333333 0.239216 0.184314
v -0.0035 0.00749991 0.0040205 0.333333 0.239216 0.184314
v -0.0045 0.00749991 0.0040205 0.333333 0.239216 0.184314
v -0.0035 0.00750011 0.0040205 0.333333 0.239216 0.184314
v -0.0045 0.00750011 0.0040205 0.333333 0.239216 0.184314
v -0.0035 0.00750011 0.0020205 0.333333 0.239216 0.184314
v -0.0045 0.00750011 0.0020205 0.333333 0.239216 0.184314
vn 0 -1 1.22465e-16
vn -0 1.22465e-16 1
vn 0 1 -1.22465e-16
vn -1 0 0
vn 0 -1.22465e-16 -1
vn 1 0 0
vt -0.006 -0.0002
vt -0.005 -0.0002
vt -0.005 -0.0022
vt -0.006 -0.0022
vt 0.0005 -0.0083998
vt 0.0005 -0.0084
vt -0.0005 -0.0084
vt -0.0005 -0.0083998
vt -0.006 -0.0022
vt -0.005 -0.0022
vt -0.005 -0.0002
vt -0.006 -0.0002
vt -0.001 -0.0084
vt -0.001 -0.0083998
vt 0.001 -0.0083998
vt 0.001 -0.0084
vt -0.0005 -0.0083998
vt 0.0005 -0.0083998
vt 0.0005 -0.0084
vt -0.0005 -0.0084
vt 0.001 -0.0084
vt 0.001 -0.0083998
vt -0.001 -0.0083998
vt -0.001 -0.0084
f 669/2005/500 670/2006/500 671/2007/500
f 671/2007/500 672/2008/500 669/2005/500
f 671/2009/501 673/2010/501 674/2011/501
f 674/2011/501 672/2012/501 671/2009/501
f 674/2013/502 673/2014/502 675/2015/502
f 675/2015/502 676/2016/502 674/2013/502
f 676/2017/503 669/2018/503 672/2019/503
f 672/2019/503 674/2020/503 676/2017/503
f 670/2021/504 669/2022/504 676/2023/504
f 676/2023/504 675/2024/504 670/2021/504
f 673/2025/505 671/2026/505 670/2027/505
f 670/2027/505 675/2028/505 673/2025/505
g ___06_(2)_(6)
v -0.005076 -0.0002 0.0080205 1 1 1
v -0.005076 -0.0002 0.0060205 1 1 1
v -0.007076 -0.0002 0.0060205 1 1 1
v -0.007076 -0.0002 0.0080205 1 1 1
v -0.007076 -0.0002001 0.0080205 1 1 1
v -0.007076 -0.0002001 0.0060205 1 1 1
v -0.005076 -0.0002001 0.0060205 1 1 1
v -0.005076 -0.0002001 0.0080205 1 1 1
vn -0 1 -0
vn -1 -0 -0
vn 0 -1 0
vn -0 0 1
vn 1 -0 -0
vn 0 -0 -1
vt -0.0053 -0.00015
vt -0.0053 -0.00215
vt -0.0073 -0.00215
vt -0.0073 -0.00015
vt -0.001 0
vt -0.001 1e-07
vt 0.001 1e-07
vt 0.001 0
vt -0.0073 -0.00015
vt -0.0073 -0.00215
vt -0.0053 -0.00215
vt -0.0053 -0.00015
vt 0.001 0
vt 0.001 1e-07
vt -0.001 1e-07
vt -0.001 0
vt -0.001 0
vt -0.001 1e-07
vt 0.001 1e-07
vt 0.001 0
vt -0.001 0
vt -0.001 1e-07
vt 0.001 1e-07
vt 0.001 0
f 677/2029/506 678/2030/506 679/2031/506
f 679/2031/506 680/2032/506 677/2029/506
f 681/2033/507 680/2034/507 679/2035/507
f 679/2035/507 682/2036/507 681/2033/507
f 681/2037/508 682/2038/508 683/2039/508
f 683/2039/508 684/2040/508 681/2037/508
f 684/2041/509 677/2042/509 680/2043/509
f 680/2043/509 681/2044/509 684/2041/509
f 683/2045/510 678/2046/510 677/2047/510
f 677/2047/510 684/2048/510 683/2045/510
f 682/2049/511 679/2050/511 678/2051/511
f 678/2051/511 683/2052/511 682/2049/511
g ___06_(5)_(3)
v 0.0065 -0.0002 0.0060205 1 1 1
v 0.0065 -0.0002 0.0040205 1 1 1
v 0.0045 -0.0002 0.0040205 1 1 1
v 0.0045 -0.0002 0.0060205 1 1 1
v 0.0045 -0.0002001 0.0060205 1 1 1
v 0.0045 -0.0002001 0.0040205 1 1 1
v 0.0065 -0.0002001 0.0040205 1 1 1
v 0.0065 -0.0002001 0.0060205 1 1 1
vn -0 1 -0
vn -1 -0 -0
vn 0 -1 0
vn -0 0 1
vn 1 -0 -0
vn 0 -0 -1
vt -0.0053 -0.00015
vt -0.0053 -0.00215
vt -0.0073 -0.00215
vt -0.0073 -0.00015
vt -0.001 0
vt -0.001 1e-07
vt 0.001 1e-07
vt 0.001 0
vt -0.0073 -0.00015
vt -0.0073 -0.00215
vt -0.0053 -0.00215
vt -0.0053 -0.00015
vt 0.001 0
vt 0.001 1e-07
vt -0.001 1e-07
vt -0.001 0
vt -0.001 0
vt -0.001 1e-07
vt 0.001 1e-07
vt 0.001 0
vt -0.001 0
vt -0.001 1e-07
vt 0.001 1e-07
vt 0.001 0
f 685/2053/512 686/2054/512 687/2055/512
f 687/2055/512 688/2056/512 685/2053/512
f 689/2057/513 688/2058/513 687/2059/513
f 687/2059/513 690/2060/513 689/2057/513
f 689/2061/514 690/2062/514 691/2063/514
f 691/2063/514 692/2064/514 689/2061/514
f 692/2065/515 685/2066/515 688/2067/515
f 688/2067/515 689/2068/515 692/2065/515
f 691/2069/516 686/2070/516 685/2071/516
f 685/2071/516 692/2072/516 691/2069/516
f 690/2073/517 687/2074/517 686/2075/517
f 686/2075/517 691/2076/517 690/2073/517
g ___06_(3)_(4)
v -0.005076 0.0075001 0.0060205 0.627451 0.627451 0.643137
v -0.005076 0.0075001 0.0080205 0.627451 0.627451 0.643137
v -0.007076 0.0075001 0.0080205 0.627451 0.627451 0.643137
v -0.007076 0.0075001 0.0060205 0.627451 0.627451 0.643137
v -0.007076 0.0075002 0.0060205 0.627451 0.627451 0.643137
v -0.007076 0.0075002 0.0080205 0.627451 0.627451 0.643137
v -0.005076 0.0075002 0.0080205 0.627451 0.627451 0.643137
v -0.005076 0.0075002 0.0060205 0.627451 0.627451 0.643137
vn 0 -1 1.22465e-16
vn -1 0 0
vn 0 1 -1.22465e-16
vn 0 -1.22465e-16 -1
vn 1 0 0
vn 0 1.22465e-16 1
vt -0.0053 -0.00015
vt -0.0053 -0.00215
vt -0.0073 -0.00215
vt -0.0073 -0.00015
vt -0.001 0
vt -0.001 1e-07
vt 0.001 1e-07
vt 0.001 0
vt -0.0073 -0.00015
vt -0.0073 -0.00215
vt -0.0053 -0.00215
vt -0.0053 -0.00015
vt 0.001 0
vt 0.001 1e-07
vt -0.001 1e-07
vt -0.001 0
vt -0.001 0
vt -0.001 1e-07
vt 0.001 1e-07
vt 0.001 0
vt -0.001 0
vt -0.001 1e-07
vt 0.001 1e-07
vt 0.001 0
f 693/2077/518 694/2078/518 695/2079/518
f 695/2079/518 696/2080/518 693/2077/518
f 697/2081/519 696/2082/519 695/2083/519
f 695/2083/519 698/2084/519 697/2081/519
f 697/2085/520 698/2086/520 699/2087/520
f 699/2087/520 700/2088/520 697/2085/520
f 700/2089/521 693/2090/521 696/2091/521
f 696/2091/521 697/2092/521 700/2089/521
f 699/2093/522 694/2094/522 693/2095/522
f 693/2095/522 700/2096/522 699/2093/522
f 698/2097/523 695/2098/523 694/2099/523
f 694/2099/523 699/2100/523 698/2097/523
g ___02
v -0.0075 0.0075 0.0040205 0.627451 0.627451 0.643137
v -0.0073 0.0075 0.0040205 0.627451 0.627451 0.643137
v -0.0073 -0.0002 0.0040205 0.627451 0.627451 0.643137
v -0.0075 -0.0002 0.0040205 0.627451 0.627451 0.643137
v -0.0075 -0.0002 0.0060205 0.627451 0.627451 0.643137
v -0.0073 -0.0002 0.0060205 0.627451 0.627451 0.643137
v -0.0073 0.0075 0.0060205 0.627451 0.627451 0.643137
v -0.0075 0.0075 0.0060205 0.627451 0.627451 0.643137
vn -0 -0 -1
vn -0 -1 -0
vn 0 0 1
vn -1 0 0
vn 0 1 0
vn 1 0 -0
vt -0.008 0.0079
vt -0.0078 0.0079
vt -0.0078 0.0002
vt -0.008 0.0002
vt 0 -0.0001
vt -0.002 -0.0001
vt -0.002 0.0001
vt 0 0.0001
vt -0.008 0.0002
vt -0.0078 0.0002
vt -0.0078 0.0079
vt -0.008 0.0079
vt 0 0.00385
vt -0.002 0.00385
vt -0.002 -0.00385
vt 0 -0.00385
vt 0 0.0001
vt -0.002 0.0001
vt -0.002 -0.0001
vt 0 -0.0001
vt -0 -0.00385
vt 0.002 -0.00385
vt 0.002 0.00385
vt 0 0.00385
f 701/2101/524 702/2102/524 703/2103/524
f 703/2103/524 704/2104/524 701/2101/524
f 705/2105/525 704/2106/525 703/2107/525
f 703/2107/525 706/2108/525 705/2105/525
f 705/2109/526 706/2110/526 707/2111/526
f 707/2111/526 708/2112/526 705/2109/526
f 708/2113/527 701/2114/527 704/2115/527
f 704/2115/527 705/2116/527 708/2113/527
f 707/2117/528 702/2118/528 701/2119/528
f 701/2119/528 708/2120/528 707/2117/528
f 706/2121/529 703/2122/529 702/2123/529
f 702/2123/529 707/2124/529 706/2121/529
g ___06_(6)_(2)
v -0.0073 0.00259985 0.0060105 1 1 1
v -0.0073 0.00259985 0.0080105 1 1 1
v -0.0073 0.00059985 0.0080105 1 1 1
v -0.0073 0.00059985 0.0060105 1 1 1
v -0.0073001 0.00059985 0.0060105 1 1 1
v -0.0073001 0.00059985 0.0080105 1 1 1
v -0.0073001 0.00259985 0.0080105 1 1 1
v -0.0073001 0.00259985 0.0060105 1 1 1
vn 1 6.12323e-17 1.22465e-16
vn 6.12323e-17 -1 7.4988e-33
vn -1 -6.12323e-17 -1.22465e-16
vn 1.22465e-16 0 -1
vn -6.12323e-17 1 -7.4988e-33
vn -1.22465e-16 0 1
vt -0.0053 -0.00015
vt -0.0053 -0.00215
vt -0.0073 -0.00215
vt -0.0073 -0.00015
vt -0.001 0
vt -0.001 1e-07
vt 0.001 1e-07
vt 0.001 0
vt -0.0073 -0.00015
vt -0.0073 -0.00215
vt -0.0053 -0.00215
vt -0.0053 -0.00015
vt 0.001 0
vt 0.001 1e-07
vt -0.001 1e-07
vt -0.001 0
vt -0.001 0
vt -0.001 1e-07
vt 0.001 1e-07
vt 0.001 0
vt -0.001 0
vt -0.001 1e-07
vt 0.001 1e-07
vt 0.001 0
f 709/2125/530 710/2126/530 711/2127/530
f 711/2127/530 712/2128/530 709/2125/530
f 713/2129/531 712/2130/531 711/2131/531
f 711/2131/531 714/2132/531 713/2129/531
f 713/2133/532 714/2134/532 715/2135/532
f 715/2135/532 716/2136/532 713/2133/532
f 716/2137/533 709/2138/533 712/2139/533
f 712/2139/533 713/2140/533 716/2137/533
f 715/2141/534 710/2142/534 709/2143/534
f 709/2143/534 716/2144/534 715/2141/534
f 714/2145/535 711/2146/535 710/2147/535
f 710/2147/535 715/2148/535 714/2145/535
g ___06_(3)_(5)
v -0.003076 -0.0002 0.0080205 1 1 1
v -0.003076 -0.0002 0.0060205 1 1 1
v -0.005076 -0.0002 0.0060205 1 1 1
v -0.005076 -0.0002 0.0080205 1 1 1
v -0.005076 -0.0002001 0.0080205 1 1 1
v -0.005076 -0.0002001 0.0060205 1 1 1
v -0.003076 -0.0002001 0.0060205 1 1 1
v -0.003076 -0.0002001 0.0080205 1 1 1
vn -0 1 -0
vn -1 -0 -0
vn 0 -1 0
vn -0 0 1
vn 1 -0 -0
vn 0 -0 -1
vt -0.0053 -0.00015
vt -0.0053 -0.00215
vt -0.0073 -0.00215
vt -0.0073 -0.00015
vt -0.001 0
vt -0.001 1e-07
vt 0.001 1e-07
vt 0.001 0
vt -0.0073 -0.00015
vt -0.0073 -0.00215
vt -0.0053 -0.00215
vt -0.0053 -0.00015
vt 0.001 0
vt 0.001 1e-07
vt -0.001 1e-07
vt -0.001 0
vt -0.001 0
vt -0.001 1e-07
vt 0.001 1e-07
vt 0.001 0
vt -0.001 0
vt -0.001 1e-07
vt 0.001 1e-07
vt 0.001 0
f 717/2149/536 718/2150/536 719/2151/536
f 719/2151/536 720/2152/536 717/2149/536
f 721/2153/537 720/2154/537 719/2155/537
f 719/2155/537 722/2156/537 721/2153/537
f 721/2157/538 722/2158/538 723/2159/538
f 723/2159/538 724/2160/538 721/2157/538
f 724/2161/539 717/2162/539 720/2163/539
f 720/2163/539 721/2164/539 724/2161/539
f 723/2165/540 718/2166/540 717/2167/540
f 717/2167/540 724/2168/540 723/2165/540
f 722/2169/541 719/2170/541 718/2171/541
f 718/2171/541 723/2172/541 722/2169/541
g ___38_(1)
v 0.0085001 0.0075 0.0040205 0.333333 0.239216 0.184314
v 0.0085001 0.0075 0.0020205 0.333333 0.239216 0.184314
v 0.0085001 0.0058 0.0020205 0.333333 0.239216 0.184314
v 0.0085001 0.0058 0.0040205 0.333333 0.239216 0.184314
v 0.0085003 0.0058 0.0040205 0.333333 0.239216 0.184314
v 0.0085003 0.0058 0.0020205 0.333333 0.239216 0.184314
v 0.0085003 0.0075 0.0020205 0.333333 0.239216 0.184314
v 0.0085003 0.0075 0.0040205 0.333333 0.239216 0.184314
vn -1 -0 -0
vn 0 -1 -0
vn 1 0 0
vn 0 0 1
vn -0 1 -0
vn -0 -0 -1
vt -0.0023 -0.0025
vt -0.0023 -0.0045
vt -0.004 -0.0045
vt -0.004 -0.0025
vt 0.001 0
vt 0.001 -2e-07
vt -0.001 -2e-07
vt -0.001 0
vt -0.004 -0.0025
vt -0.004 -0.0045
vt -0.0023 -0.0045
vt -0.0023 -0.0025
vt 0 0.00085
vt -2e-07 0.00085
vt -2e-07 -0.00085
vt 0 -0.00085
vt 0.001 0
vt 0.001 -2e-07
vt -0.001 -2e-07
vt -0.001 0
vt 0 -0.00085
vt -2e-07 -0.00085
vt -2e-07 0.00085
vt 0 0.00085
f 725/2173/542 726/2174/542 727/2175/542
f 727/2175/542 728/2176/542 725/2173/542
f 729/2177/543 728/2178/543 727/2179/543
f 727/2179/543 730/2180/543 729/2177/543
f 729/2181/544 730/2182/544 731/2183/544
f 731/2183/544 732/2184/544 729/2181/544
f 732/2185/545 725/2186/545 728/2187/545
f 728/2187/545 729/2188/545 732/2185/545
f 731/2189/546 726/2190/546 725/2191/546
f 725/2191/546 732/2192/546 731/2189/546
f 730/2193/547 727/2194/547 726/2195/547
f 726/2195/547 731/2196/547 730/2193/547
g ___06_(3)_(6)
v -0.0035 0.00749981 0.0020205 0.627451 0.627451 0.643137
v -0.0035 0.00749981 0.0040205 0.627451 0.627451 0.643137
v -0.0055 0.00749981 0.0040205 0.627451 0.627451 0.643137
v -0.0055 0.00749981 0.0020205 0.627451 0.627451 0.643137
v -0.0055 0.00749991 0.0020205 0.627451 0.627451 0.643137
v -0.0055 0.00749991 0.0040205 0.627451 0.627451 0.643137
v -0.0035 0.00749991 0.0040205 0.627451 0.627451 0.643137
v -0.0035 0.00749991 0.0020205 0.627451 0.627451 0.643137
vn 0 -1 1.22465e-16
vn -1 0 0
vn 0 1 -1.22465e-16
vn 0 -1.22465e-16 -1
vn 1 0 0
vn 0 1.22465e-16 1
vt -0.0053 -0.00015
vt -0.0053 -0.00215
vt -0.0073 -0.00215
vt -0.0073 -0.00015
vt -0.001 0
vt -0.001 1e-07
vt 0.001 1e-07
vt 0.001 0
vt -0.0073 -0.00015
vt -0.0073 -0.00215
vt -0.0053 -0.00215
vt -0.0053 -0.00015
vt 0.001 0
vt 0.001 1e-07
vt -0.001 1e-07
vt -0.001 0
vt -0.001 0
vt -0.001 1e-07
vt 0.001 1e-07
vt 0.001 0
vt -0.001 0
vt -0.001 1e-07
vt 0.001 1e-07
vt 0.001 0
f 733/2197/548 734/2198/548 735/2199/548
f 735/2199/548 736/2200/548 733/2197/548
f 737/2201/549 736/2202/549 735/2203/549
f 735/2203/549 738/2204/549 737/2201/549
f 737/2205/550 738/2206/550 739/2207/550
f 739/2207/550 740/2208/550 737/2205/550
f 740/2209/551 733/2210/551 736/2211/551
f 736/2211/551 737/2212/551 740/2209/551
f 739/2213/552 734/2214/552 733/2215/552
f 733/2215/552 740/2216/552 739/2213/552
f 738/2217/553 735/2218/553 734/2219/553
f 734/2219/553 739/2220/553 738/2217/553
g ___06_(4)_(5)
v -0.003076 0.0075001 0.0060205 0.627451 0.627451 0.643137
v -0.003076 0.0075001 0.0080205 0.627451 0.627451 0.643137
v -0.005076 0.0075001 0.0080205 0.627451 0.627451 0.643137
v -0.005076 0.0075001 0.0060205 0.627451 0.627451 0.643137
v -0.005076 0.0075002 0.0060205 0.627451 0.627451 0.643137
v -0.005076 0.0075002 0.0080205 0.627451 0.627451 0.643137
v -0.003076 0.0075002 0.0080205 0.627451 0.627451 0.643137
v -0.003076 0.0075002 0.0060205 0.627451 0.627451 0.643137
vn 0 -1 1.22465e-16
vn -1 0 0
vn 0 1 -1.22465e-16
vn 0 -1.22465e-16 -1
vn 1 0 0
vn 0 1.22465e-16 1
vt -0.0053 -0.00015
vt -0.0053 -0.00215
vt -0.0073 -0.00215
vt -0.0073 -0.00015
vt -0.001 0
vt -0.001 1e-07
vt 0.001 1e-07
vt 0.001 0
vt -0.0073 -0.00015
vt -0.0073 -0.00215
vt -0.0053 -0.00215
vt -0.0053 -0.00015
vt 0.001 0
vt 0.001 1e-07
vt -0.001 1e-07
vt -0.001 0
vt -0.001 0
vt -0.001 1e-07
vt 0.001 1e-07
vt 0.001 0
vt -0.001 0
vt -0.001 1e-07
vt 0.001 1e-07
vt 0.001 0
f 741/2221/554 742/2222/554 743/2223/554
f 743/2223/554 744/2224/554 741/2221/554
f 745/2225/555 744/2226/555 743/2227/555
f 743/2227/555 746/2228/555 745/2225/555
f 745/2229/556 746/2230/556 747/2231/556
f 747/2231/556 748/2232/556 745/2229/556
f 748/2233/557 741/2234/557 744/2235/557
f 744/2235/557 745/2236/557 748/2233/557
f 747/2237/558 742/2238/558 741/2239/558
f 741/2239/558 748/2240/558 747/2237/558
f 746/2241/559 743/2242/559 742/2243/559
f 742/2243/559 747/2244/559 746/2241/559
g ___05_(3)_(9)
v -0.000363063 0.00799983 2e-05 0.333333 0.239216 0.184314
v 0.000502963 0.00749983 2e-05 0.333333 0.239216 0.184314
v 0.000502963 0.00749983 0.00202 0.333333 0.239216 0.184314
v -0.000363063 0.00799983 0.00202 0.333333 0.239216 0.184314
v 0.000503063 0.0075 0.00202 0.333333 0.239216 0.184314
v -0.000362963 0.008 0.00202 0.333333 0.239216 0.184314
v 0.000503063 0.0075 2e-05 0.333333 0.239216 0.184314
v -0.000362963 0.008 2e-05 0.333333 0.239216 0.184314
vn -0.5 -0.866025 1.06058e-16
vn -0 1.22465e-16 1
vn 0.5 0.866025 -1.06058e-16
vn -0.866025 0.5 -6.12323e-17
vn 0 -1.22465e-16 -1
vn 0.866025 -0.5 6.12323e-17
vt -0.006 -0.0002
vt -0.005 -0.0002
vt -0.005 -0.0022
vt -0.006 -0.0022
vt 0.0005 -0.0083998
vt 0.0005 -0.0084
vt -0.0005 -0.0084
vt -0.0005 -0.0083998
vt -0.006 -0.0022
vt -0.005 -0.0022
vt -0.005 -0.0002
vt -0.006 -0.0002
vt -0.001 -0.0084
vt -0.001 -0.0083998
vt 0.001 -0.0083998
vt 0.001 -0.0084
vt -0.0005 -0.0083998
vt 0.0005 -0.0083998
vt 0.0005 -0.0084
vt -0.0005 -0.0084
vt 0.001 -0.0084
vt 0.001 -0.0083998
vt -0.001 -0.0083998
vt -0.001 -0.0084
f 749/2245/560 750/2246/560 751/2247/560
f 751/2247/560 752/2248/560 749/2245/560
f 751/2249/561 753/2250/561 754/2251/561
f 754/2251/561 752/2252/561 751/2249/561
f 754/2253/562 753/2254/562 755/2255/562
f 755/2255/562 756/2256/562 754/2253/562
f 756/2257/563 749/2258/563 752/2259/563
f 752/2259/563 754/2260/563 756/2257/563
f 750/2261/564 749/2262/564 756/2263/564
f 756/2263/564 755/2264/564 750/2261/564
f 753/2265/565 751/2266/565 750/2267/565
f 750/2267/565 755/2268/565 753/2265/565
g ___06_(5)_(4)
v -0.000764001 0.00459985 0.0080105 1 1 1
v -0.000764001 0.00459985 0.0060105 1 1 1
v -0.000764001 0.00259985 0.0060105 1 1 1
v -0.000764001 0.00259985 0.0080105 1 1 1
v -0.000763901 0.00259985 0.0080105 1 1 1
v -0.000763901 0.00259985 0.0060105 1 1 1
v -0.000763901 0.00459985 0.0060105 1 1 1
v -0.000763901 0.00459985 0.0080105 1 1 1
vn -1 6.12323e-17 0
vn -6.12323e-17 -1 -0
vn 1 -6.12323e-17 0
vn 0 0 1
vn 6.12323e-17 1 0
vn 0 0 -1
vt -0.0053 -0.00015
vt -0.0053 -0.00215
vt -0.0073 -0.00215
vt -0.0073 -0.00015
vt -0.001 0
vt -0.001 1e-07
vt 0.001 1e-07
vt 0.001 0
vt -0.0073 -0.00015
vt -0.0073 -0.00215
vt -0.0053 -0.00215
vt -0.0053 -0.00015
vt 0.001 0
vt 0.001 1e-07
vt -0.001 1e-07
vt -0.001 0
vt -0.001 0
vt -0.001 1e-07
vt 0.001 1e-07
vt 0.001 0
vt -0.001 0
vt -0.001 1e-07
vt 0.001 1e-07
vt 0.001 0
f 757/2269/566 758/2270/566 759/2271/566
f 759/2271/566 760/2272/566 757/2269/566
f 761/2273/567 760/2274/567 759/2275/567
f 759/2275/567 762/2276/567 761/2273/567
f 761/2277/568 762/2278/568 763/2279/568
f 763/2279/568 764/2280/568 761/2277/568
f 764/2281/569 757/2282/569 760/2283/569
f 760/2283/569 761/2284/569 764/2281/569
f 763/2285/570 758/2286/570 757/2287/570
f 757/2287/570 764/2288/570 763/2285/570
f 762/2289/571 759/2290/571 758/2291/571
f 758/2291/571 763/2292/571 762/2289/571
g ___06_(7)_(2)
v -0.0073 0.00459985 0.0060105 1 1 1
v -0.0073 0.00459985 0.0080105 1 1 1
v -0.0073 0.00259985 0.0080105 1 1 1
v -0.0073 0.00259985 0.0060105 1 1 1
v -0.0073001 0.00259985 0.0060105 1 1 1
v -0.0073001 0.00259985 0.0080105 1 1 1
v -0.0073001 0.00459985 0.0080105 1 1 1
v -0.0073001 0.00459985 0.0060105 1 1 1
vn 1 6.12323e-17 1.22465e-16
vn 6.12323e-17 -1 7.4988e-33
vn -1 -6.12323e-17 -1.22465e-16
vn 1.22465e-16 0 -1
vn -6.12323e-17 1 -7.4988e-33
vn -1.22465e-16 0 1
vt -0.0053 -0.00015
vt -0.0053 -0.00215
vt -0.0073 -0.00215
vt -0.0073 -0.00015
vt -0.001 0
vt -0.001 1e-07
vt 0.001 1e-07
vt 0.001 0
vt -0.0073 -0.00015
vt -0.0073 -0.00215
vt -0.0053 -0.00215
vt -0.0053 -0.00015
vt 0.001 0
vt 0.001 1e-07
vt -0.001 1e-07
vt -0.001 0
vt -0.001 0
vt -0.001 1e-07
vt 0.001 1e-07
vt 0.001 0
vt -0.001 0
vt -0.001 1e-07
vt 0.001 1e-07
vt 0.001 0
f 765/2293/572 766/2294/572 767/2295/572
f 767/2295/572 768/2296/572 765/2293/572
f 769/2297/573 768/2298/573 767/2299/573
f 767/2299/573 770/2300/573 769/2297/573
f 769/2301/574 770/2302/574 771/2303/574
f 771/2303/574 772/2304/574 769/2301/574
f 772/2305/575 765/2306/575 768/2307/575
f 768/2307/575 769/2308/575 772/2305/575
f 771/2309/576 766/2310/576 765/2311/576
f 765/2311/576 772/2312/576 771/2309/576
f 770/2313/577 767/2314/577 766/2315/577
f 766/2315/577 771/2316/577 770/2313/577
g ___05_(2)_(6)
v -0.0025 -0.0002001 0.0060205 0.333333 0.239216 0.184314
v -0.0015 -0.0002001 0.0060205 0.333333 0.239216 0.184314
v -0.0015 -0.0002001 0.0040205 0.333333 0.239216 0.184314
v -0.0025 -0.0002001 0.0040205 0.333333 0.239216 0.184314
v -0.0015 -0.0002003 0.0040205 0.333333 0.239216 0.184314
v -0.0025 -0.0002003 0.0040205 0.333333 0.239216 0.184314
v -0.0015 -0.0002003 0.0060205 0.333333 0.239216 0.184314
v -0.0025 -0.0002003 0.0060205 0.333333 0.239216 0.184314
vn 0 1 0
vn -0 0 -1
vn 0 -1 0
vn -1 0 -0
vn 0 0 1
vn 1 0 0
vt -0.006 -0.0002
vt -0.005 -0.0002
vt -0.005 -0.0022
vt -0.006 -0.0022
vt 0.0005 -0.0083998
vt 0.0005 -0.0084
vt -0.0005 -0.0084
vt -0.0005 -0.0083998
vt -0.006 -0.0022
vt -0.005 -0.0022
vt -0.005 -0.0002
vt -0.006 -0.0002
vt -0.001 -0.0084
vt -0.001 -0.0083998
vt 0.001 -0.0083998
vt 0.001 -0.0084
vt -0.0005 -0.0083998
vt 0.0005 -0.0083998
vt 0.0005 -0.0084
vt -0.0005 -0.0084
vt 0.001 -0.0084
vt 0.001 -0.0083998
vt -0.001 -0.0083998
vt -0.001 -0.0084
f 773/2317/578 774/2318/578 775/2319/578
f 775/2319/578 776/2320/578 773/2317/578
f 775/2321/579 777/2322/579 778/2323/579
f 778/2323/579 776/2324/579 775/2321/579
f 778/2325/580 777/2326/580 779/2327/580
f 779/2327/580 780/2328/580 778/2325/580
f 780/2329/581 773/2330/581 776/2331/581
f 776/2331/581 778/2332/581 780/2329/581
f 774/2333/582 773/2334/582 780/2335/582
f 780/2335/582 779/2336/582 774/2333/582
f 777/2337/583 775/2338/583 774/2339/583
f 774/2339/583 779/2340/583 777/2337/583
g ___06_(2)_(7)
v -0.0035 -0.0002 0.0040205 1 1 1
v -0.0035 -0.0002 0.0020205 1 1 1
v -0.0055 -0.0002 0.0020205 1 1 1
v -0.0055 -0.0002 0.0040205 1 1 1
v -0.0055 -0.0002001 0.0040205 1 1 1
v -0.0055 -0.0002001 0.0020205 1 1 1
v -0.0035 -0.0002001 0.0020205 1 1 1
v -0.0035 -0.0002001 0.0040205 1 1 1
vn -0 1 -0
vn -1 -0 -0
vn 0 -1 0
vn -0 0 1
vn 1 -0 -0
vn 0 -0 -1
vt -0.0053 -0.00015
vt -0.0053 -0.00215
vt -0.0073 -0.00215
vt -0.0073 -0.00015
vt -0.001 0
vt -0.001 1e-07
vt 0.001 1e-07
vt 0.001 0
vt -0.0073 -0.00015
vt -0.0073 -0.00215
vt -0.0053 -0.00215
vt -0.0053 -0.00015
vt 0.001 0
vt 0.001 1e-07
vt -0.001 1e-07
vt -0.001 0
vt -0.001 0
vt -0.001 1e-07
vt 0.001 1e-07
vt 0.001 0
vt -0.001 0
vt -0.001 1e-07
vt 0.001 1e-07
vt 0.001 0
f 781/2341/584 782/2342/584 783/2343/584
f 783/2343/584 784/2344/584 781/2341/584
f 785/2345/585 784/2346/585 783/2347/585
f 783/2347/585 786/2348/585 785/2345/585
f 785/2349/586 786/2350/586 787/2351/586
f 787/2351/586 788/2352/586 785/2349/586
f 788/2353/587 781/2354/587 784/2355/587
f 784/2355/587 785/2356/587 788/2353/587
f 787/2357/588 782/2358/588 781/2359/588
f 781/2359/588 788/2360/588 787/2357/588
f 786/2361/589 783/2362/589 782/2363/589
f 782/2363/589 787/2364/589 786/2361/589
g ___02_(2)_(2)
v 0.0083 0.0075 0.0020205 0.627451 0.627451 0.643137
v 0.0085 0.0075 0.0020205 0.627451 0.627451 0.643137
v 0.0085 -0.0002 0.0020205 0.627451 0.627451 0.643137
v 0.0083 -0.0002 0.0020205 0.627451 0.627451 0.643137
v 0.0083 -0.0002 0.0040205 0.627451 0.627451 0.643137
v 0.0085 -0.0002 0.0040205 0.627451 0.627451 0.643137
v 0.0085 0.0075 0.0040205 0.627451 0.627451 0.643137
v 0.0083 0.0075 0.0040205 0.627451 0.627451 0.643137
vn -0 -0 -1
vn -0 -1 -0
vn 0 0 1
vn -1 0 0
vn 0 1 0
vn 1 0 -0
vt -0.008 0.0079
vt -0.0078 0.0079
vt -0.0078 0.0002
vt -0.008 0.0002
vt 0 -0.0001
vt -0.002 -0.0001
vt -0.002 0.0001
vt 0 0.0001
vt -0.008 0.0002
vt -0.0078 0.0002
vt -0.0078 0.0079
vt -0.008 0.0079
vt 0 0.00385
vt -0.002 0.00385
vt -0.002 -0.00385
vt 0 -0.00385
vt 0 0.0001
vt -0.002 0.0001
vt -0.002 -0.0001
vt 0 -0.0001
vt -0 -0.00385
vt 0.002 -0.00385
vt 0.002 0.00385
vt 0 0.00385
f 789/2365/590 790/2366/590 791/2367/590
f 791/2367/590 792/2368/590 789/2365/590
f 793/2369/591 792/2370/591 791/2371/591
f 791/2371/591 794/2372/591 793/2369/591
f 793/2373/592 794/2374/592 795/2375/592
f 795/2375/592 796/2376/592 793/2373/592
f 796/2377/593 789/2378/593 792/2379/593
f 792/2379/593 793/2380/593 796/2377/593
f 795/2381/594 790/2382/594 789/2383/594
f 789/2383/594 796/2384/594 795/2381/594
f 794/2385/595 791/2386/595 790/2387/595
f 790/2387/595 795/2388/595 794/2385/595
g ___06_(3)_(7)
v -0.0035 0.00749981 2e-05 0.627451 0.627451 0.643137
v -0.0035 0.00749981 0.00202 0.627451 0.627451 0.643137
v -0.0055 0.00749981 0.00202 0.627451 0.627451 0.643137
v -0.0055 0.00749981 2e-05 0.627451 0.627451 0.643137
v -0.0055 0.00749991 2e-05 0.627451 0.627451 0.643137
v -0.0055 0.00749991 0.00202 0.627451 0.627451 0.643137
v -0.0035 0.00749991 0.00202 0.627451 0.627451 0.643137
v -0.0035 0.00749991 2e-05 0.627451 0.627451 0.643137
vn 0 -1 1.22465e-16
vn -1 0 0
vn 0 1 -1.22465e-16
vn 0 -1.22465e-16 -1
vn 1 0 0
vn 0 1.22465e-16 1
vt -0.0053 -0.00015
vt -0.0053 -0.00215
vt -0.0073 -0.00215
vt -0.0073 -0.00015
vt -0.001 0
vt -0.001 1e-07
vt 0.001 1e-07
vt 0.001 0
vt -0.0073 -0.00015
vt -0.0073 -0.00215
vt -0.0053 -0.00215
vt -0.0053 -0.00015
vt 0.001 0
vt 0.001 1e-07
vt -0.001 1e-07
vt -0.001 0
vt -0.001 0
vt -0.001 1e-07
vt 0.001 1e-07
vt 0.001 0
vt -0.001 0
vt -0.001 1e-07
vt 0.001 1e-07
vt 0.001 0
f 797/2389/596 798/2390/596 799/2391/596
f 799/2391/596 800/2392/596 797/2389/596
f 801/2393/597 800/2394/597 799/2395/597
f 799/2395/597 802/2396/597 801/2393/597
f 801/2397/598 802/2398/598 803/2399/598
f 803/2399/598 804/2400/598 801/2397/598
f 804/2401/599 797/2402/599 800/2403/599
f 800/2403/599 801/2404/599 804/2401/599
f 803/2405/600 798/2406/600 797/2407/600
f 797/2407/600 804/2408/600 803/2405/600
f 802/2409/601 799/2410/601 798/2411/601
f 798/2411/601 803/2412/601 802/2409/601
g ___05_(2)_(7)
v -0.0045 -0.0002001 0.0040205 0.333333 0.239216 0.184314
v -0.0035 -0.0002001 0.0040205 0.333333 0.239216 0.184314
v -0.0035 -0.0002001 0.0020205 0.333333 0.239216 0.184314
v -0.0045 -0.0002001 0.0020205 0.333333 0.239216 0.184314
v -0.0035 -0.0002003 0.0020205 0.333333 0.239216 0.184314
v -0.0045 -0.0002003 0.0020205 0.333333 0.239216 0.184314
v -0.0035 -0.0002003 0.0040205 0.333333 0.239216 0.184314
v -0.0045 -0.0002003 0.0040205 0.333333 0.239216 0.184314
vn 0 1 0
vn -0 0 -1
vn 0 -1 0
vn -1 0 -0
vn 0 0 1
vn 1 0 0
vt -0.006 -0.0002
vt -0.005 -0.0002
vt -0.005 -0.0022
vt -0.006 -0.0022
vt 0.0005 -0.0083998
vt 0.0005 -0.0084
vt -0.0005 -0.0084
vt -0.0005 -0.0083998
vt -0.006 -0.0022
vt -0.005 -0.0022
vt -0.005 -0.0002
vt -0.006 -0.0002
vt -0.001 -0.0084
vt -0.001 -0.0083998
vt 0.001 -0.0083998
vt 0.001 -0.0084
vt -0.0005 -0.0083998
vt 0.0005 -0.0083998
vt 0.0005 -0.0084
vt -0.0005 -0.0084
vt 0.001 -0.0084
vt 0.001 -0.0083998
vt -0.001 -0.0083998
vt -0.001 -0.0084
f 805/2413/602 806/2414/602 807/2415/602
f 807/2415/602 808/2416/602 805/2413/602
f 807/2417/603 809/2418/603 810/2419/603
f 810/2419/603 808/2420/603 807/2417/603
f 810/2421/604 809/2422/604 811/2423/604
f 811/2423/604 812/2424/604 810/2421/604
f 812/2425/605 805/2426/605 808/2427/605
f 808/2427/605 810/2428/605 812/2425/605
f 806/2429/606 805/2430/606 812/2431/606
f 812/2431/606 811/2432/606 806/2429/606
f 809/2433/607 807/2434/607 806/2435/607
f 806/2435/607 811/2436/607 809/2433/607
g ___06_(2)_(8)
v -0.0015 -0.0002 0.0060205 1 1 1
v -0.0015 -0.0002 0.0040205 1 1 1
v -0.0035 -0.0002 0.0040205 1 1 1
v -0.0035 -0.0002 0.0060205 1 1 1
v -0.0035 -0.0002001 0.0060205 1 1 1
v -0.0035 -0.0002001 0.0040205 1 1 1
v -0.0015 -0.0002001 0.0040205 1 1 1
v -0.0015 -0.0002001 0.0060205 1 1 1
vn -0 1 -0
vn -1 -0 -0
vn 0 -1 0
vn -0 0 1
vn 1 -0 -0
vn 0 -0 -1
vt -0.0053 -0.00015
vt -0.0053 -0.00215
vt -0.0073 -0.00215
vt -0.0073 -0.00015
vt -0.001 0
vt -0.001 1e-07
vt 0.001 1e-07
vt 0.001 0
vt -0.0073 -0.00015
vt -0.0073 -0.00215
vt -0.0053 -0.00215
vt -0.0053 -0.00015
vt 0.001 0
vt 0.001 1e-07
vt -0.001 1e-07
vt -0.001 0
vt -0.001 0
vt -0.001 1e-07
vt 0.001 1e-07
vt 0.001 0
vt -0.001 0
vt -0.001 1e-07
vt 0.001 1e-07
vt 0.001 0
f 813/2437/608 814/2438/608 815/2439/608
f 815/2439/608 816/2440/608 813/2437/608
f 817/2441/609 816/2442/609 815/2443/609
f 815/2443/609 818/2444/609 817/2441/609
f 817/2445/610 818/2446/610 819/2447/610
f 819/2447/610 820/2448/610 817/2445/610
f 820/2449/611 813/2450/611 816/2451/611
f 816/2451/611 817/2452/611 820/2449/611
f 819/2453/612 814/2454/612 813/2455/612
f 813/2455/612 820/2456/612 819/2453/612
f 818/2457/613 815/2458/613 814/2459/613
f 814/2459/613 819/2460/613 818/2457/613
g ___06_(3)_(8)
v -0.0015 0.00749981 0.0040205 0.627451 0.627451 0.643137
v -0.0015 0.00749981 0.0060205 0.627451 0.627451 0.643137
v -0.0035 0.00749981 0.0060205 0.627451 0.627451 0.643137
v -0.0035 0.00749981 0.0040205 0.627451 0.627451 0.643137
v -0.0035 0.00749991 0.0040205 0.627451 0.627451 0.643137
v -0.0035 0.00749991 0.0060205 0.627451 0.627451 0.643137
v -0.0015 0.00749991 0.0060205 0.627451 0.627451 0.643137
v -0.0015 0.00749991 0.0040205 0.627451 0.627451 0.643137
vn 0 -1 1.22465e-16
vn -1 0 0
vn 0 1 -1.22465e-16
vn 0 -1.22465e-16 -1
vn 1 0 0
vn 0 1.22465e-16 1
vt -0.0053 -0.00015
vt -0.0053 -0.00215
vt -0.0073 -0.00215
vt -0.0073 -0.00015
vt -0.001 0
vt -0.001 1e-07
vt 0.001 1e-07
vt 0.001 0
vt -0.0073 -0.00015
vt -0.0073 -0.00215
vt -0.0053 -0.00215
vt -0.0053 -0.00015
vt 0.001 0
vt 0.001 1e-07
vt -0.001 1e-07
vt -0.001 0
vt -0.001 0
vt -0.001 1e-07
vt 0.001 1e-07
vt 0.001 0
vt -0.001 0
vt -0.001 1e-07
vt 0.001 1e-07
vt 0.001 0
f 821/2461/614 822/2462/614 823/2463/614
f 823/2463/614 824/2464/614 821/2461/614
f 825/2465/615 824/2466/615 823/2467/615
f 823/2467/615 826/2468/615 825/2465/615
f 825/2469/616 826/2470/616 827/2471/616
f 827/2471/616 828/2472/616 825/2469/616
f 828/2473/617 821/2474/617 824/2475/617
f 824/2475/617 825/2476/617 828/2473/617
f 827/2477/618 822/2478/618 821/2479/618
f 821/2479/618 828/2480/618 827/2477/618
f 826/2481/619 823/2482/619 822/2483/619
f 822/2483/619 827/2484/619 826/2481/619
g ___06_(4)_(6)
v 0.0005 0.00749981 0.0040205 0.627451 0.627451 0.643137
v 0.0005 0.00749981 0.0060205 0.627451 0.627451 0.643137
v -0.0015 0.00749981 0.0060205 0.627451 0.627451 0.643137
v -0.0015 0.00749981 0.0040205 0.627451 0.627451 0.643137
v -0.0015 0.00749991 0.0040205 0.627451 0.627451 0.643137
v -0.0015 0.00749991 0.0060205 0.627451 0.627451 0.643137
v 0.0005 0.00749991 0.0060205 0.627451 0.627451 0.643137
v 0.0005 0.00749991 0.0040205 0.627451 0.627451 0.643137
vn 0 -1 1.22465e-16
vn -1 0 0
vn 0 1 -1.22465e-16
vn 0 -1.22465e-16 -1
vn 1 0 0
vn 0 1.22465e-16 1
vt -0.0053 -0.00015
vt -0.0053 -0.00215
vt -0.0073 -0.00215
vt -0.0073 -0.00015
vt -0.001 0
vt -0.001 1e-07
vt 0.001 1e-07
vt 0.001 0
vt -0.0073 -0.00015
vt -0.0073 -0.00215
vt -0.0053 -0.00215
vt -0.0053 -0.00015
vt 0.001 0
vt 0.001 1e-07
vt -0.001 1e-07
vt -0.001 0
vt -0.001 0
vt -0.001 1e-07
vt 0.001 1e-07
vt 0.001 0
vt -0.001 0
vt -0.001 1e-07
vt 0.001 1e-07
vt 0.001 0
f 829/2485/620 830/2486/620 831/2487/620
f 831/2487/620 832/2488/620 829/2485/620
f 833/2489/621 832/2490/621 831/2491/621
f 831/2491/621 834/2492/621 833/2489/621
f 833/2493/622 834/2494/622 835/2495/622
f 835/2495/622 836/2496/622 833/2493/622
f 836/2497/623 829/2498/623 832/2499/623
f 832/2499/623 833/2500/623 836/2497/623
f 835/2501/624 830/2502/624 829/2503/624
f 829/2503/624 836/2504/624 835/2501/624
f 834/2505/625 831/2506/625 830/2507/625
f 830/2507/625 835/2508/625 834/2505/625
g ___06_(6)_(3)
v 0.0025 0.00749981 0.0020205 0.627451 0.627451 0.643137
v 0.0025 0.00749981 0.0040205 0.627451 0.627451 0.643137
v 0.0005 0.00749981 0.0040205 0.627451 0.627451 0.643137
v 0.0005 0.00749981 0.0020205 0.627451 0.627451 0.643137
v 0.0005 0.00749991 0.0020205 0.627451 0.627451 0.643137
v 0.0005 0.00749991 0.0040205 0.627451 0.627451 0.643137
v 0.0025 0.00749991 0.0040205 0.627451 0.627451 0.643137
v 0.0025 0.00749991 0.0020205 0.627451 0.627451 0.643137
vn 0 -1 1.22465e-16
vn -1 0 0
vn 0 1 -1.22465e-16
vn 0 -1.22465e-16 -1
vn 1 0 0
vn 0 1.22465e-16 1
vt -0.0053 -0.00015
vt -0.0053 -0.00215
vt -0.0073 -0.00215
vt -0.0073 -0.00015
vt -0.001 0
vt -0.001 1e-07
vt 0.001 1e-07
vt 0.001 0
vt -0.0073 -0.00015
vt -0.0073 -0.00215
vt -0.0053 -0.00215
vt -0.0053 -0.00015
vt 0.001 0
vt 0.001 1e-07
vt -0.001 1e-07
vt -0.001 0
vt -0.001 0
vt -0.001 1e-07
vt 0.001 1e-07
vt 0.001 0
vt -0.001 0
vt -0.001 1e-07
vt 0.001 1e-07
vt 0.001 0
f 837/2509/626 838/2510/626 839/2511/626
f 839/2511/626 840/2512/626 837/2509/626
f 841/2513/627 840/2514/627 839/2515/627
f 839/2515/627 842/2516/627 841/2513/627
f 841/2517/628 842/2518/628 843/2519/628
f 843/2519/628 844/2520/628 841/2517/628
f 844/2521/629 837/2522/629 840/2523/629
f 840/2523/629 841/2524/629 844/2521/629
f 843/2525/630 838/2526/630 837/2527/630
f 837/2527/630 844/2528/630 843/2525/630
f 842/2529/631 839/2530/631 838/2531/631
f 838/2531/631 843/2532/631 842/2529/631
g ___06_(4)_(7)
v -0.0015 0.00749981 2e-05 0.627451 0.627451 0.643137
v -0.0015 0.00749981 0.00202 0.627451 0.627451 0.643137
v -0.0035 0.00749981 0.00202 0.627451 0.627451 0.643137
v -0.0035 0.00749981 2e-05 0.627451 0.627451 0.643137
v -0.0035 0.00749991 2e-05 0.627451 0.627451 0.643137
v -0.0035 0.00749991 0.00202 0.627451 0.627451 0.643137
v -0.0015 0.00749991 0.00202 0.627451 0.627451 0.643137
v -0.0015 0.00749991 2e-05 0.627451 0.627451 0.643137
vn 0 -1 1.22465e-16
vn -1 0 0
vn 0 1 -1.22465e-16
vn 0 -1.22465e-16 -1
vn 1 0 0
vn 0 1.22465e-16 1
vt -0.0053 -0.00015
vt -0.0053 -0.00215
vt -0.0073 -0.00215
vt -0.0073 -0.00015
vt -0.001 0
vt -0.001 1e-07
vt 0.001 1e-07
vt 0.001 0
vt -0.0073 -0.00015
vt -0.0073 -0.00215
vt -0.0053 -0.00215
vt -0.0053 -0.00015
vt 0.001 0
vt 0.001 1e-07
vt -0.001 1e-07
vt -0.001 0
vt -0.001 0
vt -0.001 1e-07
vt 0.001 1e-07
vt 0.001 0
vt -0.001 0
vt -0.001 1e-07
vt 0.001 1e-07
vt 0.001 0
f 845/2533/632 846/2534/632 847/2535/632
f 847/2535/632 848/2536/632 845/2533/632
f 849/2537/633 848/2538/633 847/2539/633
f 847/2539/633 850/2540/633 849/2537/633
f 849/2541/634 850/2542/634 851/2543/634
f 851/2543/634 852/2544/634 849/2541/634
f 852/2545/635 845/2546/635 848/2547/635
f 848/2547/635 849/2548/635 852/2545/635
f 851/2549/636 846/2550/636 845/2551/636
f 845/2551/636 852/2552/636 851/2549/636
f 850/2553/637 847/2554/637 846/2555/637
f 846/2555/637 851/2556/637 850/2553/637
g ___06_(3)_(9)
v 0.0005 -0.0002 0.0060205 1 1 1
v 0.0005 -0.0002 0.0040205 1 1 1
v -0.0015 -0.0002 0.0040205 1 1 1
v -0.0015 -0.0002 0.0060205 1 1 1
v -0.0015 -0.0002001 0.0060205 1 1 1
v -0.0015 -0.0002001 0.0040205 1 1 1
v 0.0005 -0.0002001 0.0040205 1 1 1
v 0.0005 -0.0002001 0.0060205 1 1 1
vn -0 1 -0
vn -1 -0 -0
vn 0 -1 0
vn -0 0 1
vn 1 -0 -0
vn 0 -0 -1
vt -0.0053 -0.00015
vt -0.0053 -0.00215
vt -0.0073 -0.00215
vt -0.0073 -0.00015
vt -0.001 0
vt -0.001 1e-07
vt 0.001 1e-07
vt 0.001 0
vt -0.0073 -0.00015
vt -0.0073 -0.00215
vt -0.0053 -0.00215
vt -0.0053 -0.00015
vt 0.001 0
vt 0.001 1e-07
vt -0.001 1e-07
vt -0.001 0
vt -0.001 0
vt -0.001 1e-07
vt 0.001 1e-07
vt 0.001 0
vt -0.001 0
vt -0.001 1e-07
vt 0.001 1e-07
vt 0.001 0
f 853/2557/638 854/2558/638 855/2559/638
f 855/2559/638 856/2560/638 853/2557/638
f 857/2561/639 856/2562/639 855/2563/639
f 855/2563/639 858/2564/639 857/2561/639
f 857/2565/640 858/2566/640 859/2567/640
f 859/2567/640 860/2568/640 857/2565/640
f 860/2569/641 853/2570/641 856/2571/641
f 856/2571/641 857/2572/641 860/2569/641
f 859/2573/642 854/2574/642 853/2575/642
f 853/2575/642 860/2576/642 859/2573/642
f 858/2577/643 855/2578/643 854/2579/643
f 854/2579/643 859/2580/643 858/2577/643
g ___06_(6)_(4)
v 0.0065 -0.0002 0.0040205 1 1 1
v 0.0065 -0.0002 0.0020205 1 1 1
v 0.0045 -0.0002 0.0020205 1 1 1
v 0.0045 -0.0002 0.0040205 1 1 1
v 0.0045 -0.0002001 0.0040205 1 1 1
v 0.0045 -0.0002001 0.0020205 1 1 1
v 0.0065 -0.0002001 0.0020205 1 1 1
v 0.0065 -0.0002001 0.0040205 1 1 1
vn -0 1 -0
vn -1 -0 -0
vn 0 -1 0
vn -0 0 1
vn 1 -0 -0
vn 0 -0 -1
vt -0.0053 -0.00015
vt -0.0053 -0.00215
vt -0.0073 -0.00215
vt -0.0073 -0.00015
vt -0.001 0
vt -0.001 1e-07
vt 0.001 1e-07
vt 0.001 0
vt -0.0073 -0.00015
vt -0.0073 -0.00215
vt -0.0053 -0.00215
vt -0.0053 -0.00015
vt 0.001 0
vt 0.001 1e-07
vt -0.001 1e-07
vt -0.001 0
vt -0.001 0
vt -0.001 1e-07
vt 0.001 1e-07
vt 0.001 0
vt -0.001 0
vt -0.001 1e-07
vt 0.001 1e-07
vt 0.001 0
f 861/2581/644 862/2582/644 863/2583/644
f 863/2583/644 864/2584/644 861/2581/644
f 865/2585/645 864/2586/645 863/2587/645
f 863/2587/645 866/2588/645 865/2585/645
f 865/2589/646 866/2590/646 867/2591/646
f 867/2591/646 868/2592/646 865/2589/646
f 868/2593/647 861/2594/647 864/2595/647
f 864/2595/647 865/2596/647 868/2593/647
f 867/2597/648 862/2598/648 861/2599/648
f 861/2599/648 868/2600/648 867/2597/648
f 866/2601/649 863/2602/649 862/2603/649
f 862/2603/649 867/2604/649 866/2601/649
g ___06_(5)_(5)
v 0.0005 0.00749981 0.0020205 0.627451 0.627451 0.643137
v 0.0005 0.00749981 0.0040205 0.627451 0.627451 0.643137
v -0.0015 0.00749981 0.0040205 0.627451 0.627451 0.643137
v -0.0015 0.00749981 0.0020205 0.627451 0.627451 0.643137
v -0.0015 0.00749991 0.0020205 0.627451 0.627451 0.643137
v -0.0015 0.00749991 0.0040205 0.627451 0.627451 0.643137
v 0.0005 0.00749991 0.0040205 0.627451 0.627451 0.643137
v 0.0005 0.00749991 0.0020205 0.627451 0.627451 0.643137
vn 0 -1 1.22465e-16
vn -1 0 0
vn 0 1 -1.22465e-16
vn 0 -1.22465e-16 -1
vn 1 0 0
vn 0 1.22465e-16 1
vt -0.0053 -0.00015
vt -0.0053 -0.00215
vt -0.0073 -0.00215
vt -0.0073 -0.00015
vt -0.001 0
vt -0.001 1e-07
vt 0.001 1e-07
vt 0.001 0
vt -0.0073 -0.00015
vt -0.0073 -0.00215
vt -0.0053 -0.00215
vt -0.0053 -0.00015
vt 0.001 0
vt 0.001 1e-07
vt -0.001 1e-07
vt -0.001 0
vt -0.001 0
vt -0.001 1e-07
vt 0.001 1e-07
vt 0.001 0
vt -0.001 0
vt -0.001 1e-07
vt 0.001 1e-07
vt 0.001 0
f 869/2605/650 870/2606/650 871/2607/650
f 871/2607/650 872/2608/650 869/2605/650
f 873/2609/651 872/2610/651 871/2611/651
f 871/2611/651 874/2612/651 873/2609/651
f 873/2613/652 874/2614/652 875/2615/652
f 875/2615/652 876/2616/652 873/2613/652
f 876/2617/653 869/2618/653 872/2619/653
f 872/2619/653 873/2620/653 876/2617/653
f 875/2621/654 870/2622/654 869/2623/654
f 869/2623/654 876/2624/654 875/2621/654
f 874/2625/655 871/2626/655 870/2627/655
f 870/2627/655 875/2628/655 874/2625/655
g ___06_(5)_(6)
v 0.0005 0.00749981 2e-05 0.627451 0.627451 0.643137
v 0.0005 0.00749981 0.00202 0.627451 0.627451 0.643137
v -0.0015 0.00749981 0.00202 0.627451 0.627451 0.643137
v -0.0015 0.00749981 2e-05 0.627451 0.627451 0.643137
v -0.0015 0.00749991 2e-05 0.627451 0.627451 0.643137
v -0.0015 0.00749991 0.00202 0.627451 0.627451 0.643137
v 0.0005 0.00749991 0.00202 0.627451 0.627451 0.643137
v 0.0005 0.00749991 2e-05 0.627451 0.627451 0.643137
vn 0 -1 1.22465e-16
vn -1 0 0
vn 0 1 -1.22465e-16
vn 0 -1.22465e-16 -1
vn 1 0 0
vn 0 1.22465e-16 1
vt -0.0053 -0.00015
vt -0.0053 -0.00215
vt -0.0073 -0.00215
vt -0.0073 -0.00015
vt -0.001 0
vt -0.001 1e-07
vt 0.001 1e-07
vt 0.001 0
vt -0.0073 -0.00015
vt -0.0073 -0.00215
vt -0.0053 -0.00215
vt -0.0053 -0.00015
vt 0.001 0
vt 0.001 1e-07
vt -0.001 1e-07
vt -0.001 0
vt -0.001 0
vt -0.001 1e-07
vt 0.001 1e-07
vt 0.001 0
vt -0.001 0
vt -0.001 1e-07
vt 0.001 1e-07
vt 0.001 0
f 877/2629/656 878/2630/656 879/2631/656
f 879/2631/656 880/2632/656 877/2629/656
f 881/2633/657 880/2634/657 879/2635/657
f 879/2635/657 882/2636/657 881/2633/657
f 881/2637/658 882/2638/658 883/2639/658
f 883/2639/658 884/2640/658 881/2637/658
f 884/2641/659 877/2642/659 880/2643/659
f 880/2643/659 881/2644/659 884/2641/659
f 883/2645/660 878/2646/660 877/2647/660
f 877/2647/660 884/2648/660 883/2645/660
f 882/2649/661 879/2650/661 878/2651/661
f 878/2651/661 883/2652/661 882/2649/661
g ___06_(4)_(8)
v 0.0025 -0.0002 0.0060205 1 1 1
v 0.0025 -0.0002 0.0040205 1 1 1
v 0.0005 -0.0002 0.0040205 1 1 1
v 0.0005 -0.0002 0.0060205 1 1 1
v 0.0005 -0.0002001 0.0060205 1 1 1
v 0.0005 -0.0002001 0.0040205 1 1 1
v 0.0025 -0.0002001 0.0040205 1 1 1
v 0.0025 -0.0002001 0.0060205 1 1 1
vn -0 1 -0
vn -1 -0 -0
vn 0 -1 0
vn -0 0 1
vn 1 -0 -0
vn 0 -0 -1
vt -0.0053 -0.00015
vt -0.0053 -0.00215
vt -0.0073 -0.00215
vt -0.0073 -0.00015
vt -0.001 0
vt -0.001 1e-07
vt 0.001 1e-07
vt 0.001 0
vt -0.0073 -0.00015
vt -0.0073 -0.00215
vt -0.0053 -0.00215
vt -0.0053 -0.00015
vt 0.001 0
vt 0.001 1e-07
vt -0.001 1e-07
vt -0.001 0
vt -0.001 0
vt -0.001 1e-07
vt 0.001 1e-07
vt 0.001 0
vt -0.001 0
vt -0.001 1e-07
vt 0.001 1e-07
vt 0.001 0
f 885/2653/662 886/2654/662 887/2655/662
f 887/2655/662 888/2656/662 885/2653/662
f 889/2657/663 888/2658/663 887/2659/663
f 887/2659/663 890/2660/663 889/2657/663
f 889/2661/664 890/2662/664 891/2663/664
f 891/2663/664 892/2664/664 889/2661/664
f 892/2665/665 885/2666/665 888/2667/665
f 888/2667/665 889/2668/665 892/2665/665
f 891/2669/666 886/2670/666 885/2671/666
f 885/2671/666 892/2672/666 891/2669/666
f 890/2673/667 887/2674/667 886/2675/667
f 886/2675/667 891/2676/667 890/2673/667
g ___06_(5)_(7)
v 0.0025 -0.0002 0.0040205 1 1 1
v 0.0025 -0.0002 0.0020205 1 1 1
v 0.0005 -0.0002 0.0020205 1 1 1
v 0.0005 -0.0002 0.0040205 1 1 1
v 0.0005 -0.0002001 0.0040205 1 1 1
v 0.0005 -0.0002001 0.0020205 1 1 1
v 0.0025 -0.0002001 0.0020205 1 1 1
v 0.0025 -0.0002001 0.0040205 1 1 1
vn -0 1 -0
vn -1 -0 -0
vn 0 -1 0
vn -0 0 1
vn 1 -0 -0
vn 0 -0 -1
vt -0.0053 -0.00015
vt -0.0053 -0.00215
vt -0.0073 -0.00215
vt -0.0073 -0.00015
vt -0.001 0
vt -0.001 1e-07
vt 0.001 1e-07
vt 0.001 0
vt -0.0073 -0.00015
vt -0.0073 -0.00215
vt -0.0053 -0.00215
vt -0.0053 -0.00015
vt 0.001 0
vt 0.001 1e-07
vt -0.001 1e-07
vt -0.001 0
vt -0.001 0
vt -0.001 1e-07
vt 0.001 1e-07
vt 0.001 0
vt -0.001 0
vt -0.001 1e-07
vt 0.001 1e-07
vt 0.001 0
f 893/2677/668 894/2678/668 895/2679/668
f 895/2679/668 896/2680/668 893/2677/668
f 897/2681/669 896/2682/669 895/2683/669
f 895/2683/669 898/2684/669 897/2681/669
f 897/2685/670 898/2686/670 899/2687/670
f 899/2687/670 900/2688/670 897/2685/670
f 900/2689/671 893/2690/671 896/2691/671
f 896/2691/671 897/2692/671 900/2689/671
f 899/2693/672 894/2694/672 893/2695/672
f 893/2695/672 900/2696/672 899/2693/672
f 898/2697/673 895/2698/673 894/2699/673
f 894/2699/673 899/2700/673 898/2697/673
g ___06_(6)_(5)
v 0.0025 0.00749981 2e-05 0.627451 0.627451 0.643137
v 0.0025 0.00749981 0.00202 0.627451 0.627451 0.643137
v 0.0005 0.00749981 0.00202 0.627451 0.627451 0.643137
v 0.0005 0.00749981 2e-05 0.627451 0.627451 0.643137
v 0.0005 0.00749991 2e-05 0.627451 0.627451 0.643137
v 0.0005 0.00749991 0.00202 0.627451 0.627451 0.643137
v 0.0025 0.00749991 0.00202 0.627451 0.627451 0.643137
v 0.0025 0.00749991 2e-05 0.627451 0.627451 0.643137
vn 0 -1 1.22465e-16
vn -1 0 0
vn 0 1 -1.22465e-16
vn 0 -1.22465e-16 -1
vn 1 0 0
vn 0 1.22465e-16 1
vt -0.0053 -0.00015
vt -0.0053 -0.00215
vt -0.0073 -0.00215
vt -0.0073 -0.00015
vt -0.001 0
vt -0.001 1e-07
vt 0.001 1e-07
vt 0.001 0
vt -0.0073 -0.00015
vt -0.0073 -0.00215
vt -0.0053 -0.00215
vt -0.0053 -0.00015
vt 0.001 0
vt 0.001 1e-07
vt -0.001 1e-07
vt -0.001 0
vt -0.001 0
vt -0.001 1e-07
vt 0.001 1e-07
vt 0.001 0
vt -0.001 0
vt -0.001 1e-07
vt 0.001 1e-07
vt 0.001 0
f 901/2701/674 902/2702/674 903/2703/674
f 903/2703/674 904/2704/674 901/2701/674
f 905/2705/675 904/2706/675 903/2707/675
f 903/2707/675 906/2708/675 905/2705/675
f 905/2709/676 906/2710/676 907/2711/676
f 907/2711/676 908/2712/676 905/2709/676
f 908/2713/677 901/2714/677 904/2715/677
f 904/2715/677 905/2716/677 908/2713/677
f 907/2717/678 902/2718/678 901/2719/678
f 901/2719/678 908/2720/678 907/2717/678
f 906/2721/679 903/2722/679 902/2723/679
f 902/2723/679 907/2724/679 906/2721/679
g ___37
v 0.0085 -0.0002 0.0040205 0.627451 0.627451 0.643137
v 0.0085 -0.0002 0.0060205 0.627451 0.627451 0.643137
v 0.0085 0.0075 0.0060205 0.627451 0.627451 0.643137
v 0.0085 0.0075 0.0040205 0.627451 0.627451 0.643137
v 0.0085001 -0.0002 0.0040205 0.627451 0.627451 0.643137
v 0.0085001 0.0075 0.0040205 0.627451 0.627451 0.643137
v 0.0085001 0.0075 0.0060205 0.627451 0.627451 0.643137
v 0.0085001 -0.0002 0.0060205 0.627451 0.627451 0.643137
vn -1 -0 -0
vn 0 0 -1
vn 1 0 0
vn 0 -1 -0
vn 0 0 1
vn -0 1 0
vt -0.01 -0.0023
vt -0.01 -0.0003
vt -0.0023 -0.0003
vt -0.0023 -0.0023
vt 0.0089999 -0.00385
vt 0.009 -0.00385
vt 0.009 0.00385
vt 0.0089999 0.00385
vt -0.01 -0.0023
vt -0.0023 -0.0023
vt -0.0023 -0.0003
vt -0.01 -0.0003
vt 0.001 -0.0089999
vt 0.001 -0.009
vt -0.001 -0.009
vt -0.001 -0.0089999
vt -0.0089999 0.00385
vt -0.009 0.00385
vt -0.009 -0.00385
vt -0.0089999 -0.00385
vt -0.001 -0.0089999
vt -0.001 -0.009
vt 0.001 -0.009
vt 0.001 -0.0089999
f 909/2725/680 910/2726/680 911/2727/680
f 911/2727/680 912/2728/680 909/2725/680
f 913/2729/681 909/2730/681 912/2731/681
f 912/2731/681 914/2732/681 913/2729/681
f 913/2733/682 914/2734/682 915/2735/682
f 915/2735/682 916/2736/682 913/2733/682
f 916/2737/683 910/2738/683 909/2739/683
f 909/2739/683 913/2740/683 916/2737/683
f 915/2741/684 911/2742/684 910/2743/684
f 910/2743/684 916/2744/684 915/2741/684
f 914/2745/685 912/2746/685 911/2747/685
f 911/2747/685 915/2748/685 914/2745/685
g ___06_(6)_(6)
v 0.0065 0.00749981 0.0040205 0.627451 0.627451 0.643137
v 0.0065 0.00749981 0.0060205 0.627451 0.627451 0.643137
v 0.0045 0.00749981 0.0060205 0.627451 0.627451 0.643137
v 0.0045 0.00749981 0.0040205 0.627451 0.627451 0.643137
v 0.0045 0.00749991 0.0040205 0.627451 0.627451 0.643137
v 0.0045 0.00749991 0.0060205 0.627451 0.627451 0.643137
v 0.0065 0.00749991 0.0060205 0.627451 0.627451 0.643137
v 0.0065 0.00749991 0.0040205 0.627451 0.627451 0.643137
vn 0 -1 1.22465e-16
vn -1 0 0
vn 0 1 -1.22465e-16
vn 0 -1.22465e-16 -1
vn 1 0 0
vn 0 1.22465e-16 1
vt -0.0053 -0.00015
vt -0.0053 -0.00215
vt -0.0073 -0.00215
vt -0.0073 -0.00015
vt -0.001 0
vt -0.001 1e-07
vt 0.001 1e-07
vt 0.001 0
vt -0.0073 -0.00015
vt -0.0073 -0.00215
vt -0.0053 -0.00215
vt -0.0053 -0.00015
vt 0.001 0
vt 0.001 1e-07
vt -0.001 1e-07
vt -0.001 0
vt -0.001 0
vt -0.001 1e-07
vt 0.001 1e-07
vt 0.001 0
vt -0.001 0
vt -0.001 1e-07
vt 0.001 1e-07
vt 0.001 0
f 917/2749/686 918/2750/686 919/2751/686
f 919/2751/686 920/2752/686 917/2749/686
f 921/2753/687 920/2754/687 919/2755/687
f 919/2755/687 922/2756/687 921/2753/687
f 921/2757/688 922/2758/688 923/2759/688
f 923/2759/688 924/2760/688 921/2757/688
f 924/2761/689 917/2762/689 920/2763/689
f 920/2763/689 921/2764/689 924/2761/689
f 923/2765/690 918/2766/690 917/2767/690
f 917/2767/690 924/2768/690 923/2765/690
f 922/2769/691 919/2770/691 918/2771/691
f 918/2771/691 923/2772/691 922/2769/691
g ___06_(7)_(3)
v 0.0065 0.00749981 0.0020205 0.627451 0.627451 0.643137
v 0.0065 0.00749981 0.0040205 0.627451 0.627451 0.643137
v 0.0045 0.00749981 0.0040205 0.627451 0.627451 0.643137
v 0.0045 0.00749981 0.0020205 0.627451 0.627451 0.643137
v 0.0045 0.00749991 0.0020205 0.627451 0.627451 0.643137
v 0.0045 0.00749991 0.0040205 0.627451 0.627451 0.643137
v 0.0065 0.00749991 0.0040205 0.627451 0.627451 0.643137
v 0.0065 0.00749991 0.0020205 0.627451 0.627451 0.643137
vn 0 -1 1.22465e-16
vn -1 0 0
vn 0 1 -1.22465e-16
vn 0 -1.22465e-16 -1
vn 1 0 0
vn 0 1.22465e-16 1
vt -0.0053 -0.00015
vt -0.0053 -0.00215
vt -0.0073 -0.00215
vt -0.0073 -0.00015
vt -0.001 0
vt -0.001 1e-07
vt 0.001 1e-07
vt 0.001 0
vt -0.0073 -0.00015
vt -0.0073 -0.00215
vt -0.0053 -0.00215
vt -0.0053 -0.00015
vt 0.001 0
vt 0.001 1e-07
vt -0.001 1e-07
vt -0.001 0
vt -0.001 0
vt -0.001 1e-07
vt 0.001 1e-07
vt 0.001 0
vt -0.001 0
vt -0.001 1e-07
vt 0.001 1e-07
vt 0.001 0
f 925/2773/692 926/2774/692 927/2775/692
f 927/2775/692 928/2776/692 925/2773/692
f 929/2777/693 928/2778/693 927/2779/693
f 927/2779/693 930/2780/693 929/2777/693
f 929/2781/694 930/2782/694 931/2783/694
f 931/2783/694 932/2784/694 929/2781/694
f 932/2785/695 925/2786/695 928/2787/695
f 928/2787/695 929/2788/695 932/2785/695
f 931/2789/696 926/2790/696 925/2791/696
f 925/2791/696 932/2792/696 931/2789/696
f 930/2793/697 927/2794/697 926/2795/697
f 926/2795/697 931/2796/697 930/2793/697
g ___06_(6)_(7)
v 0.0085 -0.0002 0.0060205 1 1 1
v 0.0085 -0.0002 0.0040205 1 1 1
v 0.0065 -0.0002 0.0040205 1 1 1
v 0.0065 -0.0002 0.0060205 1 1 1
v 0.0065 -0.0002001 0.0060205 1 1 1
v 0.0065 -0.0002001 0.0040205 1 1 1
v 0.0085 -0.0002001 0.0040205 1 1 1
v 0.0085 -0.0002001 0.0060205 1 1 1
vn -0 1 -0
vn -1 -0 -0
vn 0 -1 0
vn -0 0 1
vn 1 -0 -0
vn 0 -0 -1
vt -0.0053 -0.00015
vt -0.0053 -0.00215
vt -0.0073 -0.00215
vt -0.0073 -0.00015
vt -0.001 0
vt -0.001 1e-07
vt 0.001 1e-07
vt 0.001 0
vt -0.0073 -0.00015
vt -0.0073 -0.00215
vt -0.0053 -0.00215
vt -0.0053 -0.00015
vt 0.001 0
vt 0.001 1e-07
vt -0.001 1e-07
vt -0.001 0
vt -0.001 0
vt -0.001 1e-07
vt 0.001 1e-07
vt 0.001 0
vt -0.001 0
vt -0.001 1e-07
vt 0.001 1e-07
vt 0.001 0
f 933/2797/698 934/2798/698 935/2799/698
f 935/2799/698 936/2800/698 933/2797/698
f 937/2801/699 936/2802/699 935/2803/699
f 935/2803/699 938/2804/699 937/2801/699
f 937/2805/700 938/2806/700 939/2807/700
f 939/2807/700 940/2808/700 937/2805/700
f 940/2809/701 933/2810/701 936/2811/701
f 936/2811/701 937/2812/701 940/2809/701
f 939/2813/702 934/2814/702 933/2815/702
f 933/2815/702 940/2816/702 939/2813/702
f 938/2817/703 935/2818/703 934/2819/703
f 934/2819/703 939/2820/703 938/2817/703
g ___06_(7)_(4)
v 0.0065 0.00749981 2e-05 0.627451 0.627451 0.643137
v 0.0065 0.00749981 0.00202 0.627451 0.627451 0.643137
v 0.0045 0.00749981 0.00202 0.627451 0.627451 0.643137
v 0.0045 0.00749981 2e-05 0.627451 0.627451 0.643137
v 0.0045 0.00749991 2e-05 0.627451 0.627451 0.643137
v 0.0045 0.00749991 0.00202 0.627451 0.627451 0.643137
v 0.0065 0.00749991 0.00202 0.627451 0.627451 0.643137
v 0.0065 0.00749991 2e-05 0.627451 0.627451 0.643137
vn 0 -1 1.22465e-16
vn -1 0 0
vn 0 1 -1.22465e-16
vn 0 -1.22465e-16 -1
vn 1 0 0
vn 0 1.22465e-16 1
vt -0.0053 -0.00015
vt -0.0053 -0.00215
vt -0.0073 -0.00215
vt -0.0073 -0.00015
vt -0.001 0
vt -0.001 1e-07
vt 0.001 1e-07
vt 0.001 0
vt -0.0073 -0.00015
vt -0.0073 -0.00215
vt -0.0053 -0.00215
vt -0.0053 -0.00015
vt 0.001 0
vt 0.001 1e-07
vt -0.001 1e-07
vt -0.001 0
vt -0.001 0
vt -0.001 1e-07
vt 0.001 1e-07
vt 0.001 0
vt -0.001 0
vt -0.001 1e-07
vt 0.001 1e-07
vt 0.001 0
f 941/2821/704 942/2822/704 943/2823/704
f 943/2823/704 944/2824/704 941/2821/704
f 945/2825/705 944/2826/705 943/2827/705
f 943/2827/705 946/2828/705 945/2825/705
f 945/2829/706 946/2830/706 947/2831/706
f 947/2831/706 948/2832/706 945/2829/706
f 948/2833/707 941/2834/707 944/2835/707
f 944/2835/707 945/2836/707 948/2833/707
f 947/2837/708 942/2838/708 941/2839/708
f 941/2839/708 948/2840/708 947/2837/708
f 946/2841/709 943/2842/709 942/2843/709
f 942/2843/709 947/2844/709 946/2841/709
g ___06_(7)_(5)
v 0.0085 -0.0002 0.0040205 1 1 1
v 0.0085 -0.0002 0.0020205 1 1 1
v 0.0065 -0.0002 0.0020205 1 1 1
v 0.0065 -0.0002 0.0040205 1 1 1
v 0.0065 -0.0002001 0.0040205 1 1 1
v 0.0065 -0.0002001 0.0020205 1 1 1
v 0.0085 -0.0002001 0.0020205 1 1 1
v 0.0085 -0.0002001 0.0040205 1 1 1
vn -0 1 -0
vn -1 -0 -0
vn 0 -1 0
vn -0 0 1
vn 1 -0 -0
vn 0 -0 -1
vt -0.0053 -0.00015
vt -0.0053 -0.00215
vt -0.0073 -0.00215
vt -0.0073 -0.00015
vt -0.001 0
vt -0.001 1e-07
vt 0.001 1e-07
vt 0.001 0
vt -0.0073 -0.00015
vt -0.0073 -0.00215
vt -0.0053 -0.00215
vt -0.0053 -0.00015
vt 0.001 0
vt 0.001 1e-07
vt -0.001 1e-07
vt -0.001 0
vt -0.001 0
vt -0.001 1e-07
vt 0.001 1e-07
vt 0.001 0
vt -0.001 0
vt -0.001 1e-07
vt 0.001 1e-07
vt 0.001 0
f 949/2845/710 950/2846/710 951/2847/710
f 951/2847/710 952/2848/710 949/2845/710
f 953/2849/711 952/2850/711 951/2851/711
f 951/2851/711 954/2852/711 953/2849/711
f 953/2853/712 954/2854/712 955/2855/712
f 955/2855/712 956/2856/712 953/2853/712
f 956/2857/713 949/2858/713 952/2859/713
f 952/2859/713 953/2860/713 956/2857/713
f 955/2861/714 950/2862/714 949/2863/714
f 949/2863/714 956/2864/714 955/2861/714
f 954/2865/715 951/2866/715 950/2867/715
f 950/2867/715 955/2868/715 954/2865/715
g ___06_(8)_(2)
v 0.0085 0.00749981 0.0020205 0.627451 0.627451 0.643137
v 0.0085 0.00749981 0.0040205 0.627451 0.627451 0.643137
v 0.0065 0.00749981 0.0040205 0.627451 0.627451 0.643137
v 0.0065 0.00749981 0.0020205 0.627451 0.627451 0.643137
v 0.0065 0.00749991 0.0020205 0.627451 0.627451 0.643137
v 0.0065 0.00749991 0.0040205 0.627451 0.627451 0.643137
v 0.0085 0.00749991 0.0040205 0.627451 0.627451 0.643137
v 0.0085 0.00749991 0.0020205 0.627451 0.627451 0.643137
vn 0 -1 1.22465e-16
vn -1 0 0
vn 0 1 -1.22465e-16
vn 0 -1.22465e-16 -1
vn 1 0 0
vn 0 1.22465e-16 1
vt -0.0053 -0.00015
vt -0.0053 -0.00215
vt -0.0073 -0.00215
vt -0.0073 -0.00015
vt -0.001 0
vt -0.001 1e-07
vt 0.001 1e-07
vt 0.001 0
vt -0.0073 -0.00015
vt -0.0073 -0.00215
vt -0.0053 -0.00215
vt -0.0053 -0.00015
vt 0.001 0
vt 0.001 1e-07
vt -0.001 1e-07
vt -0.001 0
vt -0.001 0
vt -0.001 1e-07
vt 0.001 1e-07
vt 0.001 0
vt -0.001 0
vt -0.001 1e-07
vt 0.001 1e-07
vt 0.001 0
f 957/2869/716 958/2870/716 959/2871/716
f 959/2871/716 960/2872/716 957/2869/716
f 961/2873/717 960/2874/717 959/2875/717
f 959/2875/717 962/2876/717 961/2873/717
f 961/2877/718 962/2878/718 963/2879/718
f 963/2879/718 964/2880/718 961/2877/718
f 964/2881/719 957/2882/719 960/2883/719
f 960/2883/719 961/2884/719 964/2881/719
f 963/2885/720 958/2886/720 957/2887/720
f 957/2887/720 964/2888/720 963/2885/720
f 962/2889/721 959/2890/721 958/2891/721
f 958/2891/721 963/2892/721 962/2889/721
g ___06_(8)_(3)
v 0.0085 0.00749981 2e-05 0.627451 0.627451 0.643137
v 0.0085 0.00749981 0.00202 0.627451 0.627451 0.643137
v 0.0065 0.00749981 0.00202 0.627451 0.627451 0.643137
v 0.0065 0.00749981 2e-05 0.627451 0.627451 0.643137
v 0.0065 0.00749991 2e-05 0.627451 0.627451 0.643137
v 0.0065 0.00749991 0.00202 0.627451 0.627451 0.643137
v 0.0085 0.00749991 0.00202 0.627451 0.627451 0.643137
v 0.0085 0.00749991 2e-05 0.627451 0.627451 0.643137
vn 0 -1 1.22465e-16
vn -1 0 0
vn 0 1 -1.22465e-16
vn 0 -1.22465e-16 -1
vn 1 0 0
vn 0 1.22465e-16 1
vt -0.0053 -0.00015
vt -0.0053 -0.00215
vt -0.0073 -0.00215
vt -0.0073 -0.00015
vt -0.001 0
vt -0.001 1e-07
vt 0.001 1e-07
vt 0.001 0
vt -0.0073 -0.00015
vt -0.0073 -0.00215
vt -0.0053 -0.00215
vt -0.0053 -0.00015
vt 0.001 0
vt 0.001 1e-07
vt -0.001 1e-07
vt -0.001 0
vt -0.001 0
vt -0.001 1e-07
vt 0.001 1e-07
vt 0.001 0
vt -0.001 0
vt -0.001 1e-07
vt 0.001 1e-07
vt 0.001 0
f 965/2893/722 966/2894/722 967/2895/722
f 967/2895/722 968/2896/722 965/2893/722
f 969/2897/723 968/2898/723 967/2899/723
f 967/2899/723 970/2900/723 969/2897/723
f 969/2901/724 970/2902/724 971/2903/724
f 971/2903/724 972/2904/724 969/2901/724
f 972/2905/725 965/2906/725 968/2907/725
f 968/2907/725 969/2908/725 972/2905/725
f 971/2909/726 966/2910/726 965/2911/726
f 965/2911/726 972/2912/726 971/2909/726
f 970/2913/727 967/2914/727 966/2915/727
f 966/2915/727 971/2916/727 970/2913/727
g ___37_(1)
v 0.0085 -0.0002 0.0020205 0.627451 0.627451 0.643137
v 0.0085 -0.0002 0.0040205 0.627451 0.627451 0.643137
v 0.0085 0.0075 0.0040205 0.627451 0.627451 0.643137
v 0.0085 0.0075 0.0020205 0.627451 0.627451 0.643137
v 0.0085001 -0.0002 0.0020205 0.627451 0.627451 0.643137
v 0.0085001 0.0075 0.0020205 0.627451 0.627451 0.643137
v 0.0085001 0.0075 0.0040205 0.627451 0.627451 0.643137
v 0.0085001 -0.0002 0.0040205 0.627451 0.627451 0.643137
vn -1 -0 -0
vn 0 0 -1
vn 1 0 0
vn 0 -1 -0
vn 0 0 1
vn -0 1 0
vt -0.01 -0.0023
vt -0.01 -0.0003
vt -0.0023 -0.0003
vt -0.0023 -0.0023
vt 0.0089999 -0.00385
vt 0.009 -0.00385
vt 0.009 0.00385
vt 0.0089999 0.00385
vt -0.01 -0.0023
vt -0.0023 -0.0023
vt -0.0023 -0.0003
vt -0.01 -0.0003
vt 0.001 -0.0089999
vt 0.001 -0.009
vt -0.001 -0.009
vt -0.001 -0.0089999
vt -0.0089999 0.00385
vt -0.009 0.00385
vt -0.009 -0.00385
vt -0.0089999 -0.00385
vt -0.001 -0.0089999
vt -0.001 -0.009
vt 0.001 -0.009
vt 0.001 -0.0089999
f 973/2917/728 974/2918/728 975/2919/728
f 975/2919/728 976/2920/728 973/2917/728
f 977/2921/729 973/2922/729 976/2923/729
f 976/2923/729 978/2924/729 977/2921/729
f 977/2925/730 978/2926/730 979/2927/730
f 979/2927/730 980/2928/730 977/2925/730
f 980/2929/731 974/2930/731 973/2931/731
f 973/2931/731 977/2932/731 980/2929/731
f 979/2933/732 975/2934/732 974/2935/732
f 974/2935/732 980/2936/732 979/2933/732
f 978/2937/733 976/2938/733 975/2939/733
f 975/2939/733 979/2940/733 978/2937/733
g ___37_(1)_(2)
v 0.0085 -0.0002 2e-05 0.627451 0.627451 0.643137
v 0.0085 -0.0002 0.00202 0.627451 0.627451 0.643137
v 0.0085 0.0075 0.00202 0.627451 0.627451 0.643137
v 0.0085 0.0075 2e-05 0.627451 0.627451 0.643137
v 0.0085001 -0.0002 2e-05 0.627451 0.627451 0.643137
v 0.0085001 0.0075 2e-05 0.627451 0.627451 0.643137
v 0.0085001 0.0075 0.00202 0.627451 0.627451 0.643137
v 0.0085001 -0.0002 0.00202 0.627451 0.627451 0.643137
vn -1 -0 -0
vn 0 0 -1
vn 1 0 0
vn 0 -1 -0
vn 0 0 1
vn -0 1 0
vt -0.01 -0.0023
vt -0.01 -0.0003
vt -0.0023 -0.0003
vt -0.0023 -0.0023
vt 0.0089999 -0.00385
vt 0.009 -0.00385
vt 0.009 0.00385
vt 0.0089999 0.00385
vt -0.01 -0.0023
vt -0.0023 -0.0023
vt -0.0023 -0.0003
vt -0.01 -0.0003
vt 0.001 -0.0089999
vt 0.001 -0.009
vt -0.001 -0.009
vt -0.001 -0.0089999
vt -0.0089999 0.00385
vt -0.009 0.00385
vt -0.009 -0.00385
vt -0.0089999 -0.00385
vt -0.001 -0.0089999
vt -0.001 -0.009
vt 0.001 -0.009
vt 0.001 -0.0089999
f 981/2941/734 982/2942/734 983/2943/734
f 983/2943/734 984/2944/734 981/2941/734
f 985/2945/735 981/2946/735 984/2947/735
f 984/2947/735 986/2948/735 985/2945/735
f 985/2949/736 986/2950/736 987/2951/736
f 987/2951/736 988/2952/736 985/2949/736
f 988/2953/737 982/2954/737 981/2955/737
f 981/2955/737 985/2956/737 988/2953/737
f 987/2957/738 983/2958/738 982/2959/738
f 982/2959/738 988/2960/738 987/2957/738
f 986/2961/739 984/2962/739 983/2963/739
f 983/2963/739 987/2964/739 986/2961/739
g ___37_(1)_(3)
v -0.0075003 -0.0002 0.0040205 0.627451 0.627451 0.643137
v -0.0075003 -0.0002 0.0060205 0.627451 0.627451 0.643137
v -0.0075003 0.0075 0.0060205 0.627451 0.627451 0.643137
v -0.0075003 0.0075 0.0040205 0.627451 0.627451 0.643137
v -0.0075002 -0.0002 0.0040205 0.627451 0.627451 0.643137
v -0.0075002 0.0075 0.0040205 0.627451 0.627451 0.643137
v -0.0075002 0.0075 0.0060205 0.627451 0.627451 0.643137
v -0.0075002 -0.0002 0.0060205 0.627451 0.627451 0.643137
vn -1 0 2.44929e-16
vn -2.44929e-16 0 -1
vn 1 0 -2.44929e-16
vn 0 -1 0
vn 2.44929e-16 0 1
vn 0 1 0
vt -0.01 -0.0023
vt -0.01 -0.0003
vt -0.0023 -0.0003
vt -0.0023 -0.0023
vt 0.0089999 -0.00385
vt 0.009 -0.00385
vt 0.009 0.00385
vt 0.0089999 0.00385
vt -0.01 -0.0023
vt -0.0023 -0.0023
vt -0.0023 -0.0003
vt -0.01 -0.0003
vt 0.001 -0.0089999
vt 0.001 -0.009
vt -0.001 -0.009
vt -0.001 -0.0089999
vt -0.0089999 0.00385
vt -0.009 0.00385
vt -0.009 -0.00385
vt -0.0089999 -0.00385
vt -0.001 -0.0089999
vt -0.001 -0.009
vt 0.001 -0.009
vt 0.001 -0.0089999
f 989/2965/740 990/2966/740 991/2967/740
f 991/2967/740 992/2968/740 989/2965/740
f 993/2969/741 989/2970/741 992/2971/741
f 992/2971/741 994/2972/741 993/2969/741
f 993/2973/742 994/2974/742 995/2975/742
f 995/2975/742 996/2976/742 993/2973/742
f 996/2977/743 990/2978/743 989/2979/743
f 989/2979/743 993/2980/743 996/2977/743
f 995/2981/744 991/2982/744 990/2983/744
f 990/2983/744 996/2984/744 995/2981/744
f 994/2985/745 992/2986/745 991/2987/745
f 991/2987/745 995/2988/745 994/2985/745
g ___37_(2)
v -0.0075003 -0.0002 0.0020205 0.627451 0.627451 0.643137
v -0.0075003 -0.0002 0.0040205 0.627451 0.627451 0.643137
v -0.0075003 0.0075 0.0040205 0.627451 0.627451 0.643137
v -0.0075003 0.0075 0.0020205 0.627451 0.627451 0.643137
v -0.0075002 -0.0002 0.0020205 0.627451 0.627451 0.643137
v -0.0075002 0.0075 0.0020205 0.627451 0.627451 0.643137
v -0.0075002 0.0075 0.0040205 0.627451 0.627451 0.643137
v -0.0075002 -0.0002 0.0040205 0.627451 0.627451 0.643137
vn -1 0 2.44929e-16
vn -2.44929e-16 0 -1
vn 1 0 -2.44929e-16
vn 0 -1 0
vn 2.44929e-16 0 1
vn 0 1 0
vt -0.01 -0.0023
vt -0.01 -0.0003
vt -0.0023 -0.0003
vt -0.0023 -0.0023
vt 0.0089999 -0.00385
vt 0.009 -0.00385
vt 0.009 0.00385
vt 0.0089999 0.00385
vt -0.01 -0.0023
vt -0.0023 -0.0023
vt -0.0023 -0.0003
vt -0.01 -0.0003
vt 0.001 -0.0089999
vt 0.001 -0.009
vt -0.001 -0.009
vt -0.001 -0.0089999
vt -0.0089999 0.00385
vt -0.009 0.00385
vt -0.009 -0.00385
vt -0.0089999 -0.00385
vt -0.001 -0.0089999
vt -0.001 -0.009
vt 0.001 -0.009
vt 0.001 -0.0089999
f 997/2989/746 998/2990/746 999/2991/746
f 999/2991/746 1000/2992/746 997/2989/746
f 1001/2993/747 997/2994/747 1000/2995/747
f 1000/2995/747 1002/2996/747 1001/2993/747
f 1001/2997/748 1002/2998/748 1003/2999/748
f 1003/2999/748 1004/3000/748 1001/2997/748
f 1004/3001/749 998/3002/749 997/3003/749
f 997/3003/749 1001/3004/749 1004/3001/749
f 1003/3005/750 999/3006/750 998/3007/750
f 998/3007/750 1004/3008/750 1003/3005/750
f 1002/3009/751 1000/3010/751 999/3011/751
f 999/3011/751 1003/3012/751 1002/3009/751
g ___66_(2)
v -0.00340005 0.004 0.00202 1 1 1
v -0.00340005 0.004 2e-05 1 1 1
v -0.00730005 0.004 2e-05 1 1 1
v -0.00730005 0.004 0.00202 1 1 1
v -0.00730005 0.0039999 0.00202 1 1 1
v -0.00730005 0.0039999 2e-05 1 1 1
v -0.00340005 0.0039999 0.00202 1 1 1
v -0.00340005 0.0039999 2e-05 1 1 1
vn 6.12323e-17 1 -0
vn -1 6.12323e-17 0
vn -6.12323e-17 -1 0
vn 0 0 1
vn 1 -6.12323e-17 -0
vn -0 -0 -1
vt 0.0199 -0.0001
vt 0.0199 -0.0021
vt 0.016 -0.0021
vt 0.016 -0.0001
vt -0.001 0
vt -0.001 1e-07
vt 0.001 1e-07
vt 0.001 0
vt 0.0199 -0.0001
vt 0.016 -0.0001
vt 0.016 -0.0021
vt 0.0199 -0.0021
vt 1e-07 -0.001375
vt 1e-07 0.002525
vt -1.54612e-19 0.002525
vt -3.38525e-18 -0.001375
vt 0.001 0
vt 0.001 1e-07
vt -0.001 1e-07
vt -0.001 0
vt 1e-07 -0.001375
vt -3.38525e-18 -0.001375
vt -1.54612e-19 0.002525
vt 1e-07 0.002525
f 1005/3013/752 1006/3014/752 1007/3015/752
f 1007/3015/752 1008/3016/752 1005/3013/752
f 1009/3017/753 1008/3018/753 1007/3019/753
f 1007/3019/753 1010/3020/753 1009/3017/753
f 1011/3021/754 1009/3022/754 1010/3023/754
f 1010/3023/754 1012/3024/754 1011/3021/754
f 1005/3025/755 1008/3026/755 1009/3027/755
f 1009/3027/755 1011/3028/755 1005/3025/755
f 1012/3029/756 1006/3030/756 1005/3031/756
f 1005/3031/756 1011/3032/756 1012/3029/756
f 1006/3033/757 1012/3034/757 1010/3035/757
f 1010/3035/757 1007/3036/757 1006/3033/757
g ___38
v 0.0085001 0.0075 0.0060205 0.333333 0.239216 0.184314
v 0.0085001 0.0075 0.0040205 0.333333 0.239216 0.184314
v 0.0085001 0.0058 0.0040205 0.333333 0.239216 0.184314
v 0.0085001 0.0058 0.0060205 0.333333 0.239216 0.184314
v 0.0085003 0.0058 0.0060205 0.333333 0.239216 0.184314
v 0.0085003 0.0058 0.0040205 0.333333 0.239216 0.184314
v 0.0085003 0.0075 0.0040205 0.333333 0.239216 0.184314
v 0.0085003 0.0075 0.0060205 0.333333 0.239216 0.184314
vn -1 -0 -0
vn 0 -1 -0
vn 1 0 0
vn 0 0 1
vn -0 1 -0
vn -0 -0 -1
vt -0.0023 -0.0025
vt -0.0023 -0.0045
vt -0.004 -0.0045
vt -0.004 -0.0025
vt 0.001 0
vt 0.001 -2e-07
vt -0.001 -2e-07
vt -0.001 0
vt -0.004 -0.0025
vt -0.004 -0.0045
vt -0.0023 -0.0045
vt -0.0023 -0.0025
vt 0 0.00085
vt -2e-07 0.00085
vt -2e-07 -0.00085
vt 0 -0.00085
vt 0.001 0
vt 0.001 -2e-07
vt -0.001 -2e-07
vt -0.001 0
vt 0 -0.00085
vt -2e-07 -0.00085
vt -2e-07 0.00085
vt 0 0.00085
f 1013/3037/758 1014/3038/758 1015/3039/758
f 1015/3039/758 1016/3040/758 1013/3037/758
f 1017/3041/759 1016/3042/759 1015/3043/759
f 1015/3043/759 1018/3044/759 1017/3041/759
f 1017/3045/760 1018/3046/760 1019/3047/760
f 1019/3047/760 1020/3048/760 1017/3045/760
f 1020/3049/761 1013/3050/761 1016/3051/761
f 1016/3051/761 1017/3052/761 1020/3049/761
f 1019/3053/762 1014/3054/762 1013/3055/762
f 1013/3055/762 1020/3056/762 1019/3053/762
f 1018/3057/763 1015/3058/763 1014/3059/763
f 1014/3059/763 1019/3060/763 1018/3057/763
g ___38_(1)_(2)
v 0.0085001 0.0075 0.00202 0.333333 0.239216 0.184314
v 0.0085001 0.0075 2e-05 0.333333 0.239216 0.184314
v 0.0085001 0.0058 2e-05 0.333333 0.239216 0.184314
v 0.0085001 0.0058 0.00202 0.333333 0.239216 0.184314
v 0.0085003 0.0058 0.00202 0.333333 0.239216 0.184314
v 0.0085003 0.0058 2e-05 0.333333 0.239216 0.184314
v 0.0085003 0.0075 2e-05 0.333333 0.239216 0.184314
v 0.0085003 0.0075 0.00202 0.333333 0.239216 0.184314
vn -1 -0 -0
vn 0 -1 -0
vn 1 0 0
vn 0 0 1
vn -0 1 -0
vn -0 -0 -1
vt -0.0023 -0.0025
vt -0.0023 -0.0045
vt -0.004 -0.0045
vt -0.004 -0.0025
vt 0.001 0
vt 0.001 -2e-07
vt -0.001 -2e-07
vt -0.001 0
vt -0.004 -0.0025
vt -0.004 -0.0045
vt -0.0023 -0.0045
vt -0.0023 -0.0025
vt 0 0.00085
vt -2e-07 0.00085
vt -2e-07 -0.00085
vt 0 -0.00085
vt 0.001 0
vt 0.001 -2e-07
vt -0.001 -2e-07
vt -0.001 0
vt 0 -0.00085
vt -2e-07 -0.00085
vt -2e-07 0.00085
vt 0 0.00085
f 1021/3061/764 1022/3062/764 1023/3063/764
f 1023/3063/764 1024/3064/764 1021/3061/764
f 1025/3065/765 1024/3066/765 1023/3067/765
f 1023/3067/765 1026/3068/765 1025/3065/765
f 1025/3069/766 1026/3070/766 1027/3071/766
f 1027/3071/766 1028/3072/766 1025/3069/766
f 1028/3073/767 1021/3074/767 1024/3075/767
f 1024/3075/767 1025/3076/767 1028/3073/767
f 1027/3077/768 1022/3078/768 1021/3079/768
f 1021/3079/768 1028/3080/768 1027/3077/768
f 1026/3081/769 1023/3082/769 1022/3083/769
f 1022/3083/769 1027/3084/769 1026/3081/769
g ___38_(1)_(3)
v -0.0075002 0.0075 0.0060205 0.627451 0.627451 0.643137
v -0.0075002 0.0075 0.0040205 0.627451 0.627451 0.643137
v -0.0075002 0.0058 0.0040205 0.627451 0.627451 0.643137
v -0.0075002 0.0058 0.0060205 0.627451 0.627451 0.643137
v -0.0075 0.0058 0.0060205 0.627451 0.627451 0.643137
v -0.0075 0.0058 0.0040205 0.627451 0.627451 0.643137
v -0.0075 0.0075 0.0040205 0.627451 0.627451 0.643137
v -0.0075 0.0075 0.0060205 0.627451 0.627451 0.643137
vn -1 -0 -0
vn 0 -1 -0
vn 1 0 0
vn 0 0 1
vn -0 1 -0
vn -0 -0 -1
vt -0.0023 -0.0025
vt -0.0023 -0.0045
vt -0.004 -0.0045
vt -0.004 -0.0025
vt 0.001 0
vt 0.001 -2e-07
vt -0.001 -2e-07
vt -0.001 0
vt -0.004 -0.0025
vt -0.004 -0.0045
vt -0.0023 -0.0045
vt -0.0023 -0.0025
vt 0 0.00085
vt -2e-07 0.00085
vt -2e-07 -0.00085
vt 0 -0.00085
vt 0.001 0
vt 0.001 -2e-07
vt -0.001 -2e-07
vt -0.001 0
vt 0 -0.00085
vt -2e-07 -0.00085
vt -2e-07 0.00085
vt 0 0.00085
f 1029/3085/770 1030/3086/770 1031/3087/770
f 1031/3087/770 1032/3088/770 1029/3085/770
f 1033/3089/771 1032/3090/771 1031/3091/771
f 1031/3091/771 1034/3092/771 1033/3089/771
f 1033/3093/772 1034/3094/772 1035/3095/772
f 1035/3095/772 1036/3096/772 1033/3093/772
f 1036/3097/773 1029/3098/773 1032/3099/773
f 1032/3099/773 1033/3100/773 1036/3097/773
f 1035/3101/774 1030/3102/774 1029/3103/774
f 1029/3103/774 1036/3104/774 1035/3101/774
f 1034/3105/775 1031/3106/775 1030/3107/775
f 1030/3107/775 1035/3108/775 1034/3105/775
g ___38_(2)
v -0.0075002 0.0075 0.0040205 0.627451 0.627451 0.643137
v -0.0075002 0.0075 0.0020205 0.627451 0.627451 0.643137
v -0.0075002 0.0058 0.0020205 0.627451 0.627451 0.643137
v -0.0075002 0.0058 0.0040205 0.627451 0.627451 0.643137
v -0.0075 0.0058 0.0040205 0.627451 0.627451 0.643137
v -0.0075 0.0058 0.0020205 0.627451 0.627451 0.643137
v -0.0075 0.0075 0.0020205 0.627451 0.627451 0.643137
v -0.0075 0.0075 0.0040205 0.627451 0.627451 0.643137
vn -1 -0 -0
vn 0 -1 -0
vn 1 0 0
vn 0 0 1
vn -0 1 -0
vn -0 -0 -1
vt -0.0023 -0.0025
vt -0.0023 -0.0045
vt -0.004 -0.0045
vt -0.004 -0.0025
vt 0.001 0
vt 0.001 -2e-07
vt -0.001 -2e-07
vt -0.001 0
vt -0.004 -0.0025
vt -0.004 -0.0045
vt -0.0023 -0.0045
vt -0.0023 -0.0025
vt 0 0.00085
vt -2e-07 0.00085
vt -2e-07 -0.00085
vt 0 -0.00085
vt 0.001 0
vt 0.001 -2e-07
vt -0.001 -2e-07
vt -0.001 0
vt 0 -0.00085
vt -2e-07 -0.00085
vt -2e-07 0.00085
vt 0 0.00085
f 1037/3109/776 1038/3110/776 1039/3111/776
f 1039/3111/776 1040/3112/776 1037/3109/776
f 1041/3113/777 1040/3114/777 1039/3115/777
f 1039/3115/777 1042/3116/777 1041/3113/777
f 1041/3117/778 1042/3118/778 1043/3119/778
f 1043/3119/778 1044/3120/778 1041/3117/778
f 1044/3121/779 1037/3122/779 1040/3123/779
f 1040/3123/779 1041/3124/779 1044/3121/779
f 1043/3125/780 1038/3126/780 1037/3127/780
f 1037/3127/780 1044/3128/780 1043/3125/780
f 1042/3129/781 1039/3130/781 1038/3131/781
f 1038/3131/781 1043/3132/781 1042/3129/781
g ___39_(1)
v 0.0085001 -0.0002 0.0040205 0.333333 0.239216 0.184314
v 0.0085001 0.0037 0.0040205 0.333333 0.239216 0.184314
v 0.0085001 0.0037 0.0020205 0.333333 0.239216 0.184314
v 0.0085001 -0.0002 0.0020205 0.333333 0.239216 0.184314
v 0.0085003 -0.0002 0.0020205 0.333333 0.239216 0.184314
v 0.0085003 0.0037 0.0020205 0.333333 0.239216 0.184314
v 0.0085003 0.0037 0.0040205 0.333333 0.239216 0.184314
v 0.0085003 -0.0002 0.0040205 0.333333 0.239216 0.184314
vn -1 -0 -0
vn 0 0 -1
vn 1 0 0
vn 0 -1 0
vn 0 0 1
vn -0 1 0
vt -0.01 -0.0025
vt -0.0061 -0.0025
vt -0.0061 -0.0045
vt -0.01 -0.0045
vt -0 -0.00195
vt 2e-07 -0.00195
vt 2e-07 0.00195
vt 0 0.00195
vt -0.01 -0.0045
vt -0.0061 -0.0045
vt -0.0061 -0.0025
vt -0.01 -0.0025
vt -0.001 0
vt -0.001 -2e-07
vt 0.001 -2e-07
vt 0.001 0
vt 0 0.00195
vt -2e-07 0.00195
vt -2e-07 -0.00195
vt 0 -0.00195
vt -0.001 0
vt -0.001 -2e-07
vt 0.001 -2e-07
vt 0.001 0
f 1045/3133/782 1046/3134/782 1047/3135/782
f 1047/3135/782 1048/3136/782 1045/3133/782
f 1049/3137/783 1048/3138/783 1047/3139/783
f 1047/3139/783 1050/3140/783 1049/3137/783
f 1049/3141/784 1050/3142/784 1051/3143/784
f 1051/3143/784 1052/3144/784 1049/3141/784
f 1052/3145/785 1045/3146/785 1048/3147/785
f 1048/3147/785 1049/3148/785 1052/3145/785
f 1051/3149/786 1046/3150/786 1045/3151/786
f 1045/3151/786 1052/3152/786 1051/3149/786
f 1050/3153/787 1047/3154/787 1046/3155/787
f 1046/3155/787 1051/3156/787 1050/3153/787
g ___39_(1)_(2)
v 0.0085001 -0.0002 0.00202 0.333333 0.239216 0.184314
v 0.0085001 0.0037 0.00202 0.333333 0.239216 0.184314
v 0.0085001 0.0037 2e-05 0.333333 0.239216 0.184314
v 0.0085001 -0.0002 2e-05 0.333333 0.239216 0.184314
v 0.0085003 -0.0002 2e-05 0.333333 0.239216 0.184314
v 0.0085003 0.0037 2e-05 0.333333 0.239216 0.184314
v 0.0085003 0.0037 0.00202 0.333333 0.239216 0.184314
v 0.0085003 -0.0002 0.00202 0.333333 0.239216 0.184314
vn -1 -0 -0
vn 0 0 -1
vn 1 0 0
vn 0 -1 0
vn 0 0 1
vn -0 1 0
vt -0.01 -0.0025
vt -0.0061 -0.0025
vt -0.0061 -0.0045
vt -0.01 -0.0045
vt -0 -0.00195
vt 2e-07 -0.00195
vt 2e-07 0.00195
vt 0 0.00195
vt -0.01 -0.0045
vt -0.0061 -0.0045
vt -0.0061 -0.0025
vt -0.01 -0.0025
vt -0.001 0
vt -0.001 -2e-07
vt 0.001 -2e-07
vt 0.001 0
vt 0 0.00195
vt -2e-07 0.00195
vt -2e-07 -0.00195
vt 0 -0.00195
vt -0.001 0
vt -0.001 -2e-07
vt 0.001 -2e-07
vt 0.001 0
f 1053/3157/788 1054/3158/788 1055/3159/788
f 1055/3159/788 1056/3160/788 1053/3157/788
f 1057/3161/789 1056/3162/789 1055/3163/789
f 1055/3163/789 1058/3164/789 1057/3161/789
f 1057/3165/790 1058/3166/790 1059/3167/790
f 1059/3167/790 1060/3168/790 1057/3165/790
f 1060/3169/791 1053/3170/791 1056/3171/791
f 1056/3171/791 1057/3172/791 1060/3169/791
f 1059/3173/792 1054/3174/792 1053/3175/792
f 1053/3175/792 1060/3176/792 1059/3173/792
f 1058/3177/793 1055/3178/793 1054/3179/793
f 1054/3179/793 1059/3180/793 1058/3177/793
g ___39_(1)_(3)
v -0.0075002 -0.0002 0.0060205 0.627451 0.627451 0.643137
v -0.0075002 0.0037 0.0060205 0.627451 0.627451 0.643137
v -0.0075002 0.0037 0.0040205 0.627451 0.627451 0.643137
v -0.0075002 -0.0002 0.0040205 0.627451 0.627451 0.643137
v -0.0075 -0.0002 0.0040205 0.627451 0.627451 0.643137
v -0.0075 0.0037 0.0040205 0.627451 0.627451 0.643137
v -0.0075 0.0037 0.0060205 0.627451 0.627451 0.643137
v -0.0075 -0.0002 0.0060205 0.627451 0.627451 0.643137
vn -1 -0 -0
vn 0 0 -1
vn 1 0 0
vn 0 -1 0
vn 0 0 1
vn -0 1 0
vt -0.01 -0.0025
vt -0.0061 -0.0025
vt -0.0061 -0.0045
vt -0.01 -0.0045
vt -0 -0.00195
vt 2e-07 -0.00195
vt 2e-07 0.00195
vt 0 0.00195
vt -0.01 -0.0045
vt -0.0061 -0.0045
vt -0.0061 -0.0025
vt -0.01 -0.0025
vt -0.001 0
vt -0.001 -2e-07
vt 0.001 -2e-07
vt 0.001 0
vt 0 0.00195
vt -2e-07 0.00195
vt -2e-07 -0.00195
vt 0 -0.00195
vt -0.001 0
vt -0.001 -2e-07
vt 0.001 -2e-07
vt 0.001 0
f 1061/3181/794 1062/3182/794 1063/3183/794
f 1063/3183/794 1064/3184/794 1061/3181/794
f 1065/3185/795 1064/3186/795 1063/3187/795
f 1063/3187/795 1066/3188/795 1065/3185/795
f 1065/3189/796 1066/3190/796 1067/3191/796
f 1067/3191/796 1068/3192/796 1065/3189/796
f 1068/3193/797 1061/3194/797 1064/3195/797
f 1064/3195/797 1065/3196/797 1068/3193/797
f 1067/3197/798 1062/3198/798 1061/3199/798
f 1061/3199/798 1068/3200/798 1067/3197/798
f 1066/3201/799 1063/3202/799 1062/3203/799
f 1062/3203/799 1067/3204/799 1066/3201/799
g ___39_(2)
v -0.0075002 -0.0002 0.0040205 0.627451 0.627451 0.643137
v -0.0075002 0.0037 0.0040205 0.627451 0.627451 0.643137
v -0.0075002 0.0037 0.0020205 0.627451 0.627451 0.643137
v -0.0075002 -0.0002 0.0020205 0.627451 0.627451 0.643137
v -0.0075 -0.0002 0.0020205 0.627451 0.627451 0.643137
v -0.0075 0.0037 0.0020205 0.627451 0.627451 0.643137
v -0.0075 0.0037 0.0040205 0.627451 0.627451 0.643137
v -0.0075 -0.0002 0.0040205 0.627451 0.627451 0.643137
vn -1 -0 -0
vn 0 0 -1
vn 1 0 0
vn 0 -1 0
vn 0 0 1
vn -0 1 0
vt -0.01 -0.0025
vt -0.0061 -0.0025
vt -0.0061 -0.0045
vt -0.01 -0.0045
vt -0 -0.00195
vt 2e-07 -0.00195
vt 2e-07 0.00195
vt 0 0.00195
vt -0.01 -0.0045
vt -0.0061 -0.0045
vt -0.0061 -0.0025
vt -0.01 -0.0025
vt -0.001 0
vt -0.001 -2e-07
vt 0.001 -2e-07
vt 0.001 0
vt 0 0.00195
vt -2e-07 0.00195
vt -2e-07 -0.00195
vt 0 -0.00195
vt -0.001 0
vt -0.001 -2e-07
vt 0.001 -2e-07
vt 0.001 0
f 1069/3205/800 1070/3206/800 1071/3207/800
f 1071/3207/800 1072/3208/800 1069/3205/800
f 1073/3209/801 1072/3210/801 1071/3211/801
f 1071/3211/801 1074/3212/801 1073/3209/801
f 1073/3213/802 1074/3214/802 1075/3215/802
f 1075/3215/802 1076/3216/802 1073/3213/802
f 1076/3217/803 1069/3218/803 1072/3219/803
f 1072/3219/803 1073/3220/803 1076/3217/803
f 1075/3221/804 1070/3222/804 1069/3223/804
f 1069/3223/804 1076/3224/804 1075/3221/804
f 1074/3225/805 1071/3226/805 1070/3227/805
f 1070/3227/805 1075/3228/805 1074/3225/805
g ___66
v -0.002 7.00183e-05 1.8953e-05 0.627451 0.627451 0.643137
v 0.0085003 7.00183e-05 1.8953e-05 0.627451 0.627451 0.643137
v 0.0085002 -0.00012986 1.19731e-05 0.627451 0.627451 0.643137
v -0.002 -0.00012986 1.19731e-05 0.627451 0.627451 0.643137
v -0.002 -0.000199659 0.00201075 0.627451 0.627451 0.643137
v 0.0085002 -0.000199659 0.00201075 0.627451 0.627451 0.643137
v -0.002 2.19282e-07 0.00201773 0.627451 0.627451 0.643137
v 0.0085003 2.19282e-07 0.00201773 0.627451 0.627451 0.643137
vn -0 0.0348995 -0.999391
vn 0 -0.999391 -0.0348995
vn 0 -0.0348995 0.999391
vn -1 -0 -0
vn -0 0.999391 0.0348995
vn 1 -0.000499695 -1.74497e-05
vt -0.002 -0.0202
vt 0.0085003 -0.0202
vt 0.0085002 -0.0204
vt -0.002 -0.0204
vt 0 -0.0052501
vt -0.002 -0.0052501
vt -0.002 0.0052501
vt 0 0.0052501
vt -0.002 -0.0202
vt -0.002 -0.0204
vt 0.0085002 -0.0204
vt 0.0085003 -0.0202
vt 0.00199529 0.000169738
vt 0.00200227 -3.01401e-05
vt 3.48995e-06 -9.99391e-05
vt -3.48995e-06 9.99391e-05
vt 0 0.00525015
vt -0.002 0.00525015
vt -0.002 -0.00525015
vt 0 -0.00525015
vt 0.000169738 -0.00199529
vt 9.99391e-05 3.48995e-06
vt -9.99391e-05 -3.48995e-06
vt -3.01401e-05 -0.00200227
f 1077/3229/806 1078/3230/806 1079/3231/806
f 1079/3231/806 1080/3232/806 1077/3229/806
f 1081/3233/807 1080/3234/807 1079/3235/807
f 1079/3235/807 1082/3236/807 1081/3233/807
f 1083/3237/808 1081/3238/808 1082/3239/808
f 1082/3239/808 1084/3240/808 1083/3237/808
f 1077/3241/809 1080/3242/809 1081/3243/809
f 1081/3243/809 1083/3244/809 1077/3241/809
f 1084/3245/810 1078/3246/810 1077/3247/810
f 1077/3247/810 1083/3248/810 1084/3245/810
f 1078/3249/811 1084/3250/811 1082/3251/811
f 1082/3251/811 1079/3252/811 1078/3249/811
g ___66_(3)
v -0.002 6e-05 0.00202 1 1 1
v -0.002 6e-05 2e-05 1 1 1
v -0.002 0.00396 2e-05 1 1 1
v -0.002 0.00396 0.00202 1 1 1
v -0.0020001 0.00396 0.00202 1 1 1
v -0.0020001 0.00396 2e-05 1 1 1
v -0.0020001 6e-05 0.00202 1 1 1
v -0.0020001 6e-05 2e-05 1 1 1
vn 1 -0 -0
vn 0 1 0
vn -1 0 0
vn 0 0 1
vn -0 -1 -0
vn -0 -0 -1
vt 0.0199 -0.0001
vt 0.0199 -0.0021
vt 0.016 -0.0021
vt 0.016 -0.0001
vt -0.001 0
vt -0.001 1e-07
vt 0.001 1e-07
vt 0.001 0
vt 0.0199 -0.0001
vt 0.016 -0.0001
vt 0.016 -0.0021
vt 0.0199 -0.0021
vt 0 -0.001375
vt 1e-07 -0.001375
vt 1e-07 0.002525
vt 0 0.002525
vt 0.001 0
vt 0.001 1e-07
vt -0.001 1e-07
vt -0.001 0
vt 0 0.002525
vt 1e-07 0.002525
vt 1e-07 -0.001375
vt 0 -0.001375
f 1085/3253/812 1086/3254/812 1087/3255/812
f 1087/3255/812 1088/3256/812 1085/3253/812
f 1089/3257/813 1088/3258/813 1087/3259/813
f 1087/3259/813 1090/3260/813 1089/3257/813
f 1091/3261/814 1089/3262/814 1090/3263/814
f 1090/3263/814 1092/3264/814 1091/3261/814
f 1091/3265/815 1085/3266/815 1088/3267/815
f 1088/3267/815 1089/3268/815 1091/3265/815
f 1092/3269/816 1086/3270/816 1085/3271/816
f 1085/3271/816 1091/3272/816 1092/3269/816
f 1090/3273/817 1087/3274/817 1086/3275/817
f 1086/3275/817 1092/3276/817 1090/3273/817
g ___68
v -0.002 0.004 0.00202 1 1 1
v -0.002 0.004 2e-05 1 1 1
v -0.0034 0.004 2e-05 1 1 1
v -0.0034 0.004 0.00202 1 1 1
v -0.0034 0.0039999 0.00202 1 1 1
v -0.0034 0.0039999 2e-05 1 1 1
v -0.002 0.0039999 2e-05 1 1 1
v -0.002 0.0039999 0.00202 1 1 1
vn -0 1 -0
vn -1 0 0
vn 0 -1 0
vn -0 0 1
vn 1 0 0
vn -0 -0 -1
vt 0.0022 -0.002
vt 0.0042 -0.002
vt 0.0042 -0.0034
vt 0.0022 -0.0034
vt 0.001 0
vt 0.001 1e-07
vt -0.001 1e-07
vt -0.001 0
vt 0.0022 -0.0034
vt 0.0042 -0.0034
vt 0.0042 -0.002
vt 0.0022 -0.002
vt 0.0007 0
vt 0.0007 1e-07
vt -0.0007 1e-07
vt -0.0007 0
vt 0.001 0
vt 0.001 1e-07
vt -0.001 1e-07
vt -0.001 0
vt 0.0007 0
vt 0.0007 1e-07
vt -0.0007 1e-07
vt -0.0007 0
f 1093/3277/818 1094/3278/818 1095/3279/818
f 1095/3279/818 1096/3280/818 1093/3277/818
f 1097/3281/819 1096/3282/819 1095/3283/819
f 1095/3283/819 1098/3284/819 1097/3281/819
f 1097/3285/820 1098/3286/820 1099/3287/820
f 1099/3287/820 1100/3288/820 1097/3285/820
f 1100/3289/821 1093/3290/821 1096/3291/821
f 1096/3291/821 1097/3292/821 1100/3289/821
f 1099/3293/822 1094/3294/822 1093/3295/822
f 1093/3295/822 1100/3296/822 1099/3293/822
f 1098/3297/823 1095/3298/823 1094/3299/823
f 1094/3299/823 1099/3300/823 1098/3297/823
g ___70
v 0.0085 0 0 0.627451 0.627451 0.643137
v -0.0075 0 0 0.627451 0.627451 0.643137
v -0.0075 0.008 0 0.627451 0.627451 0.643137
v 0.0085 0.008 0 0.627451 0.627451 0.643137
v -0.0075 0 5e-07 0.627451 0.627451 0.643137
v 0.0085 0 5e-07 0.627451 0.627451 0.643137
v 0.0085 0.008 5e-07 0.627451 0.627451 0.643137
v -0.0075 0.008 5e-07 0.627451 0.627451 0.643137
vn -0 -0 -1
vn -0 -1 -0
vn 0 0 1
vn -1 -0 0
vn -2.1684e-16 1 0
vn 1 0 -0
vt 0.0085 0
vt -0.0075 0
vt -0.0075 0.008
vt 0.0085 0.008
vt 2e-07 -0.008
vt -3e-07 -0.008
vt -3e-07 0.008
vt 2e-07 0.008
vt 0.0085 0
vt 0.0085 0.008
vt -0.0075 0.008
vt -0.0075 0
vt -2e-07 0.004
vt 3e-07 0.004
vt 3e-07 -0.004
vt -2e-07 -0.004
vt -0.008 2e-07
vt -0.008 -3e-07
vt 0.008 -3e-07
vt 0.008 2e-07
vt -2e-07 -0.004
vt 3e-07 -0.004
vt 3e-07 0.004
vt -2e-07 0.004
f 1101/3301/824 1102/3302/824 1103/3303/824
f 1103/3303/824 1104/3304/824 1101/3301/824
f 1105/3305/825 1102/3306/825 1101/3307/825
f 1101/3307/825 1106/3308/825 1105/3305/825
f 1106/3309/826 1107/3310/826 1108/3311/826
f 1108/3311/826 1105/3312/826 1106/3309/826
f 1108/3313/827 1103/3314/827 1102/3315/827
f 1102/3315/827 1105/3316/827 1108/3313/827
f 1107/3317/828 1104/3318/828 1103/3319/828
f 1103/3319/828 1108/3320/828 1107/3317/828
f 1106/3321/829 1101/3322/829 1104/3323/829
f 1104/3323/829 1107/3324/829 1106/3321/829
g ___70_(1)
v 0.0085 -0.0002 0.00202 0.627451 0.627451 0.643137
v -0.0075 -0.0002 0.00202 0.627451 0.627451 0.643137
v -0.0075 0.0078 0.00202 0.627451 0.627451 0.643137
v 0.0085 0.0078 0.00202 0.627451 0.627451 0.643137
v -0.0075 -0.0002 0.0020205 0.627451 0.627451 0.643137
v 0.0085 -0.0002 0.0020205 0.627451 0.627451 0.643137
v 0.0085 0.0078 0.0020205 0.627451 0.627451 0.643137
v -0.0075 0.0078 0.0020205 0.627451 0.627451 0.643137
vn -0 -0 -1
vn -0 -1 -0
vn 0 0 1
vn -1 -0 0
vn -2.1684e-16 1 0
vn 1 0 -0
vt 0.0085 0
vt -0.0075 0
vt -0.0075 0.008
vt 0.0085 0.008
vt 2e-07 -0.008
vt -3e-07 -0.008
vt -3e-07 0.008
vt 2e-07 0.008
vt 0.0085 0
vt 0.0085 0.008
vt -0.0075 0.008
vt -0.0075 0
vt -2e-07 0.004
vt 3e-07 0.004
vt 3e-07 -0.004
vt -2e-07 -0.004
vt -0.008 2e-07
vt -0.008 -3e-07
vt 0.008 -3e-07
vt 0.008 2e-07
vt -2e-07 -0.004
vt 3e-07 -0.004
vt 3e-07 0.004
vt -2e-07 0.004
f 1109/3325/830 1110/3326/830 1111/3327/830
f 1111/3327/830 1112/3328/830 1109/3325/830
f 1113/3329/831 1110/3330/831 1109/3331/831
f 1109/3331/831 1114/3332/831 1113/3329/831
f 1114/3333/832 1115/3334/832 1116/3335/832
f 1116/3335/832 1113/3336/832 1114/3333/832
f 1116/3337/833 1111/3338/833 1110/3339/833
f 1110/3339/833 1113/3340/833 1116/3337/833
f 1115/3341/834 1112/3342/834 1111/3343/834
f 1111/3343/834 1116/3344/834 1115/3341/834
f 1114/3345/835 1109/3346/835 1112/3347/835
f 1112/3347/835 1115/3348/835 1114/3345/835
g ___70_(3)
v 0.0085 -0.0002 0.00602 0.627451 0.627451 0.643137
v -0.0075 -0.0002 0.00602 0.627451 0.627451 0.643137
v -0.0075 0.0078 0.00602 0.627451 0.627451 0.643137
v 0.0085 0.0078 0.00602 0.627451 0.627451 0.643137
v -0.0075 -0.0002 0.0060205 0.627451 0.627451 0.643137
v 0.0085 -0.0002 0.0060205 0.627451 0.627451 0.643137
v 0.0085 0.0078 0.0060205 0.627451 0.627451 0.643137
v -0.0075 0.0078 0.0060205 0.627451 0.627451 0.643137
vn -0 -0 -1
vn -0 -1 -0
vn 0 0 1
vn -1 -0 0
vn -2.1684e-16 1 0
vn 1 0 -0
vt 0.0085 0
vt -0.0075 0
vt -0.0075 0.008
vt 0.0085 0.008
vt 2e-07 -0.008
vt -3e-07 -0.008
vt -3e-07 0.008
vt 2e-07 0.008
vt 0.0085 0
vt 0.0085 0.008
vt -0.0075 0.008
vt -0.0075 0
vt -2e-07 0.004
vt 3e-07 0.004
vt 3e-07 -0.004
vt -2e-07 -0.004
vt -0.008 2e-07
vt -0.008 -3e-07
vt 0.008 -3e-07
vt 0.008 2e-07
vt -2e-07 -0.004
vt 3e-07 -0.004
vt 3e-07 0.004
vt -2e-07 0.004
f 1117/3349/836 1118/3350/836 1119/3351/836
f 1119/3351/836 1120/3352/836 1117/3349/836
f 1121/3353/837 1118/3354/837 1117/3355/837
f 1117/3355/837 1122/3356/837 1121/3353/837
f 1122/3357/838 1123/3358/838 1124/3359/838
f 1124/3359/838 1121/3360/838 1122/3357/838
f 1124/3361/839 1119/3362/839 1118/3363/839
f 1118/3363/839 1121/3364/839 1124/3361/839
f 1123/3365/840 1120/3366/840 1119/3367/840
f 1119/3367/840 1124/3368/840 1123/3365/840
f 1122/3369/841 1117/3370/841 1120/3371/841
f 1120/3371/841 1123/3372/841 1122/3369/841
